target_contrast_gene_name,PC1,PC2,PC3,PC4,PC5,PC6,PC7,PC8,PC9,PC10,PC11,PC12,PC13,PC14,PC15,PC16,PC17,PC18,PC19,PC20,PC21,PC22,PC23,PC24,PC25,PC26,PC27,PC28,PC29,PC30,PC31,PC32,PC33,PC34,PC35,PC36,PC37,PC38,PC39,PC40,PC41,PC42,PC43,PC44,PC45,PC46,PC47,PC48,PC49,PC50,PC51,PC52,PC53,PC54,PC55,PC56,PC57,PC58,PC59,PC60,PC61,PC62,PC63,PC64,PC65,PC66,PC67,PC68,PC69,PC70
ACAD11,-21.181965,1.4715071,-0.49484956,-2.2406852,-8.2394285,20.307388,-10.59703,1.8476609,-5.0128064,-3.0344212,3.3606658,7.4370317,5.0124083,9.469783,-2.2264185,3.859433,-0.524329,2.8801498,0.074857846,2.923113,1.0438186,8.678502,9.95725,5.423416,-3.9531925,3.4210649,-4.259977,-0.67469025,14.108693,1.6568503,5.8264966,-1.8689839,0.43700758,-4.0521936,4.240165,-4.557025,-5.7438526,-5.6380806,-1.8802652,-0.8993429,-5.160099,-2.2926075,-1.8179194,0.55051863,2.1770456,0.3127777,1.6618601,-0.47529987,-1.0252278,-0.74938565,-0.1399357,-0.36859724,-3.3284094,7.338961,4.816501,2.1576898,-5.431419,-0.84800756,-2.7305799,0.62334305,-2.8170176,-0.87159914,0.9900588,1.298348,-0.1869421,-1.0292007,-1.1491113,-0.7761284,-3.1420035,-0.5050331
ACLY,-12.301754,9.619284,-5.8835855,-1.1977701,15.4010105,5.7747645,11.846646,-8.930312,13.790862,5.427271,11.039518,4.960332,-13.617167,-1.9626015,1.2603624,3.3642807,-11.14754,-7.123313,-11.977588,5.06397,10.781246,-6.0546484,-0.3029905,-5.4658575,15.44098,10.308511,-0.46771544,-0.2612041,3.9025178,1.4907088,-5.5946984,5.4429007,5.2604136,1.9602877,1.1966624,-8.993477,4.099899,-2.5748732,-7.4360294,10.737342,0.07570555,0.6566258,-0.08966076,-4.187678,-2.4714003,0.009755856,14.438884,-1.892839,4.733038,-10.034577,-0.025642207,-0.0928358,2.191016,8.9570675,4.146587,-4.1066737,0.9427221,5.0845537,2.8589454,-2.4274504,2.716048,-2.4936607,6.955404,1.4958298,-3.6467664,-3.679411,5.271088,-0.21995081,-4.065783,-6.517867
ACTR2,11.398644,-4.82782,3.4925025,-21.00897,-2.5861552,7.931578,1.9941809,3.725336,-11.855473,11.999564,-17.717474,-8.911705,13.378106,0.61499363,4.602431,-3.2551033,2.9689956,2.8620186,-7.0555563,3.6968539,-0.3191794,-6.0679903,-1.83293,-7.386923,-2.632005,0.60767627,6.774233,-4.2131143,8.4108,-6.724166,-2.2070403,4.0733485,1.5128536,0.94180435,-2.6391566,-1.6831224,0.5870292,-0.1759124,4.8092313,2.7729595,0.17276087,-0.8562989,-1.7006578,1.0718336,0.9878635,4.872301,-1.5591131,0.99682397,3.2145567,0.57440525,2.1816602,-2.0686288,2.1915762,-0.68942887,0.074185915,3.3718796,3.688936,1.9709456,0.95527196,-2.8200622,-1.4088607,2.76981,-1.9945141,4.297965,1.1492281,-1.947105,-1.3356818,-1.9342599,1.8895875,-1.3183765
ACTR3,-9.843197,8.860971,6.2376714,-8.925859,-7.019172,-2.4065366,-4.8643613,-6.5611763,0.13785179,-2.6892142,-10.385559,5.9870796,4.8128943,0.10159668,3.6251507,-2.218581,2.3938396,2.9048798,-2.7530265,0.24605751,-2.423731,-6.6453576,-1.2095454,-3.519099,-6.471486,3.2754912,5.7541184,-4.30744,2.5146747,-3.4741673,-2.4900277,2.9614143,1.1705115,-2.9886205,-1.3965307,0.17051302,-3.0479584,1.9272597,4.437719,-0.46512803,-0.8854046,1.3334213,-0.16134442,-1.0022986,-2.5269344,3.889495,2.8321693,-0.24614765,5.1344323,2.8063788,-2.403462,-3.629857,3.411872,1.8109505,-0.19471787,4.7743425,0.1533238,0.8342607,-0.8765699,-1.8631581,-1.7716013,0.41635287,-2.4205453,2.385953,0.7698176,-4.248409,-0.47328132,-0.44267914,-0.6184562,1.7367945
ACTR5,-1.1082509,-0.9077001,2.855486,-9.915127,-5.9192815,4.300502,-2.2467086,-6.3981485,-7.524739,-3.3254085,-10.079322,3.221909,-1.4796762,0.0153574385,-3.4277463,8.400525,10.748217,6.7154202,-0.55262756,0.4969162,16.484423,-10.189884,0.98227173,12.680328,12.322629,-6.7408495,-7.267436,-1.0037221,-0.7226874,-5.8859234,-3.8922424,-5.0111523,1.7983402,-3.968351,-2.7861044,1.6625928,-1.5976201,-3.711693,2.4532032,-3.9845483,1.0440305,1.6679657,-0.9862835,-6.4682083,4.9531054,5.843253,1.1863532,-1.5138276,-4.1007915,3.3371937,6.49985,4.8374996,-2.6170733,-4.3781853,2.6174002,8.129736,4.4878416,-5.0806146,-3.9951925,-0.1327761,3.091108,-1.6646339,4.2300954,-4.4886637,-4.87495,0.08581773,-0.95379186,1.1777275,7.1157694,5.6429453
ACTR8,-19.280336,-7.2876043,-14.742438,-0.17190452,-6.463616,7.197928,1.493028,-15.859944,-12.25267,-9.016741,-7.1176124,8.843696,1.5763333,-4.060084,3.15482,5.2903423,1.306467,13.154676,-9.011278,-2.2722094,14.777969,-6.240476,-2.2413762,13.928859,11.596442,-11.476763,-3.6553073,0.54264295,1.3549045,-2.614325,-3.8174849,-8.520157,-3.345502,-2.023135,2.4989953,-3.501554,-1.7758821,0.9666369,-1.2809649,-0.55454123,-2.6571083,2.2453694,-1.6335638,-5.763446,5.7872458,4.77045,1.494844,-8.046598,0.757904,-1.4005461,0.46873894,-0.7832044,-1.5565939,-2.1022935,0.8469549,2.7646475,-0.29773045,-1.6260192,-0.766815,0.30705175,2.7646775,-2.4533017,-2.4378943,2.3257713,3.3441944,0.737306,0.5097137,-3.211216,1.5154545,1.17479
ADAM19,-22.462606,-4.1373267,2.6027033,10.424595,-7.0337644,-3.421909,-14.033966,0.21085861,1.9701531,-14.708034,0.2470403,4.0409336,-3.2459524,7.3171954,-2.9678128,1.7948073,-9.135717,-2.9382598,1.9593946,-3.8656802,-1.493871,-2.9719813,-11.018501,-2.1484065,-1.99999,-3.8396454,-4.3104677,-8.30594,-2.0732832,0.25557053,2.6538382,4.6402245,0.45932925,0.97628725,6.352432,-3.4225073,0.18190499,-1.0328592,1.6227785,-1.8794591,-5.7478185,5.2407537,-1.9439596,-5.8781123,-2.4687645,0.1945615,3.09174,2.7204335,-2.7898726,-0.1749725,0.2378919,1.1260628,0.27204826,5.7759604,-2.7933257,4.0628343,0.42985776,-1.4758825,2.2833836,-4.2452817,-1.9452137,0.34267956,-2.8046947,4.81418,0.5502021,-0.49635324,-1.0411785,4.782353,3.9356916,0.55781245
ADAT2,-15.206115,15.026203,-9.296347,-0.67664665,-10.639428,10.182245,13.461884,11.804393,-0.5784006,4.3874354,1.6572561,-1.530227,13.480603,0.1519567,10.793706,3.525856,-11.801279,1.2371249,1.3933729,4.0927677,3.0407758,-7.5017557,-10.131992,3.9459667,-3.1452365,5.904395,-4.8729157,5.5592976,-1.0798373,2.9085977,1.5145103,0.58392876,-10.208344,-0.6313761,-0.058878325,0.19334693,-3.694735,-6.2637563,-1.966098,-1.5499113,-2.0376654,-4.552378,2.2303932,0.98024094,0.67805254,0.08106663,-4.882801,-2.0008867,-0.10358119,-0.8662109,2.1535375,-7.3152843,0.483384,-0.74394906,-1.781677,-3.506802,1.6925765,2.073008,-1.6172678,-5.21151,-0.36294216,-3.314208,-2.1789794,2.4799159,3.585708,0.5504817,-0.044283267,0.25007385,-1.1303737,0.14123954
ADAT3,-19.512869,9.517177,-15.476013,7.2931795,-5.880338,14.153394,17.125313,9.017385,5.723585,-0.34097365,2.8903203,-2.2233658,10.978762,-3.2857642,10.933405,0.60068995,-9.004939,2.699392,2.149332,4.01575,0.21096732,-5.5141144,-5.755791,3.3957484,-1.9304382,4.4589396,-4.421353,6.1754646,-2.8418715,3.1377025,-0.93681085,-0.9307943,-10.142155,1.0563966,-0.5689087,0.09310672,0.03328775,-3.9994614,-3.0287302,-1.3720585,-1.7292039,-4.4039545,2.431195,-0.15893142,0.3933959,-1.2268444,-4.413019,-2.3603396,0.38285196,-0.6422864,-2.1446457,-6.1957736,0.2475887,2.5831742,-1.5732534,-2.8522685,3.30392,3.1211894,-1.619753,-4.1867423,0.49824986,-5.0451555,0.29360908,0.6539405,-0.036576055,-0.5992547,-2.5324163,0.9811583,-3.2791703,1.8044771
ADNP2,-32.770836,-17.805948,14.343805,-11.446927,3.632399,9.561732,-1.0439484,-11.925394,2.5160847,0.5112761,6.3134537,2.196093,-0.9075709,0.1467728,-3.973729,-1.6913869,-0.17440343,-0.3134111,-2.6613839,7.8978662,-0.3824064,2.047815,1.8209828,-2.3549845,1.5951394,0.20212498,0.2962008,-2.6238785,-0.55286974,-2.7005646,1.2179298,2.5393913,-2.5020957,2.5907874,-5.941499,-1.6866292,-2.27189,-0.52145547,-0.5094723,0.06661088,2.9868553,-1.1695641,-1.9951915,-2.3596995,1.934255,-2.7228482,0.512267,0.48594195,-1.9781605,2.1176991,-0.24842577,-0.34774002,-2.7082613,-1.3200513,0.58178574,-0.9417144,0.9057078,3.2068348,2.3122253,-1.6679953,-1.9563768,0.5851912,-1.6159697,-2.3014085,-0.6610315,-1.6680224,-0.8757682,0.89423937,-0.15218328,1.6605788
AHR,-2.229827,9.203167,40.70363,-29.8396,-1.1060376,17.794071,-5.441854,-11.580597,-1.9119372,-1.6869328,2.0503023,9.107541,-8.395832,-13.736807,-1.9107041,1.6225233,1.8790662,-4.224993,6.476341,7.4481025,-11.927297,6.7241144,-14.647586,-17.356077,7.305157,3.3748574,3.8869953,-2.874635,-6.5522118,5.5033655,-7.830585,-2.0406234,-2.8476653,0.1813756,5.662423,-4.959574,-11.693071,-7.310824,-6.590355,2.7346492,-2.6994596,4.034011,-9.16808,2.7982986,2.6322088,-8.792506,-5.9871893,-5.5778294,-2.1138878,3.0206847,-0.89419043,2.79005,-0.03361293,0.9940339,-0.8856808,3.5783546,-3.175075,-4.3688483,-0.4842691,2.0244598,1.831428,-3.278242,-0.6871083,0.0025164608,-0.8397698,-0.6855481,-5.0079374,-5.2487817,0.13192874,1.6670431
AIP,-0.44460675,15.136019,13.337065,-9.013845,-5.1977077,8.775138,5.0761747,-7.8713202,4.6254454,2.6817012,0.23157339,0.8634323,-2.4722939,-4.7950563,-1.397737,3.438656,-4.09731,-0.49121806,7.497115,2.57407,6.635075,7.6422486,0.13773738,-7.8443475,-1.1151077,-2.4121618,4.2240314,-1.4672519,-10.950002,-5.2331624,-5.8688893,-2.136139,1.8593504,-4.220694,1.4877541,-0.78705925,-2.3240876,-0.46025878,-4.023524,-3.7955544,-4.014846,7.3294535,-0.76045656,-1.5712428,1.7559831,-5.1442294,4.3460865,2.609997,-3.3608649,0.66449815,-1.1996171,1.4211216,0.043004386,-0.2292798,2.0694797,0.9575394,-1.7158127,-7.1974497,0.70289814,-0.55676347,2.435438,-1.9288741,-1.6334288,-5.071164,-0.16791558,1.2494004,5.0737815,-2.9865093,-4.5607605,-0.42604804
ALG6,10.312598,-10.595242,1.2956315,-4.605042,-0.33521134,14.578791,9.42211,15.424288,8.988828,-3.441208,-8.156746,14.061461,-4.046684,3.3085845,1.281616,4.6894712,3.191847,1.2086887,-4.3035617,-2.638245,-0.95600307,4.2172594,0.0066508576,-3.1933327,2.223713,-0.39056715,-2.0454063,-0.43241048,1.9509948,3.9046874,2.1801665,3.1541598,-0.20592563,-0.90364045,-1.1818211,0.29645643,-0.2183411,-0.14644985,1.1132128,-1.772107,1.5380558,-1.2273768,-3.0648959,-0.4171283,2.6893766,-0.19715022,-0.95580083,0.04733797,-0.28047636,-0.5006156,-2.4356003,2.9553947,2.4574008,-2.3827126,2.0788531,-1.9334804,0.70587254,-0.37305677,-0.19102336,-0.801004,3.348899,-1.6952088,2.8459342,-1.4344312,0.19455686,-2.0403106,-0.81450653,-1.130165,-0.7041116,0.10320999
ALG8,22.329632,-11.482835,-0.771975,4.85883,-2.9408848,6.0703306,8.313506,22.828426,13.869863,-0.5571598,-8.279395,10.014437,-4.2099776,2.6006918,1.5100492,7.3998017,3.102687,2.7185848,-2.5993695,-9.28042,-2.4025002,4.8459997,-1.9695604,-2.3707612,6.0822024,0.5696201,-0.7305128,-0.6954847,1.5742737,1.8194438,1.6818372,-0.3463848,1.884232,3.476935,1.7384055,1.9827982,0.25277618,0.67560214,1.4521202,-3.2983532,-2.502682,-1.6645085,-0.40188447,0.13319466,0.8291359,-0.29627928,1.4695055,-1.8881696,1.2337092,-1.4783776,-2.800523,0.2731904,3.47688,-0.9620508,3.4488163,-3.3640792,0.17545816,-0.45768097,-0.7884913,1.1727265,0.6116981,-1.0716463,0.7344665,-1.6520393,1.3670641,0.91744167,-1.955938,1.0520281,-1.62605,1.9856156
ALKBH2,-20.925852,-0.68502396,-3.483571,8.419197,-11.528609,-8.920368,-6.3684406,3.1696787,-3.2263863,-1.9847342,8.099009,3.7790844,-5.134965,3.6125336,-6.333101,-3.5764391,-2.0801182,-4.7551136,1.2866548,-7.4800186,3.5616548,-7.510211,-5.56473,-2.8017662,0.09233319,-4.6040864,0.17450005,-7.6141315,-3.247556,0.7616952,3.9173496,2.949052,1.5112071,-0.4210755,1.7789094,0.0941329,1.2295622,-1.200932,3.2605069,-2.7201064,-1.6194503,-0.39691207,-4.66589,-2.0629299,-1.5079886,-1.242944,2.2642975,1.2890098,-0.5207347,2.2387898,-0.008587755,-3.5938983,-4.8566136,4.491203,-1.921018,4.869642,-0.16081323,-1.6484721,-0.8876558,-0.2059505,0.35719192,0.9725188,-2.4698048,2.4192493,-1.1744773,-1.8354642,-0.2073496,-1.7389233,-0.19422497,3.1303375
AMD1,-18.85474,7.1425424,0.43030328,-9.627345,-2.0682943,-0.1608643,11.162436,1.457644,-10.689077,-3.8635473,8.169457,-0.83184534,3.8974779,1.5101343,-5.553486,0.4291372,-4.1486435,0.8677361,-1.3537662,-5.7576156,2.2850337,3.0377457,-0.10796792,-1.3017403,-2.0743864,-3.5901327,-0.09628452,-5.2406487,3.9544096,2.656594,-5.270179,2.0175064,-2.7083175,-3.0292268,-0.82605433,-1.3207368,-0.69954836,-1.5762947,-2.2348914,2.0415907,-2.9014,3.8533478,0.54260486,-0.03578607,-1.5430127,-2.9120984,-1.4619641,0.5399822,4.5135903,0.8800148,-3.938837,-2.854892,-2.347661,-1.9218519,-0.8204759,0.35110834,1.2319539,-0.38803646,1.7953521,3.2266014,1.2199427,1.481029,1.5534456,0.8287147,-2.4471955,0.1139678,3.9789119,-0.16672477,-2.6067371,-1.8905245
ANKRD61,18.99815,-4.3811083,0.93908,5.5486097,-2.8455162,-8.940984,-1.3388485,3.8828695,11.568135,8.410224,-6.212257,3.5285904,-4.117719,-1.600932,2.0662055,1.7487513,4.623162,-0.4699133,1.7087628,1.7193849,-0.81746775,-1.7691945,5.419382,-2.0893047,3.4196708,-0.3473697,-2.0553577,0.7582452,-0.23558697,-2.447262,-1.0073253,-2.1013548,1.1161456,-4.405066,0.6775012,-0.30618563,-5.794709,1.6570852,-0.677975,2.2312946,-3.3841624,-1.7101036,-1.5143492,1.3698869,-0.32041466,-1.8823342,0.6442864,-0.36177668,3.9696732,-0.9163488,0.29914668,0.1337717,-1.8597777,-0.62808263,-0.2097937,-0.3334878,0.35115403,-0.13909389,-0.13562162,1.0029593,0.6659315,0.51490486,-0.020067805,0.66092294,1.9161947,1.5651953,-0.69220835,0.5518674,-0.08055109,-0.13066407
APEX1,-18.48126,-5.704052,0.7186135,4.6161146,-7.710744,0.1625577,8.456525,11.912197,2.982938,-4.2673917,0.8957435,-4.0399675,2.7827706,-8.168337,3.0993679,-5.134905,-3.0914004,-3.0395627,-1.8516475,4.552172,-0.72742796,-2.5916588,-0.2113333,-0.20243338,2.7386856,0.28883368,0.6413794,1.9842027,-5.450248,-4.2970567,0.10643628,-1.6764854,-8.441591,-4.0146637,-5.7907143,2.5792935,1.626813,-2.7366447,-2.7821374,0.94507706,3.1760294,-3.6721396,-3.9970014,4.8535004,4.0393076,-1.0519246,-1.5837711,-2.4162874,0.66555274,-2.0164754,-2.2251177,-1.0106696,-3.412407,-0.6378718,-1.8907193,0.95456344,3.2652023,-0.35809258,0.59643,2.020298,2.7557156,3.6408472,0.14001445,-1.8601024,-0.74123245,-0.12650025,1.1951281,-3.6318135,-0.29700127,-1.0674402
ARHGAP27,39.36319,-24.965202,-15.276926,1.6513113,-5.3256583,0.43237793,-3.0242906,-1.6774511,1.2655925,-2.2625556,2.221131,-0.8498153,-2.751134,-0.29667857,0.76678133,0.95707446,1.7298208,-0.8789524,1.6144401,-2.2497988,-2.280176,0.18355498,1.8179789,-0.653321,-0.9887057,0.18399084,0.087382615,-0.5787631,1.4500532,2.69724,-1.7216003,0.33789644,-2.1275911,0.22512598,0.9986699,-0.19059399,4.006836,1.1422871,-1.7375304,-0.4351903,-1.9592563,-1.5257629,3.378616,0.38362455,-2.3481975,-0.18020175,1.2709302,0.13422,-5.569231,-1.6453036,2.0606523,-0.10843652,0.21227245,1.6409358,1.2635583,-2.2719696,-1.8813329,0.37857616,-0.16818756,0.22313868,-2.586782,-0.27450466,-3.0453477,0.93834966,-1.6742078,1.1889278,0.47726893,-0.12126506,-1.8662584,2.1999824
ARHGAP30,-11.570913,-23.617722,34.02919,-6.951009,7.066937,4.729351,-12.541377,7.9028196,2.1483393,-0.38036838,-0.4333816,-3.6143703,-6.640141,6.868096,-1.1892018,-1.4642534,-3.9184585,4.0959287,5.944118,6.8772445,-3.4206543,-11.047852,4.9928436,1.7987831,0.111127906,1.1990993,5.950819,1.3890107,1.2474977,-1.7677193,-1.3688422,4.6177173,-4.8183546,-0.16934294,-5.1515455,-2.3910582,-4.4799037,8.850744,-2.7876883,0.5641457,-1.6667248,1.1071674,1.6429979,-0.66162527,1.09371,-4.156599,-2.5650105,-0.65084296,2.278261,-2.6933787,-2.3344717,3.6466463,-0.17340253,1.1449782,-1.778238,-0.95340884,1.504659,2.2518194,-3.1885178,0.26024038,0.333821,-2.568425,-0.35631627,-1.7703081,-1.6866506,-0.06126574,0.9697582,0.14064263,-2.8600223,1.3250952
ARID2,-7.5495796,-5.979926,15.628507,3.417911,-3.3615065,-15.323845,-9.773186,-6.3365116,2.3733258,-3.6214294,-2.5602531,-0.35871285,5.883892,7.133223,4.765768,3.6230545,-9.931194,-6.3218517,-1.9442898,-3.3196027,-2.476823,1.6254206,3.5503387,1.5241504,-1.839726,-0.47962612,1.1866554,-0.17723714,-6.502505,-0.8856513,-0.6562495,2.8959985,0.46492177,2.0816038,-0.48870665,6.1713376,4.8230495,4.2957015,-5.2517543,-0.6235762,0.6834405,3.5561166,3.4469318,-0.0838491,1.3657032,2.0719473,-0.5462926,1.1595198,0.2565817,1.3127801,-2.43783,-0.5984463,-0.95609105,-2.5976858,4.221556,-3.5499249,-0.64032596,1.0971155,-3.9147532,1.3140105,2.2666998,-1.7650598,3.5143359,-3.0041611,-3.6614778,1.4500357,-1.5498642,2.1295595,-0.8023067,-2.0218222
ARIH1,6.9646273,12.810682,34.584335,-8.718425,-0.37767273,-4.6256313,9.270387,2.182892,2.761793,-2.7848153,0.068762586,-8.140773,0.2508864,-5.743703,-5.2955437,1.8433374,-2.0020425,1.0188298,1.2627927,0.4166772,3.151203,3.08565,3.5979357,-3.28304,-1.620799,-0.9471589,-0.63260263,-5.970146,-1.253442,-1.8456666,-3.6476426,-3.0731905,-3.1010907,2.8325946,3.6524389,-0.063605025,0.29004177,3.577011,-1.0187275,-0.77109754,2.1098123,1.5125932,3.6274517,0.5046571,-2.2284162,-0.73058516,-1.9154257,1.7203523,0.14585435,-2.3704734,3.054651,0.44322884,-0.32899916,0.7561227,-1.8139215,-2.350677,0.65383154,-1.9276102,1.1998488,0.21525355,0.04814457,-0.54376936,-0.7838891,-1.7810276,-3.0992656,0.47141865,1.6066471,-0.386369,-2.583791,2.6162171
ARNT,7.251059,18.764519,48.322437,-34.639805,-3.483985,20.423891,-9.467317,-11.724187,0.7617541,3.6951284,-2.0004258,12.6290655,-8.032236,-9.662746,0.46507177,2.1407683,3.524661,-7.220066,2.3723123,14.740704,-13.259655,6.9998817,-17.820263,-15.188963,7.8088474,3.2815957,5.5924344,-0.922363,-10.048591,5.244262,-9.79269,-1.9427111,-0.30987674,-1.4861708,3.7189248,-2.1438813,-12.839588,-5.020431,-9.224837,2.1425343,-6.519186,1.0066111,-10.257709,0.36954612,3.4444528,-9.716582,-7.4596906,-4.2905426,-3.0908396,1.5298822,-2.7848847,3.4760835,-0.85799617,1.4647447,-0.75271374,4.1736426,-2.8384297,-5.785758,1.9046651,1.9801124,0.38299888,-5.3787694,-0.13867836,-3.3584387,-0.9228597,-1.1459562,-5.456102,-4.30482,0.76773214,1.2741694
ARPC2,20.15401,2.1398647,-2.0299604,-24.816244,-2.656532,0.37407753,7.126169,5.9593534,-11.24325,10.430268,-16.251875,-3.3848684,12.718707,-0.2334561,4.731856,-3.557767,7.743005,5.267761,-8.01618,2.8450475,-2.6292713,-10.001325,-0.99545234,-1.846295,-2.4312565,3.8140666,9.66821,-8.358656,8.808089,-4.89188,3.0245302,6.109228,-1.3148735,-0.714196,-2.5368173,-4.7755046,-2.315331,-0.0049266485,2.9991875,0.37329617,-1.1586279,-0.36779547,-0.6848984,-1.0073626,2.5352683,3.5363371,-2.035359,-0.27852878,6.637676,0.43239376,-3.3897204,-4.877433,-0.14432576,2.788891,0.6937153,2.4749935,2.4423108,1.425048,2.5183034,0.27844328,-3.4577181,1.0162017,-2.6215289,4.519525,3.2455254,0.7165577,-1.2157968,-0.6845915,4.2401333,0.011940078
ARPC3,14.048441,19.54198,10.113899,-21.19394,-5.922416,-0.15266317,3.3730948,0.73243487,-4.461116,11.579669,-17.155085,-5.6562533,10.121181,3.7837322,3.618671,-2.659811,-0.00029082154,0.5254217,-2.334566,0.18006514,-2.0472603,-3.6198552,-1.676719,-3.6567335,-3.1122606,-0.5112666,8.1269655,-2.782805,8.375308,-10.34621,-2.9257696,4.4521976,-0.5509352,-1.1090456,-4.0303526,0.4571402,1.7756329,0.9399375,4.7232137,-2.096834,-2.4578338,1.4403125,-4.431576,1.6779675,0.2408778,2.429434,-2.9607918,-0.47155124,2.4910831,1.0342131,-1.500011,-3.8800917,1.7855327,-0.71104413,2.5412695,0.9342419,2.3383055,3.1945689,1.6336879,0.84102446,-3.8956764,5.277351,-0.036538888,3.5362244,0.4188343,0.76154184,-0.27137777,-2.5815701,1.7970524,-2.247057
ARRDC4,6.3283424,-5.9586473,8.858858,6.3541303,-2.7939982,-20.532722,6.522209,19.559258,-3.422847,11.317737,9.768408,5.050229,-14.764254,-2.614815,-2.3757477,6.2464957,-0.11574752,-0.441999,-8.112405,7.128364,-9.192513,3.788392,-0.8752447,6.272099,-0.22231273,-0.0872393,1.1358752,-4.798331,9.168094,-3.6260588,1.2948961,1.3811308,-0.50819814,1.603695,2.1273112,0.5443549,1.3303847,-2.2336934,2.383494,0.8707854,-1.1677256,-0.7106104,0.2554568,-1.1072133,2.3759499,-0.5098868,-3.5880759,3.5270643,-6.5894985,0.48037136,-0.524788,2.4502661,0.4308158,-6.2066755,1.642033,-2.0927138,1.0288697,-3.2487953,0.95844454,-0.91190374,2.30382,1.1935809,-1.5536911,-4.2262096,3.5027804,-0.27531576,-0.67631376,-0.012611273,-2.4648597,-1.3511784
ATAD5,34.55478,28.449,28.31865,1.6504506,-12.68006,-29.068802,-4.948612,6.573,-1.4357818,-19.63351,6.061121,-8.812735,-13.099848,-12.525186,9.268136,1.7236995,18.33845,2.711071,0.33830345,-4.8267784,-6.669898,-1.4005669,9.674741,-3.3404183,-6.225117,-2.4759064,-6.5044923,4.747172,7.270659,6.173067,-4.1054006,-13.27352,3.6851397,-4.4996204,0.8218207,9.417156,9.978392,-5.8101325,-6.414667,1.311493,-3.9886334,-1.2794602,1.0520871,-5.4499154,2.6498356,-2.583724,5.3891873,4.0051703,4.7394285,4.591263,1.4079294,-6.4824595,-3.4548683,-0.9580015,7.201193,6.698975,4.527383,6.329725,3.9066882,0.46944425,8.782032,-0.4518737,-6.0047007,8.057638,4.504666,3.8962708,1.4642434,-0.5009597,-3.3836253,5.3322506
ATF4,-20.59907,37.170456,-8.925351,-5.0773416,-13.049986,9.116236,-4.0694017,-10.882818,0.0026236721,-0.078115396,-2.699297,-0.6286209,15.160605,1.8444737,-0.98989356,-8.552863,-6.262647,5.339794,8.180497,5.376238,-3.1044023,2.317658,2.9940238,4.268762,1.2728823,-0.2474239,1.9531072,1.4988593,3.3699925,-3.1102104,5.8686523,0.6498667,-2.6578307,-1.4057816,0.5625737,-3.3184683,-0.29946232,-2.9375641,-0.031367637,5.9892173,-2.7790136,-5.0342526,-1.7428344,2.714253,2.241583,3.364393,-5.194026,2.0794551,3.5030189,-3.6361315,4.617329,3.2408483,2.4362037,2.6163177,2.0856147,-1.9841468,0.9718121,-1.121553,5.018016,0.2453212,2.359657,-2.6721277,2.8880064,-5.8830395,2.8087633,1.1815889,2.299714,2.3013394,5.3296304,-1.1995255
ATF7IP2,45.00995,-0.13644743,8.614406,-8.228833,2.154076,-7.5821853,11.426511,3.5369785,-2.703131,2.7604585,4.986184,-2.6419425,9.9766245,-2.1955488,-4.1608963,-3.6365907,7.1063447,13.843904,-12.242171,5.023186,-5.6982594,4.624983,-5.6399107,0.89581895,6.192363,3.332771,-11.178369,-2.0068822,2.9139066,8.433353,8.34287,2.2463999,0.13652469,-7.749284,7.9608655,6.5894213,1.8791153,-1.9972965,-2.1517973,6.2112484,6.1158423,2.179449,-0.49626368,-6.4895535,-0.83852166,-3.9259167,-7.980175,-1.3538219,3.1365871,8.0837145,5.66239,2.8498588,-4.6449738,-2.5204349,0.41976082,6.429569,3.588731,-0.88755965,7.633554,-1.1218011,-3.1087961,-4.5430274,1.1342614,2.2728078,-0.53214407,-3.7489233,3.1095805,-1.4873365,-3.846254,-9.645918
ATP1B3,-5.4239726,12.91847,10.911459,-7.264956,-3.6198916,-0.73930216,9.688663,3.7365036,-5.642942,-1.4858534,3.8240318,-6.0515175,3.6443865,-2.1535256,1.097033,2.0826306,-0.95886946,2.9625728,-0.13482866,1.4033352,-5.7864857,4.0123544,-1.172767,1.7877588,-0.73276377,-0.42166075,0.11165257,-2.174668,5.3824387,0.8232353,2.8378935,0.6723601,-0.17893806,1.5957978,2.7570245,-5.131364,1.8912045,-3.730364,-2.8913636,-2.3672416,3.071335,0.19637346,0.6285931,-1.587459,-0.15891443,0.027360415,0.49409664,-1.9754782,-1.0373802,-0.52196896,-0.41784266,-2.9919448,0.9378737,3.0666711,2.0850058,-4.707687,1.3515676,1.439433,5.303477,-1.3483124,-1.4254357,-0.7432898,0.9929593,2.6956017,-0.9664478,-0.40075263,-2.0166981,1.2410058,5.2051167,0.42824817
ATP2A2,43.914024,40.630257,-14.95012,26.24825,-15.994938,-29.29602,2.6916535,21.142668,18.169022,-10.613414,8.498844,-9.312303,19.947031,19.764381,-0.7824876,-0.810004,-4.6040344,20.18277,17.490461,13.619183,1.6842971,3.0301929,-8.777672,-4.0762606,13.955509,-11.734225,-4.4154606,-6.0566406,7.8488665,-3.6296184,-8.041414,-4.4729967,2.1857078,15.144904,-9.810112,-10.509923,9.078622,12.1302805,1.0089651,6.4858537,-6.327295,11.777341,0.3930069,12.566513,-3.9601383,-3.9785533,-0.21102293,-8.374065,-3.0552678,-0.6687709,-6.160708,-2.050124,7.336351,0.36234865,-0.6577482,0.11754541,-9.493477,2.0515358,9.878916,6.938568,-3.3523512,8.995583,-11.096241,-4.597465,-0.10490126,3.1573076,3.9548538,-6.440862,4.6036534,-1.4008679
ATP5F1A,-1.4902068,-25.914152,-3.2273693,-4.849129,8.726387,3.8201804,5.5115232,11.031037,1.4008367,9.4676695,-4.9080567,0.08251986,5.1099734,-7.475413,4.909287,2.152649,-0.71796757,-2.2572067,-1.6861907,2.6110778,3.39577,-7.2050023,-3.6576247,-3.480329,-2.7669137,1.821759,0.6633925,-4.7667365,2.106293,-4.6852293,-1.7322503,1.6433034,-6.6041436,1.584658,2.743446,0.5210546,-1.7957395,-0.68159914,2.3516865,1.896927,0.028929304,-3.611551,3.3348196,1.5510753,2.6126459,-0.8846563,-0.96488947,-0.8699157,-2.0431726,1.5587533,-1.5520424,-0.38633832,0.5151054,-1.6460965,-0.37719923,1.4599588,3.5370069,-1.6928984,2.8544557,0.78115374,1.1554456,-0.8383398,1.059766,1.0010968,-2.237272,-1.8866278,0.09995361,1.7210027,-0.19999717,3.4446526
ATP5ME,1.5076704,-16.006104,-1.4474431,-0.7992723,10.050143,-4.4784703,7.08942,9.698144,4.3179164,3.3156843,-3.7855165,-4.121284,7.882763,-1.5287342,0.2680819,5.23604,-3.2204626,3.0641577,-0.7278421,2.508548,-1.5228883,-2.3916419,-3.7097075,-4.708331,-0.28531367,0.7386264,-3.2455456,-8.152714,1.8689486,-4.8611317,-0.6291278,1.2501808,-4.257718,2.9064636,4.567331,1.6726457,-3.7031195,-2.0763643,2.898829,3.5807385,-1.7175864,0.67605615,7.438876,-1.2177185,1.4515457,-2.108057,-1.3546693,-0.27598572,-0.6838958,-1.3035424,0.8192999,1.0624499,0.79028445,-2.07188,1.6403191,1.0377089,0.584172,-1.4868872,0.3227293,-0.5087339,-2.414595,-1.0501176,2.512404,-1.0844542,-0.7390382,0.38396293,-3.412811,3.194848,0.8364095,1.7881109
ATP5PO,-13.346988,-16.553513,-11.423541,1.0055397,10.824109,4.373014,9.640776,5.9924445,2.4278724,5.00373,-1.4401029,-3.5672927,6.7471313,-5.2430162,-2.381866,5.2542524,-4.2153974,-2.320076,2.2532802,1.6880094,-1.1568657,-2.7221205,-5.2975626,-4.270349,-1.4610292,-1.7759796,-0.3544228,-1.17847,0.49292514,-7.770341,-2.3733437,-3.6382968,-8.669091,-0.6541509,3.5026977,3.0832596,-2.6604707,-2.3136835,2.9940834,5.469187,-1.595137,3.699685,3.7936468,-1.2183466,-0.3560496,0.14004211,0.28265655,-0.0010448693,-1.2888004,1.2558756,-0.6341381,-1.8523552,-1.3005401,-1.4237665,0.17413904,3.9615145,3.9681892,-2.1576443,2.1354558,-1.6683973,1.1418165,-0.18269517,1.8758912,0.87792015,0.2710147,0.53737867,-4.0899796,4.032184,2.3504755,0.6529714
ATRX,6.1831813,8.630433,10.891571,-6.536665,-8.783374,14.824958,-7.47815,17.14422,-6.54326,-7.4233346,-2.5165958,-5.9587398,0.90725785,-1.3027321,1.1014113,5.2305765,4.356441,3.4964352,-2.8417313,-3.9582782,-1.992775,-2.963272,1.3647972,2.291435,0.9182493,0.336776,16.900673,6.674481,3.589622,-2.3086705,-0.29217875,-0.5281833,1.2348646,0.62451166,4.456951,6.0605373,4.057955,5.062469,-5.6059294,1.625304,1.8008981,-3.0851934,-1.068659,-1.8254371,2.7413309,-3.1293676,4.5863853,1.3250389,0.96329516,8.84674,3.7183158,-1.0243052,3.5289094,5.110557,3.7491171,1.5647911,-2.6504653,5.327199,5.978239,-2.0344377,1.0931078,-1.5908704,-2.5461593,-1.9256665,-3.4552953,2.2838755,-1.4881965,4.7710595,7.2914343,-3.450793
ATXN2L,-12.4898405,-15.760493,-2.3577893,-0.9825894,-1.0479994,4.644658,1.110113,0.42240608,-4.5589437,-2.5073466,-6.5727754,5.2082396,-7.627492,-5.2618494,3.722554,-3.685522,-1.132193,3.4463172,2.2195618,-9.301026,-7.0467196,-0.4350117,4.6549587,0.46876764,6.1934514,4.164297,1.2528453,-3.392458,1.9718574,0.67866546,-3.2187932,0.55549955,5.9706793,-1.4760178,-5.2527175,-3.3888009,1.8639703,1.9732975,7.447322,1.0211549,0.5547642,2.242568,3.0652504,-1.2550975,-2.6245885,-1.1397691,1.2040381,-2.6180856,-0.0039833616,-2.803466,1.5972158,3.0332663,0.7357622,-2.1694126,-2.9921343,0.06070274,-2.4653034,0.8471062,0.34041023,-1.2959863,-2.13341,-0.8413226,-2.1127713,2.5827672,-6.9502363,-2.1246076,1.8344117,-1.5032963,-3.6011882,1.3752737
ATXN7L3,20.012821,7.014553,-10.382265,13.725891,-9.8588915,-15.062456,-18.276001,18.754957,-0.5707462,9.029071,-8.804962,23.009764,-1.937653,-8.675872,-1.4389803,0.35527226,-9.468734,-6.3592424,-0.4323978,5.3103504,9.593179,8.602811,4.104681,-3.786309,-8.256233,7.2365894,2.2155395,-1.3664318,-1.7707648,-6.3287826,-2.9186819,-4.7391634,3.5537798,2.255124,-0.45892814,2.3267205,-3.2704198,-0.4952118,1.9968865,7.164544,7.506575,-1.4184747,-8.099843,-9.658577,-8.491449,-0.97016376,-8.228058,-0.93471056,4.547005,1.087273,0.42283523,4.675954,2.7806935,5.259616,3.1306136,5.4003634,2.642714,1.3950543,-0.05805779,0.75484866,-2.6267817,1.5284531,-0.7326321,-1.1297402,1.934316,-0.48624408,-1.8430166,1.3921049,0.03284141,3.0151567
AUP1,9.399397,-13.378193,3.1211085,2.709908,-6.255241,13.107593,0.7897295,15.339177,6.825929,4.177279,-0.5918207,1.9485794,-3.7060437,-6.871198,-2.9170437,4.7923303,2.9014554,1.117684,-5.006782,-2.575354,1.7857294,6.296428,-1.7684586,-3.2481918,0.3427916,-1.7740262,3.746846,-1.2922409,-5.2181473,-0.36146563,-2.495694,1.4776736,4.633594,4.6487317,-1.5200013,0.9289212,4.461837,0.4304598,-2.9107,-3.260471,0.15117514,-2.2996225,1.2528177,0.929639,-0.9352585,-0.6026547,-1.0933651,4.0654597,0.36624762,0.33204433,1.8759362,-1.6993006,1.5338777,-1.083825,-0.21154056,0.924914,3.179272,-0.15818183,-2.0218503,-4.0379357,-2.6974566,-0.27542457,0.020745646,-0.17873105,-0.76071745,2.5023973,-1.1594859,0.17012385,2.4126406,-1.3485855
BAHD1,-11.545168,0.8369096,7.651031,-5.6022115,-1.4876028,-5.3876243,14.590849,1.3029214,-1.153903,9.555123,4.2923493,6.3911867,1.2662868,-4.1456413,-8.103914,4.358054,-1.4119312,-6.879896,-4.0609093,-3.1364083,-0.020405129,-4.077861,-5.4308276,0.49608672,-0.7675785,-2.4614532,5.479483,1.1177336,3.7455013,-1.2617861,-3.7545135,4.533271,-0.2771934,3.1518338,-1.2042264,-1.5555425,-1.7873138,-6.951863,2.4265282,1.5581576,-0.943479,0.012128326,0.57867897,3.278482,3.1212208,-2.2964194,-2.1296647,0.99855226,-1.4263129,1.3666687,3.0840049,-1.3543477,-1.2351311,-2.6725392,-0.69165844,-0.7240691,3.3331697,-0.55091804,-2.8525333,-1.1041281,0.22146599,1.4045937,-1.5670539,-5.9867425,1.5906888,-0.5811473,-2.1960273,-1.1665245,-0.511174,0.30289063
BAP1,-22.575644,-4.1784573,-0.9017091,1.360067,-2.8410797,5.218562,3.1767588,-6.8899465,-3.153393,-3.596434,2.1065426,3.9453144,-1.1552761,0.5801418,-0.60556394,-9.029765,1.522185,0.26424345,11.618279,-2.1876602,-1.3579662,1.2572929,-3.4999487,-3.5547173,-1.6342574,-1.059949,6.0404406,2.5486414,4.4283175,-3.3930304,3.2764733,-2.9648407,-3.336687,-3.261119,5.2061605,1.8616242,-1.8568251,-5.097473,-6.311868,-1.3233901,4.6888547,1.9323182,0.19402355,-0.070601106,-0.14426474,-3.5511808,2.7117164,2.3379645,2.7191696,2.6822538,1.7010381,-0.08692628,-2.5240247,1.8138094,3.2943153,-5.703615,-0.86426294,0.967003,-2.1162221,1.6922921,0.5195341,-1.212002,-3.0657952,-2.729813,2.2898324,-0.277479,0.5249131,2.9075422,-0.96334195,0.1651834
BATF,-17.767572,-22.908022,-7.1851125,4.796713,12.33451,-4.2535796,16.415632,-7.0438914,-10.492449,-6.0945,4.691179,-4.529871,-0.20333683,8.887049,1.6895807,5.684372,-8.708808,8.921613,-1.0553249,0.40178192,0.5549809,19.941986,-9.917441,-4.7952113,0.13883764,0.85985965,-2.461598,-5.783892,3.1623697,-2.1170244,1.7441999,1.9931573,-5.0498514,2.8716075,-6.328552,-7.741026,-3.8318255,4.0968413,-4.6623774,0.028351313,-0.37837046,3.9388192,-3.7059283,-2.8134832,1.2483835,-2.45719,-0.26561138,2.6065085,3.6976063,-4.4861913,-1.6057876,-0.70751935,7.751165,-7.1734376,-1.04516,5.2055902,0.0834716,1.9838253,-2.4800358,-4.531634,1.3606877,0.5034211,-0.5297134,-0.45773098,-0.58743334,-6.462629,-4.0892115,-1.5014828,-1.5096239,2.835293
BCAT2,111.3187,-5.987789,-24.235447,-17.583252,-7.3601546,-0.3963958,-2.7802517,-9.79941,-4.194549,-7.396828,7.9737535,-2.8482232,2.8561447,4.145786,1.4070721,-2.863148,-2.8935242,-2.178626,4.3505497,1.903714,0.13965686,1.2298874,2.7185493,1.6804936,-1.9065821,2.5412912,4.427318,-0.80426395,2.385034,-2.7613683,-2.2835712,-4.7015514,-3.8839042,3.78175,1.9952052,-0.4271627,1.8841444,-0.8124629,1.8998059,2.134229,-0.7719037,1.7071408,-1.6147157,-1.1447922,-1.5378404,0.3233292,-0.4428604,-0.9535196,-3.0756598,-0.072168924,-0.8368595,-2.5362785,-0.3426188,1.3702426,1.7758023,0.29825687,-1.0637934,1.2641555,0.44513503,-1.6543009,-2.9983659,-0.1339841,-0.07815003,-2.7188733,0.11323431,-3.92766,3.0747375,-2.9426146,-1.2590284,1.0984321
BCL10,68.1205,34.607056,2.6867387,-12.341342,-11.185112,-6.8401904,4.4645295,-1.5533665,5.249995,16.281517,-25.58149,8.231093,1.5316684,-6.35345,6.941664,3.7489545,4.1466565,0.2019703,-9.441566,-6.091348,-8.362342,6.4177384,-8.510841,-7.209129,2.9813523,-8.931161,-4.432837,3.5082514,4.7098,-7.9609346,10.427184,8.278087,7.9711046,0.63031673,-2.347941,-3.6795733,2.007284,0.11769965,-3.0736012,-1.296204,-3.349495,2.8784108,-0.02136423,-3.191834,1.7925459,4.7320337,1.7420168,-1.4135268,0.1585665,-1.5060607,0.38607937,-1.2899783,-2.161391,-0.4831882,1.3507893,-4.8100524,1.6368794,0.06995925,-0.056519367,-2.6016302,-1.6613249,-3.3482666,-0.6928403,-4.0656586,2.2738476,-1.667317,-2.640552,-1.5845422,-1.4224322,1.0039616
BCL11B,21.386997,-1.6598257,26.52584,-13.405669,-0.3047339,-4.6235256,7.8157096,24.447683,-5.9073567,21.609587,14.630008,5.31554,-2.3883035,-6.6583424,-7.8306546,-8.427497,2.967936,-1.286882,2.8323872,1.4884592,-1.5912759,1.8131351,-5.096284,0.97795653,4.1108727,-0.8344242,-6.1120315,0.5744666,1.4786079,3.3489246,-8.52974,-0.5647325,-3.25242,4.6245704,6.925177,-3.2948477,1.7406945,2.584765,1.0030415,-1.837501,-0.31541842,-5.336267,1.6465983,-2.7086866,1.0162438,4.4258013,-0.92509395,-7.390302,2.5632434,-6.474228,-0.7320184,1.8334978,-1.5940282,-5.470904,-1.9865013,-2.171291,1.672188,-0.017559191,-2.8117392,2.309641,2.8252783,-0.66899693,-0.93420196,-1.1100993,6.0140204,2.229216,9.888704,3.3859444,-1.4020358,0.5951637
BCLAF1,-10.2399845,3.1887877,-1.4580225,2.01363,-1.4464529,4.9473114,4.2486696,-5.0748205,-5.3296824,8.209064,3.0368252,3.0795426,-1.6277894,-0.21300684,-4.1225758,5.0363016,-1.312577,-7.9615545,-0.99041146,3.1734664,2.6627307,-0.58755386,0.14452723,3.3896513,1.1741476,0.53813666,2.6460686,-0.47701046,-2.2178447,0.31276947,2.2077048,-2.0835247,2.5839584,-0.9678939,5.632179,1.1720377,-1.7817916,5.5961585,1.0605696,0.11760202,0.79672676,0.35493067,1.3336978,-0.7518876,-1.458213,-0.14038077,-3.9481423,-1.1906506,-0.5568908,3.5913508,1.4527364,3.7158163,0.12858097,-3.4890697,1.4418006,-4.735652,-3.180513,-0.7724142,5.044592,-0.65188384,0.37808925,2.4870377,-4.910567,1.965896,1.2058665,0.9358709,2.2133443,-3.480449,-1.3748329,-4.672145
BCS1L,-6.5619445,24.740593,-17.168156,-6.1544447,30.713566,-8.002692,-6.411033,-1.241542,6.5129256,-6.659119,-1.0666658,-2.973765,-2.65085,-3.9503365,-2.151719,5.201024,-1.2855344,1.356473,-3.1751301,3.332118,0.23749907,-1.254869,3.8249881,0.31140444,-1.8722247,0.6460085,-4.324919,0.21975222,0.68462247,-0.74177915,0.52308977,0.43107396,0.14267762,1.734863,0.26719597,-2.172588,-0.24686696,2.6233242,-3.110075,-0.80684465,-4.0452647,1.2243527,0.24219295,-1.5704309,-0.86766714,-0.93936193,1.409194,1.3418356,1.688656,-3.9236014,0.3402301,2.4190018,-1.5232463,1.3378347,-1.6608897,-1.5824314,0.8956114,-0.18452744,-1.6214087,-1.3445708,-2.164715,0.7090389,-0.39889702,-0.8755733,-0.23382998,-0.7044728,-1.7344111,-0.048515443,0.6558744,-1.1996396
BHLHE40,-50.02083,-34.36433,-13.957874,26.349783,-5.2565875,7.9591722,-11.492523,-18.578516,14.549284,-1.3533674,4.817894,7.176069,8.286407,-1.0491335,-1.4090439,-0.34857446,1.1269625,-3.6373663,-12.802122,-2.3509037,-2.32999,-1.4795803,0.3264158,-1.252953,-5.752145,-6.807372,0.7493664,1.5191401,3.121671,1.1706705,3.5227675,0.49355605,-2.4494293,-3.8837895,-11.272399,-5.8189774,3.1275969,-7.310371,-0.8218003,1.09503,0.05750713,-5.8157883,-3.7915018,4.356551,-2.026241,-0.8584481,-1.7302674,-4.0471716,-1.7995888,1.8219476,-3.4825768,3.705783,2.445103,1.7910653,-1.8272467,5.998589,2.22874,0.6821589,10.577414,-0.05486951,4.707135,-3.0482535,-2.3860464,-2.3923614,5.842704,-6.06484,1.3837183,-3.9572878,-6.6040344,5.077902
BPTF,-19.598549,2.8032103,-10.075989,8.994122,-10.503776,4.923879,-3.912316,-8.364803,-2.9524393,7.101594,7.1003075,10.824775,-4.060407,1.5345763,7.5152497,-3.4080687,-5.591925,2.8797762,4.19771,0.57638633,-4.856227,4.714344,3.3414664,2.5050774,5.58304,-3.4782143,0.86107945,-0.833328,6.9358344,4.299716,1.2340429,2.9010375,0.7067795,-3.8631916,1.0284951,2.1004388,0.10260576,-4.3516498,1.8597269,4.3768005,-1.9812751,-5.2061353,6.930487,-5.821135,1.0049008,1.9950622,-10.035937,3.805559,-4.2028637,0.6853771,0.5197612,-0.76101536,5.667837,1.3109641,3.988157,2.727609,-3.5010529,3.508922,0.51089996,3.4603126,-1.2824688,-2.3010294,-2.037119,-1.3592384,4.2842746,3.6381145,0.57990855,1.1619357,-1.6179293,-0.93110096
BRD1,-19.837606,-28.471392,-10.760186,10.669805,-0.9062277,3.6414142,-5.320998,-5.6858687,-3.0171986,7.2498713,-1.5076611,-2.810835,3.0122874,3.884204,-2.170446,-2.1674116,0.78731287,-1.5158443,2.3253562,1.0072385,2.7145927,1.9473301,-4.751444,1.9279029,2.462505,1.7050432,-4.8614016,2.2846243,-2.4439378,0.778972,-2.9666214,-9.173603,-0.2442639,-2.4351816,4.4750934,5.038323,-1.9315583,-1.4304645,-1.817223,-1.9463068,2.434964,1.0018927,1.503327,0.24620853,-2.0837605,3.3012848,6.8120675,-2.0539153,1.8980024,-4.472339,0.7341149,3.7114162,-0.3575084,0.86297894,1.884434,1.8004161,-3.690103,2.751508,2.270016,-2.0593278,-0.84007883,3.0808742,0.78503966,-0.6794856,-2.2604635,4.781415,2.9400096,-1.9417529,-1.5501266,4.8488736
BRD8,6.6407585,40.889446,16.403587,-15.188989,-2.1386378,-11.0049925,17.468203,-26.03604,33.08894,6.2835593,-4.7815666,-0.32773313,-29.6092,8.1506405,8.317076,1.3052402,-9.000824,-10.651969,-30.53842,-1.8904682,16.151154,-11.605203,8.773987,-0.398189,11.313119,24.983952,-6.851041,9.970106,15.211067,6.0807133,-6.5103374,-0.5901943,5.8353753,1.1750252,-0.4264285,-9.964854,-6.395946,-7.489467,-11.891909,2.9465241,4.8845434,12.402074,4.6808624,4.4791217,-12.305729,-5.6493864,-0.95478815,6.1107864,-5.9170303,1.6007206,3.58472,-1.5647186,0.13108537,0.50856787,-1.9428186,0.21779881,2.00624,0.30977604,-2.3373241,0.18210165,-1.7553675,2.0080104,-0.18789071,-1.2871865,0.914389,1.6725262,5.1502967,3.6681774,9.818468,4.740608
BRD9,-3.148841,8.764029,-5.2939906,6.6266117,-3.9692,0.1814203,2.4136424,-4.594179,2.9634635,4.5495024,-1.1166493,-0.072384745,-2.583158,-0.72801393,-2.7996547,0.0321537,-1.8045278,1.7288826,-0.18895306,3.4781613,-4.08152,6.7823696,1.4064441,1.4912694,2.2480807,0.80965203,-0.5355783,-3.2616978,-2.0354435,-0.9472,5.9314265,4.4883966,-1.9710673,0.92007947,-2.555989,-1.9426306,-1.261569,2.6506245,2.0242116,-0.6208183,-0.717144,-0.53026325,2.6980097,-0.16179356,-1.0229089,-0.5235073,-3.474181,-2.3667245,5.028523,-3.4521837,2.59823,1.1130332,-2.7545707,0.5773064,3.3397639,-3.703571,3.8513496,-2.049153,0.5048314,0.4418507,2.04358,-2.5340285,0.9912379,0.9274198,-0.3559697,-1.0102385,-1.0484663,0.1503669,2.3725414,0.81005454
BRK1,22.481958,-0.31712627,40.088394,-19.007607,-1.5511304,-8.047931,-4.8039346,16.502197,7.9242516,2.7456503,-5.5206523,-1.0242375,-1.15433,-1.236132,1.490249,3.1963537,0.49676087,1.08978,-0.04957929,3.4680665,-5.15564,-6.3067627,1.5531346,2.6069274,5.560593,0.4764849,4.7698736,-0.73177,0.42872757,-0.4896207,0.2843176,0.002991854,2.6818507,5.2363467,-0.15197721,0.383302,-0.9635802,2.9872053,-1.6525619,-4.212785,-2.7076917,-2.7740192,4.4498944,0.99544364,3.7067275,-1.2482963,1.2653992,-2.7868845,1.616462,-0.30999985,-2.3164935,1.8734267,1.5737019,1.4219643,3.1605499,-1.8663964,1.852837,0.30906954,1.0863775,1.9615349,-0.7079086,-0.35779613,-0.0005060817,1.5905323,-0.7218238,4.0535455,-0.6201255,-2.1723745,-1.0073177,2.773453
BRMS1,-3.9185889,-14.585297,16.9526,-6.97449,-10.46026,7.7279696,-4.0595827,-9.446616,5.3257866,-4.6730766,-2.3050747,-6.647089,0.07444919,-6.9685516,-3.0834932,-8.151236,5.1088037,10.021202,3.62766,2.2997127,-6.2150517,7.435087,6.5842156,-0.13827947,-3.6510413,-6.595185,-12.503998,-4.1719475,-0.113491446,-5.151561,2.894991,4.9756136,4.631636,0.15431656,-10.899822,9.750936,-3.853898,2.427819,6.8154078,-4.2135,4.363742,1.3013232,-3.271836,-3.3736591,-7.1359334,-2.862728,-13.617422,-8.302087,2.1275268,-3.312646,2.505633,-0.5046154,-3.909808,-1.9155898,-1.4518538,-1.5240661,0.1836788,-0.7757578,-3.8641982,-1.0880114,-0.44929454,0.57697594,-3.10768,3.6839051,0.77834344,0.32072297,1.9195954,6.817174,1.6097684,3.844887
BRPF1,10.827612,0.51877594,-14.80177,16.912575,-2.4577577,-5.6072135,-2.4251475,20.983652,0.49610946,28.50371,2.6593325,10.815101,-0.5428313,2.495126,-2.6050403,-16.472994,-4.6155367,0.5829302,8.987155,0.10497852,-2.2873676,-9.26457,12.120436,-5.1262393,1.6848645,-3.576262,0.93121064,-3.6919694,-2.6440237,-11.394956,4.3326564,-5.3170705,-3.805535,3.464585,5.0960765,-4.6430025,1.279704,1.9554228,-4.988856,5.761229,4.9102607,1.2026839,0.40103462,-6.3553014,14.439813,-0.95979553,3.2645981,-1.0253474,-4.3019533,-1.9913816,6.976206,6.9380455,2.5972536,-5.319165,3.1600032,2.8309858,-8.006729,-1.3478839,-5.1641874,-2.7603161,5.855197,0.17630601,1.3306766,-4.0538416,-3.7287626,-0.9211936,-1.6707686,2.3165147,-1.2808262,-6.087001
BTAF1,-9.098021,25.7099,-6.37914,17.66916,-11.91316,-4.6287146,5.6086426,-14.544175,-1.3242692,0.5391396,3.607337,-5.706542,-1.4539998,8.837389,2.5992742,14.156684,11.063413,-9.1592045,-2.1230726,6.9524503,6.5938983,13.017375,8.526401,10.50804,0.36460343,-2.994367,1.2339567,-10.141401,-0.64456695,-2.3054233,-9.027456,-3.8573172,1.8627003,-4.127063,2.098856,-2.5618138,-4.561152,-2.976216,3.528224,-5.030998,1.8277996,2.1493757,2.1376474,-1.2751144,6.978746,-3.394943,-5.992978,2.6494646,0.1755692,2.815496,-1.671369,-4.708782,-1.0839925,2.8069339,4.6329865,-4.2549024,-6.839286,-4.423813,4.365624,3.1492224,-1.5310098,1.2951458,1.2116611,4.851835,-6.294072,-3.3589485,1.0366279,-2.2675726,3.2700796,2.6865036
C11orf54,-15.500154,10.229507,-8.88132,3.4184017,-8.045024,0.3376711,3.0899897,-5.212498,-2.3100464,-0.406465,-1.7058066,1.8246762,3.1409035,0.4681582,-3.9031944,-2.6906035,-4.19874,4.444515,4.2511272,-3.548673,-0.4292107,4.029905,1.1039187,-0.99322015,4.4459753,-0.24211822,1.4780674,-0.21011421,2.1771557,-2.0236995,-2.642598,2.6738641,-2.7082489,-1.6044391,2.5539575,5.91175,-0.47905615,-1.8385177,-0.57478017,0.8603941,-2.6333048,-2.0995069,-2.9301414,2.1951885,-2.4811947,2.675726,-0.99348205,0.31085387,3.4096463,-2.1216118,-1.5386977,0.39004254,2.0453072,2.289803,-4.40277,2.179943,2.5156274,1.0438602,-1.1363301,-0.1821488,-0.9685921,1.2610881,-1.465471,0.27192044,-2.0567384,0.6337158,-0.9739792,0.11508618,-3.2054296,-0.04634246
C11orf68,2.3088968,-12.685635,4.249589,7.0882783,4.2095947,-6.198024,2.398349,-5.936149,5.328063,1.9321437,-10.2348585,-10.11701,-4.8084106,5.4244733,3.4128296,4.9360785,0.23988073,-3.4054034,4.5991592,2.3548152,-0.12533307,1.8173637,2.4862478,-0.6167297,-0.4819391,3.6461525,0.08275632,-1.4059869,-0.74365735,3.5927644,-1.7515862,-1.8272687,3.3696167,-0.30842716,4.5575266,4.171054,0.3955985,-3.3067887,3.715019,1.4837722,-0.33401844,1.2698326,-0.033225097,-2.3794305,1.661965,1.8884546,-4.0122266,-3.22209,-2.7009168,4.9861927,1.4645793,-0.21297957,1.0374507,3.9920483,0.75960386,-4.4696236,3.600146,-0.17789043,2.7462668,2.9172487,4.675517,-0.8454239,-2.6032736,-1.8910255,-5.0007143,-0.061999284,3.8154259,0.118935585,1.1212394,-2.133641
C1D,-7.906049,24.75937,-17.294863,1.72173,-2.8169496,-5.738193,9.102212,-12.931104,-3.1429677,0.14464967,-2.7447052,13.310147,5.2253594,-4.054423,3.454812,2.3490474,-0.072657265,3.691912,7.236712,2.7393184,-5.757857,4.4606733,-0.99713606,9.696557,4.4308667,1.5622898,5.4398403,-4.2825394,2.0420847,8.121136,-4.6195436,-2.3456864,2.5883095,0.2303539,3.061929,6.8097644,-7.1275296,11.288127,-0.88141835,-6.17207,-3.9637644,-3.1434011,-8.872704,-1.3836803,0.36681604,7.862386,-0.27303293,4.0415187,-0.07867037,3.352362,-3.5533025,5.7427382,-1.3953109,4.0706277,-2.24231,-2.2006173,4.099879,0.60221624,1.6069785,-3.26976,0.7465796,1.8615123,6.145062,-2.114644,-1.7643628,-2.7512527,-1.4500157,4.782454,-1.56592,-1.4050573
CABIN1,-3.8996646,-3.3678415,-8.865754,12.706849,-6.47017,-5.0509973,1.2804936,0.20398016,4.827934,1.0562904,9.0582695,-4.0295615,-4.6408896,0.28603697,-3.2791293,2.9438426,1.6876739,-1.4421148,4.732314,3.3254952,1.2144191,3.2091248,2.3460546,0.366867,0.8722206,3.6629791,-1.7190017,4.821962,5.633947,0.7806805,1.373046,-5.6456676,-5.535856,2.821469,2.2147584,-0.73023474,-3.8288238,-2.4548635,0.5046652,-0.88944066,-2.229036,0.85366005,0.18808195,1.3518858,1.4071516,-3.7051027,-0.7840403,2.2048283,-2.446233,-2.636687,2.6888952,-2.1978683,-2.162064,-0.72278124,-0.6967126,0.37096518,4.756985,-3.9597747,3.804737,-2.4802651,-2.6290386,0.07055017,-0.91661924,4.5315604,0.47820327,4.03021,4.2620797,-1.7765242,0.058263067,0.3174593
CALCOCO2,76.56494,-7.3674474,-25.770067,-6.263642,-3.9339366,-2.8399515,1.5474386,-4.7234726,-1.1956754,-5.7873774,7.0770764,-0.72471994,-0.34618872,1.855235,-1.2812251,4.1852627,-8.469748,-1.2639271,3.086246,-2.064638,-3.244903,8.332712,2.1768558,2.946911,-1.9245834,-2.6761107,0.9150422,2.8075898,1.5113078,-4.694199,-3.142541,-2.5444734,0.68622,1.015777,2.0853844,-1.9462162,3.5854871,-2.3071873,-0.82793456,0.2087963,-1.2128657,-1.4311587,-2.9388344,1.5628617,-2.641916,-0.24038237,2.1712606,-0.71695834,-2.4767578,-2.7085276,-0.35243627,0.06575897,-0.4798791,-0.62357146,2.109267,-0.12002626,2.156206,0.62222457,0.51695704,-2.139929,-0.28646228,1.6766102,0.30107042,2.3199763,2.689267,-1.5642152,-2.1903932,0.10461937,-1.7393663,-2.266437
CAMSAP1,29.104445,1.8346256,-12.154971,-7.3233714,-3.433028,-4.485358,9.529725,-1.8645309,-2.4706414,13.655665,-10.242144,4.6119037,3.4380968,-3.2791266,2.3958848,-1.8331761,4.918033,-3.0654032,-2.0440078,-2.9249854,-3.6519935,4.8052597,-4.2733817,-3.0185468,2.2211668,-2.463738,1.1442243,3.32731,4.0595436,-0.15561192,3.0818186,5.6216493,3.409311,2.581667,-4.11602,-0.006299587,6.339205,4.4280133,-0.69521075,-4.963291,-2.451983,2.0101833,1.3820016,-2.9384365,0.7853144,3.4157693,-3.2403145,-0.86340827,-2.5385103,-1.6680778,-2.8966503,0.039223984,0.09981868,0.7501428,-0.8892247,-0.9780715,1.3244399,1.236748,0.79308736,0.0060499925,-1.2057282,-1.0843886,0.60658574,-2.05409,-1.5047803,-0.11591155,1.4714619,-1.8956212,-2.5681806,3.773462
CAND1,-1.700785,-16.550764,23.796503,-3.2577994,-1.5654218,-8.818358,-2.350462,0.6539831,21.155413,-8.772816,7.918936,-14.504729,-3.9841964,-6.262221,0.339279,-2.6697378,3.1673849,9.4820795,3.3006587,-1.6747532,-0.71578354,1.3988639,0.72228026,7.754259,-4.792335,1.1270959,-0.15826158,-6.021148,-8.147993,-10.077186,13.58489,-12.257377,7.9084706,-7.0963526,-7.3232427,4.7204785,3.5511906,1.0363809,-3.4083703,2.6308074,11.041214,-1.0807728,-3.0039365,-1.0498579,6.5845985,-3.567742,-3.4706132,-0.86695063,-3.5801642,-1.3775111,4.581918,-2.1623356,-1.5527766,14.620123,-1.7972561,-6.611025,-9.882632,1.6303959,-5.638528,1.8080134,-3.343051,-4.1514044,4.4666386,3.4594426,1.9498336,0.44905874,-1.129345,-1.5663234,1.632129,-0.56663615
CAP1,6.861938,-18.197348,16.063606,-6.900388,0.16433956,-0.50297314,-0.6753487,7.423932,-3.219132,2.7358313,-1.5961452,-8.661751,-0.8927694,-4.205276,3.6717045,-3.0285063,2.4029787,1.9120085,4.9604354,-1.4320992,3.6472328,-4.129574,-0.43113273,-0.47053382,-3.1920495,0.1087418,1.1663091,1.3432951,-3.1381226,1.8123779,-0.33271587,-0.6257569,1.7109101,2.8112156,0.3044479,0.5599888,4.47644,3.6833997,-1.4482855,1.6078953,2.0699916,-1.890202,3.3003893,-0.8853114,1.4215354,2.404624,-1.2154769,1.5712663,-4.875583,0.20325573,1.8067694,-4.129815,1.4083812,2.5387328,-3.0583715,-2.6241899,2.6897404,0.29494274,-0.1566495,0.21348064,-0.59870595,-0.27532932,0.51972914,-2.651855,-3.7436392,-1.4068781,2.371939,-1.377229,-0.36784127,-0.5451121
CARM1,-3.5562587,-4.1540046,6.425047,1.2518251,6.4377575,0.6157348,-6.018303,0.91628295,0.18337451,1.3010874,-5.0506253,2.314636,0.720675,-0.21570541,-7.233881,-0.9277159,-9.681631,3.013182,-6.504444,7.2461343,-5.0138674,2.1764338,2.912303,-1.0213578,-3.8365934,-2.2868707,2.5642352,6.220689,-1.9190928,2.2825181,5.3228507,4.308992,-7.7486124,-3.6192367,0.2414637,-0.3214472,2.6521618,0.598419,-0.8946169,3.622977,-2.3664625,-5.2108583,2.0888615,0.80231416,-0.96670383,-1.2567258,1.8577043,-1.1677433,-7.2053046,6.0296097,2.8470185,-2.2364497,-3.424535,4.270498,0.7434522,-0.34309682,-0.56750244,-1.7689351,6.474508,4.043206,4.544665,3.8336158,-2.1102624,-6.661292,0.86161506,-0.36814785,3.1456087,-0.23243842,-0.05782533,0.6505164
CARMIL2,63.54696,-12.486135,-0.37105757,-10.223777,3.9437401,1.6727587,6.6887074,-7.134448,0.31071404,6.9843144,-12.403389,2.581328,1.1754743,-9.718927,9.106242,-1.280562,10.592788,-0.71289825,-2.8986688,-8.856075,-4.367018,6.748546,-5.5797806,-0.5410619,1.2990897,-2.8959274,-2.930827,-0.47479996,3.5032847,-2.420164,6.556384,5.920391,1.5022976,-2.1408238,-8.348943,1.0762163,6.367892,5.694858,1.5164552,2.6735783,-4.685663,-0.5230847,3.1748798,-1.6514654,0.96421266,3.5702093,0.49995908,1.8461694,3.0784075,-3.1414044,1.1675586,-3.1983187,1.0895404,3.91786,1.1236802,-2.9148777,-0.38367745,-1.8620864,1.9549966,-2.8261611,3.5715792,-2.6131978,-0.118800715,-2.1346278,-1.8194782,-0.12856784,1.0810816,-1.0093032,0.71272624,3.606694
CASC3,-3.6585052,-20.749895,0.3878603,10.444769,3.5807705,-8.562699,-3.4119887,8.646749,-3.5809565,-20.413172,-14.43931,0.3650041,13.971846,-16.001953,-2.8294628,-14.348194,-4.322732,-29.253592,-14.583577,5.3949146,-10.549617,-0.44400665,1.4435903,-0.029481908,10.970609,-5.3714156,0.56732666,-5.461781,-0.88272285,2.426189,3.3460073,-7.89168,3.2804039,-2.7769852,5.538447,5.7393804,-5.4866476,-3.2887073,2.1898148,-4.5067596,-6.368243,4.981322,5.586336,-3.309102,7.528166,4.1738725,-1.2303302,2.0750186,1.9706653,-2.168785,-5.6659446,3.5646455,0.53948355,-6.869395,-4.9945993,-2.5279546,-1.9730241,-3.7717414,-0.07132528,-4.471075,8.3305435,1.8476987,-1.0281588,4.5384536,9.033227,-7.1177835,-2.5290651,-1.4664717,3.5627365,-6.0572157
CBFB,2.6515846,-42.23539,12.675551,12.428701,10.198148,1.2787316,-11.6992445,-10.365358,7.6193104,-9.465211,-0.82238686,3.534809,-9.057786,7.5195565,7.437374,7.2549047,10.374269,-6.811717,2.4881103,9.192624,-7.5202885,-1.7925615,-4.4150114,-7.70191,-2.0357337,-0.1248089,5.818711,5.226303,5.28205,1.9236895,-6.3478494,-4.7173123,0.26822677,0.46931213,1.9942214,0.6421003,-0.5589097,-4.9085374,2.2819197,0.81636834,-0.08194438,-5.52553,-4.0275555,4.7045617,2.1138854,-1.3794569,-5.8406568,6.2877226,-1.3736386,2.939284,-0.7981551,4.5147877,4.9315014,-2.0752368,-3.9457822,-0.3330211,-5.8284507,-1.0723453,-2.8327148,-0.9457323,-1.7619442,2.0366457,1.6987176,0.19616559,0.730551,-0.7760976,-1.7841568,-1.2750107,0.76941055,-2.5843081
CBLB,-33.253204,12.997998,27.321589,-13.92543,-9.167319,23.049774,-7.4231534,10.008625,-2.7535284,-4.373381,1.5527654,-7.90159,5.7081046,0.46087745,-9.80641,-7.5223646,-9.033143,7.5935035,0.22922346,2.8669937,-4.8015146,-2.0781128,-3.7525585,7.4699054,-8.500425,-3.3974607,7.053704,0.85481215,-0.6667715,-4.8821297,-3.0709918,3.5609372,0.07965038,1.5586495,-5.7017775,-3.1471741,2.158875,-0.6170528,-9.279429,2.2659688,2.674391,0.6845091,4.371706,-1.9369974,-3.0114746,3.1136231,0.6406538,0.38454616,2.2148511,-0.038917895,-0.36410162,0.26052442,0.012887017,-2.3707347,0.08264138,0.4160687,5.9643807,-0.5036542,2.2753313,-0.14675322,-2.6626987,-5.2442427,-0.100280605,-1.7321454,-1.5706408,-3.3759742,2.829648,3.224037,1.6566837,0.8721381
CBLL1,11.918574,-0.27819914,-7.7900043,3.2262225,-10.910075,-0.82769746,-7.2221932,1.6880515,3.1518414,8.05818,-0.85686386,2.31742,0.9951478,-4.1294165,-5.5937667,7.4586315,0.34845123,1.5373331,-3.844556,4.772192,1.9923753,-4.585425,2.8751543,-11.330064,3.0508728,1.2545537,-2.9393196,5.010325,-2.0170398,1.5471523,1.0372071,3.64123,1.0213982,-0.57777804,6.783089,-2.2785192,5.7165203,3.0691907,-0.36812717,-3.1338677,-0.33292028,0.8502856,4.53506,-3.2228801,2.8865976,3.135125,6.3859406,2.879514,0.21416588,1.7740004,2.8008785,-1.9619691,-1.6456553,1.3606883,-2.1865475,-3.2857552,-0.7898115,-4.9442787,-2.935494,1.8614055,0.631117,-4.374977,-6.539246,-3.81756,0.73419297,-3.7302837,-4.6824436,-2.5387316,3.0959778,0.48636866
CBX3,0.58185107,-17.941435,6.8276587,-0.38718206,1.8270494,-11.169372,-6.5347676,9.002712,-5.318187,-0.90694916,-3.3234959,-0.74687004,2.0675516,1.4522359,2.8937044,2.902938,-0.4318,3.2339718,5.2657094,7.0640445,1.9003075,5.1916122,-4.5826464,-2.4503527,-1.0725706,-0.23754518,0.76133287,4.4940157,2.0348554,0.2401314,2.6279,-1.2457273,-2.8357978,-1.4590788,5.156794,-0.64855593,2.3367903,3.0900402,-4.874165,3.3034966,2.7719586,5.189725,-0.4675291,2.3383715,2.7063515,-2.773419,1.8304044,1.57524,1.6999925,1.1875643,3.4508197,0.05959553,-0.62593883,-2.7859943,1.7154397,-1.8508589,2.394741,2.8610723,2.0873826,0.9809262,4.1818843,3.73997,1.4686357,-2.3361564,0.17515285,-1.2074884,-4.8038807,-2.135004,-1.1285697,-3.0970438
CBX5,-10.19073,-9.353061,5.773753,-10.031109,1.5620844,5.8771276,-5.895692,-3.2360492,-0.81667894,11.982654,-2.6688576,3.3008003,4.990439,8.398347,2.323208,6.532473,1.5366318,0.22561857,-3.5004,4.4004893,-7.126853,5.0602064,1.4066075,-2.1767762,3.146761,-2.1614335,-1.9605097,1.7253999,-3.8168297,6.8935,2.4669824,-7.289924,-2.3201866,0.2680946,-2.8078022,0.14259283,-0.9507448,3.135694,2.4137197,-2.044256,-0.4514705,-1.8343669,2.9082916,-5.96115,1.4380282,-2.254037,1.2834853,0.22644192,-0.016286038,1.4493283,-0.12011416,-4.0074434,2.5432262,-0.9211967,-3.5329933,2.5128963,0.71282,4.955706,-8.26217,-1.1760719,5.44895,3.2659407,6.718056,-1.1140851,3.2235627,7.735547,5.0277686,-3.3130512,0.054021493,-1.4973395
CCAR1,-25.484053,1.4101021,5.455309,-5.5802555,-1.6863174,3.1173763,-3.4650452,-6.8485737,-3.6023965,-1.6206607,2.538494,6.3234224,0.62035567,0.44495395,-3.3871644,-0.7094825,-4.2716403,2.3175566,0.31012133,1.7949139,-3.3801284,-0.45971775,-1.4709558,2.5717986,-2.5760896,-0.12803473,-4.0110397,-2.7385843,-3.9156232,-1.0404196,-0.46883616,0.37824535,-0.5518395,-0.7908407,-2.0326867,-1.6236038,-1.1492622,2.106022,-2.9717011,-1.1358862,1.792772,1.1372188,1.5670009,-1.2494773,0.86421335,1.4005586,3.3722024,2.6114824,1.6900867,0.71271366,0.6705141,-1.017913,-1.4982697,-2.7570198,1.6459011,-4.33722,-4.811583,-0.9752927,-1.2424945,-1.505254,-1.9008596,1.682357,-0.90588564,1.1231414,2.45354,-1.8666775,-0.9682097,2.563608,0.7798944,0.16873333
CCDC12,2.7224994,-32.447323,35.026196,-9.991588,5.0125256,-0.32921898,-2.760111,1.5950732,5.958035,4.0274415,6.3562536,3.3438022,9.383381,-8.674001,0.87622637,-1.5860146,5.1395397,-1.8217431,-0.9850524,-6.273387,0.058096625,-2.2984545,2.2179425,0.2678956,-2.4175267,-1.8854692,-4.161438,1.0433989,4.272166,5.0534277,-0.15590024,3.6495352,-4.299076,-1.7032876,2.4060538,3.1340134,-1.6299046,1.5091482,0.6121638,-1.8090672,1.3808811,2.6156638,0.78685147,-2.5673366,-1.1410322,-0.75698704,0.0266721,-2.7606218,-1.9273069,-4.310105,-3.5936656,0.85699373,0.4469393,3.2549136,2.1054788,2.3623972,0.9148112,1.1868622,0.5896781,0.36220595,-2.1426785,0.8129292,0.96655595,0.25951225,-2.4278877,0.35948935,0.36887705,-2.0268521,2.2469766,0.60578865
CCDC6,-7.6995454,-9.327559,6.6563616,-6.157671,3.3890657,-7.3663225,-1.7460667,3.6456356,6.6579275,-7.943514,1.7770178,4.996694,-2.029142,5.061565,-4.298875,10.282939,-4.4986963,0.9570811,-0.08000081,8.373466,0.8043412,0.97129416,3.0175104,1.527665,-0.04119376,1.4926283,5.296013,2.1433504,5.2593856,10.720371,-1.7699758,9.476087,-0.7095245,-5.0314937,-2.797232,1.2303684,4.700088,2.2671983,5.5359836,2.2373898,0.15989356,0.5959531,-1.9525514,2.7416444,1.8265352,-2.011165,-0.35521924,2.6217756,-6.1485977,0.76530576,-9.669823,0.9232381,0.38320768,-3.8943903,1.1047934,-0.94179165,-3.5835118,-2.380034,0.24338552,0.43885133,6.9389057,-1.4824487,1.5065671,-0.805433,2.3499246,1.7163432,-1.4619116,1.459877,0.76189727,4.768716
CCDC93,-15.116793,-5.7084327,-7.76818,-3.0610793,-9.036383,3.3747163,-2.557888,1.8952606,-5.270562,2.3211992,-0.25400177,1.5608791,6.308524,-2.974251,-4.2203536,-7.7559266,6.8304853,2.216306,-2.485506,-9.608751,3.6302755,-9.045845,1.2381554,-1.1835976,-2.4661982,4.5866795,0.016409567,-2.8843148,-0.35148263,-0.72604454,-2.6764145,-2.0294387,0.9872562,-3.6672733,-2.287265,1.1213267,0.87515277,2.7110033,-1.717272,0.446268,-0.6577547,-0.41822842,-1.2943078,0.69886714,1.8677167,3.2266273,1.7106519,-1.7460418,2.4955962,-1.5575361,0.016623475,1.1361238,2.691535,-1.2930415,1.2035905,1.4638662,0.89729303,1.3529955,0.12766087,-0.54833764,-2.3111422,0.6641822,-0.5156558,2.22543,3.2080395,-5.381623,1.9831065,1.8457084,0.55699086,2.4768987
CCNA2,-0.9369873,12.169389,25.147104,-18.760872,3.7090216,-6.3653903,4.7707367,-2.3280408,0.23654516,-11.108017,3.004333,-0.56686056,-3.471636,0.2874977,-4.3465066,5.9541197,3.8155766,-3.855337,-0.87201715,0.9032761,-0.63111806,-6.1276064,3.471585,2.84944,2.3685405,-0.45422232,-4.189022,-0.49265438,2.9321294,-0.81832224,-0.10839119,-4.6422977,1.5988729,-1.9805437,-2.4217353,5.941713,2.5324335,4.1802855,1.0019507,1.595814,-2.6047812,-5.451502,-1.025554,1.0431784,-0.618396,-2.9865563,-3.642094,4.069091,-1.0769087,-1.156915,1.9008042,2.3280194,-1.7860392,-0.7492874,-3.5611315,2.1539526,2.749921,1.6597509,4.686778,-3.2395,2.4865868,2.449838,0.521569,2.809147,4.7461643,3.6223176,-1.1083792,0.12766866,-2.341854,0.99278235
CCNC,-5.8628263,13.010757,11.99678,31.28288,-5.6311393,-4.4933157,-19.249502,0.15836333,-15.3502035,-18.473299,13.200974,-9.42076,-12.965663,-1.0972904,-3.9401672,1.7252072,-4.977991,-6.319397,2.9345613,-4.3157754,6.947683,6.93974,-18.542763,3.33497,-5.7656455,2.938375,-1.8576905,-9.632132,-6.6341143,15.311664,3.1526818,5.8859406,-1.504237,5.7192636,1.2897092,-0.16194777,2.4808362,-0.23194464,8.242248,1.767654,-0.12105281,-3.9864588,-2.7765636,0.28402996,1.6864179,11.200391,2.918237,3.5623364,-7.9101944,-1.8661821,-1.6434765,-1.1151098,-6.383961,-2.002222,3.3439584,-3.5979347,2.7122831,-2.7509534,-1.2407446,-3.7160392,3.554527,-1.4500805,-1.2482123,3.2675042,0.97606426,2.9869409,-2.612987,-2.8135831,1.8219815,1.9686842
CCNF,-14.777294,13.636417,-5.9033127,0.8241735,-8.065712,-9.086436,6.0815535,-6.489936,-0.98675245,-1.1121515,-4.7100606,4.841608,-4.836376,-4.548599,-4.427158,-2.3154223,-0.20599984,3.9405193,-1.4665569,-6.7424173,-4.5095043,-0.4388991,0.24544473,1.1725672,-5.295944,0.99171144,0.4008479,-1.7795691,0.48195106,-1.5707881,2.129027,-1.1164491,-0.70091265,-3.6734195,-0.46368554,-0.21996352,-0.59114975,-3.9173741,1.9960086,0.18086089,1.4139987,1.2618306,2.2126951,-0.8101938,-2.7913616,-1.3777392,0.50755274,2.4512398,-1.8191556,0.2822127,0.20603815,-1.6224983,-4.313926,-0.6387063,0.77941436,0.3723821,-1.8116943,1.3714966,0.8274887,0.31847596,0.08584342,-0.15220618,2.9672065,-1.1667339,0.36870366,-1.5408642,-0.77781993,-0.23992728,-2.682054,0.38631716
CCNK,-23.319473,-0.5691542,-9.957643,13.295317,-5.5808773,-10.887608,11.944007,-9.0352545,-1.0730957,3.3998733,13.663957,-2.0048678,8.832394,2.2802672,-0.92067254,-0.017586492,4.3022594,-2.344724,-4.935178,-5.372644,4.006594,-4.8953285,2.145975,2.745185,-3.8263857,1.2407768,2.1539013,-1.778135,-4.2541,2.6877062,0.8889982,2.1454682,4.4775763,2.612873,9.709242,4.797949,-3.920109,-1.0458174,-5.1999006,-6.0712986,2.069811,0.4775645,1.4216498,1.4989622,0.8343147,-0.08428318,-4.230259,-5.4651337,3.0478506,-3.3928301,-1.7480177,-0.20002446,1.9698462,-2.7229373,0.5232181,-1.60014,-3.2331424,-0.95095485,-1.3751312,3.983885,-0.2997534,1.8237045,3.927755,4.13297,0.6590243,2.920089,-1.5461243,-2.1966445,-3.2716546,3.9022913
CCNQ,9.9890785,-3.918582,-4.763821,16.82269,-6.031667,-11.23628,10.114058,-3.2810292,-2.0431697,9.624924,11.099676,-4.5632873,0.19800586,3.8501422,-2.8837824,3.498288,2.5893376,-2.0368752,-2.4762318,3.421764,4.0163503,-5.460708,-3.3010063,-0.5760404,-9.951334,-2.0709012,0.3909438,2.692264,0.2957454,1.0617299,-0.90357494,2.105487,3.7625246,3.0538151,10.2192135,1.808754,-5.0601807,5.2534785,-6.304407,-8.894175,-0.6574433,1.7186561,-3.1583352,-1.8210297,-0.71108353,3.1584797,-2.8244884,-7.9708343,0.22818033,-2.1497424,-2.532707,-3.061953,5.6042833,-2.2266936,-2.4497547,-4.50411,-3.8952124,-0.25832307,-3.5072827,6.445592,-3.1931543,2.928377,5.6051493,0.38337934,3.1457934,-0.95938855,-2.0052378,-2.0871148,-2.648292,2.7279184
CCS,9.249519,16.801113,3.5602517,-10.1335535,-8.8759165,-12.01206,3.9577837,-5.757577,-10.185151,-9.162633,-1.024683,8.36877,-8.569015,-10.532609,4.6707397,-3.8084793,7.5781674,-0.5384571,3.7368414,1.7490441,3.0666714,-0.3434907,6.2273192,3.2516556,0.17455372,-0.9040581,3.292616,7.552157,-1.6625901,-6.8263354,-4.618111,0.93458533,-4.8430004,-0.47532433,-0.7325033,-3.2937608,-1.0756751,3.6823602,-0.63830364,3.26478,-1.1538407,0.6338537,-5.2924094,1.0770074,-2.10177,3.7644405,-0.67712104,1.477208,2.5816412,0.2135277,3.224265,3.2450097,-1.1917696,3.5704336,-4.492762,-2.3556201,4.173937,1.2883801,-0.08561215,-3.1639862,0.8066973,4.2877736,0.27078682,4.1752515,-3.8757617,0.6462923,-2.3185408,0.29375178,0.87862253,-0.18049207
CD2,13.157976,-40.03447,-14.12057,19.182467,2.6097515,-11.428895,3.2697601,5.6784105,-0.064386755,9.899205,5.0879903,1.9101696,-7.0957294,-2.6602023,-0.8437167,4.7905717,1.4386296,-4.2911925,-1.72823,-0.7053453,1.5996292,2.8189943,2.6705575,-2.832664,2.7288508,-2.6892824,2.4577374,-0.5068074,-1.0962644,3.3558288,-1.900525,2.347944,0.97002673,-2.6702588,-2.2704337,3.1801949,0.94122523,-2.6025777,-1.2846391,-0.98767287,-2.4761317,-7.973243,-1.004604,-0.021896033,0.95541525,-2.9207273,-1.2851958,4.7758913,-0.012897835,0.62246597,2.7922535,-0.15368755,1.9517484,-0.38319647,-3.303116,2.4125342,-2.5340295,0.022890957,-0.5245898,0.693466,-3.638166,1.9052523,2.3906033,-1.3554701,-0.89125824,0.5411806,2.219231,-1.0968332,-1.9203856,3.8614647
CD247,128.54407,-19.951952,-23.877777,-18.680555,-7.4950895,3.7515228,-9.46174,-14.768187,7.370041,-1.2305131,8.89146,0.94757384,3.7355797,0.6226524,4.9468966,1.9634466,0.621451,-4.478169,-3.5864253,-2.0873935,-1.7405959,-0.35074064,3.5111365,-1.0863323,-1.2661324,1.2225953,1.8787551,-2.9352074,3.106173,-1.760611,-2.6620636,-3.6805463,-2.122006,1.4296081,2.9782197,1.0679023,-1.3236198,-2.2695787,1.4819973,3.636664,-1.2643896,-4.291321,-2.999071,0.80626076,1.0291241,2.3645673,-0.46780044,-0.49074236,-0.25250235,-0.93004936,1.122156,0.6848389,-0.94348264,-0.90202355,-1.8039366,-0.4301219,2.6306849,1.0694555,0.8329066,-0.37278438,-1.377625,2.7756405,1.2341136,-1.438616,0.5317566,-1.6650175,-0.417606,0.47889858,1.7257835,-1.5395452
CD274,22.799438,-6.5170975,2.5218587,10.838957,4.7026696,-0.80241597,-4.2638974,-0.9396647,-7.725484,-0.9228025,-6.6187778,-7.2470775,-0.09105972,1.020234,1.4059165,5.712511,-0.6682898,-1.0453777,-2.3684835,-2.8497941,6.546208,1.9241351,-1.1347253,-6.373117,1.7714328,5.1335387,0.45880213,0.06892335,2.2648923,6.4200015,0.51024336,-0.33048677,1.0498489,-1.2900587,-2.2532718,2.7014723,-3.3139868,-1.5490986,0.60934645,1.6329825,0.39399236,-3.5662565,0.933788,0.7070903,0.6764739,-1.5108669,2.2639573,-1.9786764,-2.345106,3.301255,0.75344026,4.5820956,-1.7267607,-0.9039164,-3.470663,0.9213715,-2.130335,1.7269055,-1.4193027,1.4769536,1.426208,0.7610715,1.7198046,-0.06203846,-1.1421732,0.64836806,-1.386268,-0.1373844,-2.3410552,0.15836072
CD28,41.18085,-8.46663,-1.6209947,-13.1109295,3.0573454,6.3028073,8.210419,-3.7334049,1.092646,17.233986,-13.280767,2.9165933,2.352523,-5.8775196,7.40914,2.8460083,4.9549704,-1.9600595,-2.2995613,-3.7250502,-5.2829638,9.867204,-5.409945,-2.276614,4.421481,-4.820468,-1.9740024,5.564272,3.227119,-1.4745175,8.202652,6.5073395,7.895209,5.055721,-1.9966571,-2.4627788,5.944179,3.8151128,-2.0097134,-3.9855294,-1.2281392,-1.6264228,1.472543,-3.1310961,-2.8275712,4.816283,1.3876389,0.2562171,-4.5467944,-3.6873248,-1.2390205,-0.83608025,0.32683742,1.399963,3.9490578,-2.0211086,0.6409425,-2.092546,-1.697472,-3.5356154,1.9317666,-4.563072,1.1424845,-2.8741305,1.3590988,-2.2429185,-3.735011,-0.09424535,-4.2310963,3.3037364
CD3D,159.61038,-10.642646,-32.429825,-28.281343,-11.244341,9.187528,-7.5522766,-13.230363,-0.587704,-9.59587,11.177568,2.3851843,0.1716195,9.168393,-8.175514,-3.0133805,-8.031996,-8.965711,-0.18793306,1.2535534,-6.0213,-5.892072,-2.4903743,4.3550525,-2.836916,-0.64826345,1.8081317,-1.106185,-1.8868309,-3.8707197,-3.3418212,-4.260545,-5.867348,3.897829,-5.9431825,-0.89348346,1.600006,-2.1580718,-0.6581818,-4.958751,3.1148198,2.5807815,1.6666366,1.8726035,-0.32340273,-0.15532401,-2.176989,-0.32454622,2.2498362,0.9357131,-2.6574123,2.679252,1.6617837,-1.1283877,5.702025,-0.08501641,2.3209643,1.4830339,4.6870565,0.17630208,1.171313,2.4210417,1.877258,2.3281655,-2.9332316,2.1289225,0.63116705,0.63812387,-0.87491167,-0.044320133
CD3E,181.09001,-5.737933,-36.13808,-25.171053,-9.888922,9.587344,-4.692917,-15.149164,3.6122627,-5.632646,9.802835,-1.7487513,-3.036051,7.145673,-9.551267,-4.360879,-4.919264,-2.5102623,-0.7497777,1.1581138,-5.748155,-0.41860276,-0.7953451,6.8341565,-0.94606024,-0.48765093,-1.2832766,-3.9714484,-3.8663416,-4.468513,-0.5434324,-3.5602403,-0.0296961,-1.2681396,-1.1441892,4.701665,-2.097421,-4.5448675,-0.2750627,-0.64551,2.8602612,2.1537251,-1.5308632,0.87031674,0.48742697,-1.1953763,-1.003589,-0.10643711,2.4166708,5.3959823,1.8867396,-1.4693576,-1.7401187,-4.7472296,-0.92671955,-0.5355816,3.923542,3.3235497,0.030737596,2.3807847,-1.6348042,0.97061217,-0.18783894,0.2402542,-1.6734066,-0.38060385,2.3521807,-1.0534182,1.8089293,-1.779206
CD3G,154.4152,-30.16638,-32.328815,-18.684803,-2.3415127,8.752748,-8.748316,-20.242794,7.4257126,-10.372771,16.320408,0.95795065,1.6895345,4.300253,-3.1687295,4.0020084,-7.617791,-6.929798,-5.283935,0.65030056,-4.002758,1.5012217,2.4905488,4.1964064,0.20700248,-0.2676943,-1.2246542,-6.698063,-3.601215,1.1487076,-1.0796657,-3.286873,-3.00641,4.725135,0.041424282,1.3975512,3.2542224,-1.5757445,-0.7539209,-3.1102824,-0.41557366,-4.56764,1.4232694,2.345729,-0.6945607,0.4731837,1.7305653,0.22924557,0.6639251,-1.0554069,1.1597025,2.2242193,-0.6710679,-3.9382603,0.32923794,0.87424594,2.7395096,-0.2667317,-1.3433193,2.1683314,1.2594041,1.023797,0.8532581,-0.016983049,-5.759867,-2.1403546,0.22094294,0.3192826,-2.8024452,3.9974835
CD5,-26.033392,-5.81835,29.725489,-6.482182,5.7594934,8.03131,1.9116528,5.3887568,-2.7678351,-5.0252075,-1.5742928,-13.970819,6.944694,2.8054974,-11.773227,3.4437015,-12.815159,6.9949036,3.0073287,-0.6318593,-7.7491727,-5.7585692,-1.153307,4.5946035,-3.007361,-1.7909274,7.5490437,2.6581347,3.6606107,-4.82686,-0.8220069,0.96383137,-4.12905,1.1422324,-6.200451,-4.2718396,-0.0005531232,5.2958465,-0.9003302,-1.1779104,-1.1116196,0.7157218,2.0523,-1.164261,-3.815633,-0.7976884,-2.6670828,3.0299208,4.186045,-0.48847282,-5.8852663,-2.674854,-0.040477864,-0.84712875,0.8222835,-0.06413807,0.6181105,-0.7072342,2.0664566,1.6886915,-1.3013287,0.85632294,0.39002526,1.9166672,-3.8272538,1.1342062,0.88821214,-0.62675077,0.006118475,-0.41409838
CDK13,-2.8377628,-6.9648457,-3.4180727,-2.8471541,-6.3972626,-5.6660066,3.558515,1.8554964,-10.700735,4.5238776,2.9442506,-9.601404,-6.760426,-2.458999,1.0432968,-11.597138,2.8029115,3.2012339,0.17300953,1.6441272,1.359992,-1.2052962,3.9285653,-2.4245613,-7.309295,2.585432,-2.7631211,0.8608039,-1.7150967,5.2526226,-3.8313415,8.665996,9.269376,-1.4240048,2.4837108,9.168302,2.7931173,-5.5174565,-9.421271,-8.706307,-10.48516,3.063062,0.86236423,-3.0874524,-6.0593777,1.9955682,-8.516185,-4.516372,-7.13665,1.8221674,-5.015173,0.14256726,3.1320233,-5.51829,0.4743088,-2.3227665,1.5527036,6.023888,-3.9838612,2.3599305,0.2743251,0.1154714,7.1328626,2.890864,-1.7336633,3.9231973,-1.2948096,2.1086657,-1.9406593,-0.6841004
CDKN2AIP,-0.9199543,-6.2079062,13.073448,-4.065104,-2.0706222,-0.0184043,6.44494,-1.3408428,-2.0118277,-1.0894256,-0.040009085,-4.8982806,0.24719214,-0.32534626,1.9833403,0.72275424,-1.7948369,-1.5496955,3.726555,-4.6957746,2.3200867,-2.3924677,-0.7446406,1.2137634,-0.6201088,0.39889562,3.9715316,1.7536364,1.9576217,-0.95113105,-1.6168572,-0.489597,3.5637577,2.8517208,3.425417,2.0296786,0.7446608,1.6064551,-5.5131297,-3.8873487,4.0200977,2.378216,-2.8519166,7.297594,1.9274545,1.2909358,-3.912737,-1.6921631,0.75044084,1.3057642,-3.7048633,-0.47680092,2.9736779,-3.830123,0.07780225,-3.5708804,-0.08729114,-0.35365137,-2.9178786,-1.0100716,0.10778942,-4.3971314,-0.20706013,-0.48165527,0.12555811,-0.6975491,0.68629736,0.2564489,-0.27052388,0.5797512
CEP43,-8.604211,-1.4301353,20.916307,-8.568226,2.8992295,7.3714585,2.3001842,-5.1087084,-4.2029133,-1.6917548,8.175425,-3.4252026,8.630061,-3.6222079,5.5315084,-3.4313982,2.7566543,-5.211751,-0.33995432,-0.2997084,5.373416,1.6467227,-0.30104783,-0.18890947,-6.024279,-3.0341065,7.6783156,-5.0476823,-1.1014963,-1.4244163,0.9309629,1.2768018,-1.1978288,5.5875945,-1.1068392,2.7931836,0.18586883,-0.9482575,-0.067697644,-3.0472016,-0.38716805,-4.5708647,3.455574,-2.236976,-2.5633907,0.9292153,3.8773606,1.3841403,-0.78304946,-2.1632142,5.042201,-3.6377943,-1.1545458,-1.7364341,0.9200498,-1.9861114,-5.0931134,1.3227242,0.31445014,0.41406465,-1.1919456,-2.4636295,-1.1543838,1.5580809,2.3579173,5.0350847,-0.009725498,1.2654163,2.4647768,2.0707386
CFAP20,-7.059913,0.43047962,-17.382475,0.20329833,-4.8971586,3.2815218,10.658688,-10.182363,-1.3337277,1.9839236,10.222572,5.667646,-2.7756796,0.25101465,1.1518159,1.1442397,6.538978,-3.4323065,3.264884,-4.218877,3.0830834,-3.3082695,0.3453817,-6.4136596,1.5198922,4.909829,1.3861145,16.553524,0.023722174,-3.4534981,2.0790749,4.033032,-1.7847782,0.772961,-0.17744212,1.3613158,8.633545,6.7025895,3.9045267,10.330545,1.0317299,-2.2265909,0.16594969,-1.2427002,10.35368,-2.219525,-0.87542236,-7.849876,-2.4050055,1.1558591,-4.8102317,-2.7496684,-4.507373,-7.4510493,-6.1987853,3.5907564,-2.2952783,-1.8362483,-3.2823818,1.9430704,1.149838,7.9562325,0.5161715,3.8995006,2.2716396,-0.7585047,7.821442,-3.8858905,6.751362,-2.2479243
CHD4,3.078059,15.68489,13.841096,-4.516242,-4.93768,-4.285747,-0.9462781,8.9402275,-3.7323418,13.557789,19.233406,-3.4334702,2.089917,2.0493972,-7.2141314,-3.296103,18.537968,-2.7238388,3.5741043,11.889188,7.0638523,7.9307356,-9.703198,-0.0075160093,-3.9471753,8.69194,-3.9459453,9.040616,7.997099,-4.151057,-6.506832,-2.4940107,-4.81987,6.1556807,-11.065166,-4.884911,5.216896,-1.6822169,3.41556,-11.877998,-2.2544577,-2.595743,-9.9402275,7.9110346,7.274829,-3.2419627,1.1805608,1.1098433,-2.8488264,-2.4517584,9.933822,-0.17325903,2.3844216,-4.984558,-2.0081837,-4.469604,-3.3274097,4.596729,-0.6225878,-10.176481,-0.99701333,-4.8460116,2.6073806,-2.6859884,3.7418249,-4.048871,1.8191177,4.079337,6.045775,3.0164194
CHD7,45.063107,26.361044,16.287374,29.226208,13.040178,-0.5300611,6.8176866,6.2322226,-15.515975,5.059139,6.564878,6.803689,0.16016297,-0.56900877,-3.8475635,0.26458022,2.1186044,4.3453574,-2.8400152,-4.5491033,-3.1143541,-1.989323,1.579136,-2.8540974,0.44481495,-1.4525489,2.8895419,-0.38690817,0.26235175,-8.839411,-2.3664732,-1.2148802,1.8994069,1.4050909,-3.4484353,0.20407401,2.02948,-1.6945213,0.4803043,-2.7917993,-2.823229,0.0022106275,2.3062634,1.5994614,1.1078153,-2.0862591,2.852836,2.6313434,-3.4970696,0.63865125,-1.4174508,-0.7106535,2.1465435,1.7151532,0.6176747,-1.0201863,1.1193172,-1.4560491,2.230061,-0.57694125,-1.7661483,1.338846,0.86914474,0.78581893,0.3473779,0.41324553,-0.19190565,1.1958501,2.4527967,-2.6771224
CHTF18,-7.020679,14.7882805,5.3838744,-11.993294,-5.206222,-8.078916,3.4755147,-2.2567732,-2.9942217,3.1549718,-5.6556177,-0.66889155,-1.2481338,-4.6710124,-1.7003943,3.368618,-4.112137,2.6477528,1.6935309,-0.06168126,-4.7765145,-1.7029623,2.9088323,1.2051189,0.14728159,2.7767143,0.23760955,1.7078115,-3.8171666,-0.040357947,-1.8387127,-2.8829362,1.6492189,0.6615127,-2.5446177,5.8229613,1.5401448,-1.0314097,1.2158706,-0.13748306,-2.6968353,-1.8729228,-0.74882424,-2.0070662,0.15737401,-0.34715256,0.80305254,-0.30337805,0.7509843,-1.7377174,-2.2713194,1.6291207,-2.1142583,-2.510491,-1.4494998,1.1891903,2.2257037,1.9075872,-1.3117032,-0.49637324,-1.4785583,-0.07885562,-0.7189775,0.43389702,2.8134773,-1.9140122,2.699673,0.7781486,-0.15180431,1.182148
CLASRP,-6.753953,-9.333456,-7.4348693,2.6352668,0.19405736,1.806241,0.8079604,-3.0933056,4.577734,7.378062,1.4036739,4.8812804,0.76661545,2.8606248,-3.475114,-4.120782,1.9852866,-2.966116,5.266429,-4.252976,0.6776624,-7.9507613,4.2673573,-5.1402926,-2.6751988,2.69827,-2.6467347,5.7938867,0.9143976,-4.6512694,-0.29841104,0.53051776,-4.2374306,0.9495019,2.188919,-0.06629143,2.7011366,3.8526876,3.543633,4.9944954,2.2004795,1.9278066,1.5508165,-0.10361963,8.778173,-2.5574708,2.610261,-2.363337,-0.56915724,0.7085174,-1.818262,-0.21240546,-3.0436256,-6.736821,-2.1337523,2.1465344,-3.1476278,-4.362058,-3.9583209,-0.7128259,1.8069862,3.7505019,0.53762007,3.6088393,1.556449,-0.60626966,5.6184506,-2.7911751,5.410356,-1.841934
CLCC1,28.651527,-13.018188,17.721222,-4.8351917,0.82047504,-15.543112,5.8424006,14.218142,6.1650014,5.5646434,2.7493665,2.9404538,4.289546,3.5388637,-1.1362263,1.5732173,-1.9093156,1.3906237,-0.39039525,-8.202799,7.013196,5.7893,-3.4359422,-2.6110783,4.2868795,-0.9940057,-3.751613,2.6401308,0.50045824,5.031126,0.47561654,3.9166465,0.99572295,-1.3095844,1.3913068,4.296047,0.51688516,-2.7732909,-0.2860866,1.0195718,-3.730127,0.7934795,1.5000564,-1.0093592,1.0404567,-3.8570085,-3.2300885,-3.3683832,0.28389028,1.6603434,-2.1976824,0.29438758,-0.7167992,-3.116599,0.28435135,1.2677401,-0.26137763,-0.5703328,-1.4142781,1.9540884,-1.3689392,-1.79115,0.72897893,1.3480289,-2.4056394,1.3160865,2.122709,-0.8359079,-1.2151883,-0.710659
CLDN7,-0.3863944,-6.0208836,10.471631,-10.008364,3.1793857,-3.1422842,9.78013,-2.330248,5.345727,7.385128,-8.719663,-2.8480566,0.080492936,4.77113,8.031967,0.31308118,-0.59389925,-2.3614666,-7.304557,3.3792443,1.437028,1.7625254,-1.1467791,-7.1163993,0.64963543,3.8502831,4.1611514,-7.2248664,-0.67775714,0.52446675,-5.6615076,-0.5164297,-4.431261,10.866887,4.9413095,1.8479546,-1.1854359,-1.2302762,1.0486611,-3.5577593,-3.8948975,-5.268238,7.9160123,-0.2976778,-0.20678131,-1.4401493,0.73067975,2.198215,2.679777,2.041947,-0.36162546,-5.9476695,1.8551793,-4.804001,-0.90468496,4.831863,0.35722035,-3.3409138,1.8751293,-2.154287,-4.138451,-0.5320277,-0.3445034,2.1133854,0.878968,-1.3506829,1.0914658,-0.57644266,1.0731862,-2.912481
CNBP,-19.022997,4.70769,17.219376,-0.16384718,-2.192162,6.1168103,1.5731616,-1.8677906,4.2973614,-5.2595987,0.33158708,2.4158776,0.5110507,2.19139,-6.532769,-3.423914,-5.030843,0.39479086,0.11398669,-0.329268,-2.1561034,-0.8338411,1.9026837,-2.3279326,-3.3642807,-1.8097874,8.080309,0.48697764,0.02845157,-3.8045812,-0.12671442,5.404682,-4.896179,1.9432656,2.5544035,-1.0399567,2.2078476,1.8450539,-1.5371798,-0.33891398,0.6412836,-2.1857853,1.698129,2.7732801,-5.6600075,-0.17176884,2.4683335,-3.9977982,-3.6350918,-0.7008446,0.14318098,-0.13810082,2.4491947,-2.9513822,5.451013,0.7764847,-2.1264799,-3.6637647,0.8141881,5.110962,-0.9620898,-1.493084,3.673921,-0.8469765,2.0538044,5.4501286,-1.1434443,5.01755,0.8378511,-3.1237497
CNOT10,-10.932158,1.5703871,10.421189,2.3008022,-0.23798493,-2.289651,2.4081438,-8.385033,3.568022,-3.4725997,2.82736,8.686593,-2.9713604,-3.553384,-1.3465134,0.043199763,1.6700747,2.1625576,-1.4499359,-3.8269176,-6.784271,-1.0479538,-1.6150424,-0.8429216,1.1748316,-3.07529,4.7027583,-1.3442683,0.7314483,-2.4711087,1.6878065,-5.3823285,0.20822954,-0.8395616,2.6319447,-1.3339094,-0.061157484,0.9604029,1.2575651,2.8744094,3.5681996,1.3680934,-0.5816244,-2.0256064,-0.5305081,-1.9952366,-0.49872664,0.06683578,-0.1644807,-2.6467896,1.6508584,-2.1691754,2.9692166,-0.22859459,-2.5537486,-0.17688803,5.42113,-2.050193,0.80009145,1.8151792,-2.9384873,1.7110329,-0.2396698,0.09560938,-2.040572,3.4551299,0.9476941,-0.76567876,-0.3407101,-2.0427685
CNOT11,-2.311178,3.9539747,6.563027,9.882873,2.2678843,-7.690548,4.749399,-3.7785196,-0.14428575,-6.8128357,0.819557,4.991201,-7.9072447,-7.354868,0.5188122,-0.2764574,-3.1622274,2.5890856,3.145953,-3.0556335,-9.103817,-0.20365578,-1.1848311,4.5604973,-1.9654875,-1.9260685,7.055329,3.3413713,1.9405749,-1.4687487,4.8850055,-8.2119465,-0.9729863,-7.6653504,5.6802683,-1.5118704,3.9507692,0.05786035,-2.3196726,6.3654594,7.875581,0.96253914,-5.333147,-4.983505,-0.60411346,2.9432883,-4.097803,3.1202505,2.0453107,-4.8821554,3.1029272,-3.4506636,8.648503,0.33495116,-4.7423563,-0.1177918,9.816027,-5.0903344,-1.1533386,5.3143454,1.0912302,5.414285,-0.17106459,-2.4928477,-4.4922795,2.5656717,2.993171,-2.1863158,-3.6444128,-3.8084874
CNOT4,-18.669098,-18.912258,-13.522217,17.99192,0.5532469,-0.1622829,-6.894755,-7.6317616,6.010549,3.054565,-1.2884574,5.731941,-0.80196595,-1.2923692,2.733983,-3.0402339,-9.571411,4.094754,3.8279893,2.802751,-5.8016744,1.0347409,5.156712,1.0078077,1.5710379,-4.6736493,3.3505733,1.5216701,-0.8743455,4.931239,0.6240387,2.1672952,0.046136316,4.095448,-2.7066467,-0.92253,1.803255,2.3737264,-1.6698903,0.34901282,8.361453,-2.87649,1.0347834,-1.8570685,-3.165053,5.0338073,3.5233505,-1.3508053,-2.1289618,-2.5607958,4.382368,1.3115286,-0.28985608,0.19868517,1.8062928,3.9675462,6.100048,0.5757768,0.7013141,0.29963297,-4.5643163,3.1766417,2.5746367,-0.9048513,-1.5547092,6.6940804,-3.3516543,0.23766953,-4.368335,-5.247148
COA3,-14.086511,18.727613,-11.054453,-3.489196,15.397015,-5.7567916,-4.3501115,1.9204636,3.69334,-2.742019,6.689999,-1.1219018,1.7519933,-1.494138,-4.3277807,-0.89234364,0.9348993,-0.8164612,2.035732,-1.2111611,0.07939056,-0.3209175,0.19612019,2.2042496,-2.7838807,-2.5533643,-2.45121,2.6472907,2.216612,4.404864,-1.140047,-0.9571776,-0.3102757,0.6951329,-0.17948672,1.0268592,0.34839526,1.434014,-2.478805,0.16771318,-0.58833,-1.5570788,-1.139362,2.0313153,0.08616222,2.299706,1.2632643,-0.6235519,-0.9514748,-3.0184016,-1.5000384,-0.30352274,0.881339,-0.87298465,-2.039064,0.56239295,-0.01992683,-2.2459228,0.28547361,1.003936,0.5187172,1.5794035,0.32204852,-1.3983686,-0.5234494,-0.44309852,-4.5979986,0.05006112,-0.5518414,1.9188845
COA5,-13.629837,-7.440445,-21.481855,0.104392625,24.57797,-2.043966,-8.472977,10.71999,5.254126,3.484399,-4.5097904,-4.7513223,-2.8660092,4.236707,-2.4983597,0.25350708,0.77407336,-1.5762631,0.16918454,0.57653564,-0.8660685,-1.3413304,-1.0227879,0.45988268,-2.614385,-2.279597,1.6300814,2.367232,2.661482,-0.86953825,-1.3840387,-3.1164825,0.59454507,3.2148192,-3.7772644,1.7592576,-0.14994952,1.5229651,-3.3327312,1.7313533,-2.7081409,-2.007235,-0.5728263,2.7100034,0.905727,-0.19531412,0.42871046,0.90048766,2.078651,-0.69564193,-0.06847047,2.227255,-1.862703,-3.1396368,-1.622434,0.18346399,0.5468447,1.5150311,3.689985,1.5730572,-0.25995547,-1.8717473,-0.9566323,0.674887,0.38341337,-1.8915378,-0.6224648,-2.2906876,-0.24131075,1.7154896
COA7,-20.91443,12.663152,-16.376705,-8.216712,16.986094,-6.4001465,-3.8532388,4.524668,0.8577216,2.7075958,2.5964859,-2.2227182,1.80892,-0.47510564,-4.600382,0.5338141,-0.1350212,0.1052187,-2.3626187,-3.4133832,0.39567035,-3.4809458,-1.1458519,-0.8193695,-0.76468635,0.6635126,-1.0140961,-1.7593623,-0.7448654,0.3734089,-2.2014103,-1.6121007,-0.92092115,-0.0889646,-2.7778938,0.66273385,-0.8871769,0.64488417,-3.7595842,0.6783199,-2.6288126,-2.006264,0.094996125,-1.917102,-1.067134,-1.1077968,1.3203918,-1.3088648,0.77639127,-1.3801384,0.31694722,0.89378196,-1.7485467,0.09812411,0.4381389,1.51043,0.15395786,-0.09567967,-0.31656444,0.88299733,-1.7372938,0.73581254,0.792825,0.61022097,0.26054195,0.28188834,-1.0371321,-0.9823962,-1.7583681,1.2479818
COG6,28.312313,-0.8077375,-3.849131,7.137701,-2.249671,-6.257446,8.5604,9.685515,14.378375,-2.1125236,-8.390004,2.8791807,-4.896666,12.101066,-3.4974082,-6.5826263,1.2207876,6.7521925,9.669906,3.9801502,1.7010326,-3.987718,1.9244002,0.9292814,5.9417753,-2.156564,-0.63298005,4.1639233,2.1770046,-3.2432652,-2.2549565,5.1185565,-0.55162275,-3.0366359,-4.1176405,3.5918956,-2.8226328,1.1034458,-0.06601135,0.43457294,-0.71637213,0.2110613,5.855753,6.023323,2.9959414,4.338264,-3.0366342,-1.472935,9.651525,-0.7924084,-1.0565068,4.302453,-1.9167993,-5.0643682,-0.2773621,1.1019795,-2.596105,2.205999,8.817519,0.5984049,-0.2933826,-2.2827516,2.174419,-1.7344664,2.7147708,-1.5356593,0.52876836,-5.0814347,-1.0209919,-0.3776972
COMMD10,-17.456543,13.645642,0.46987534,-1.3785588,-9.932654,-0.26165718,4.3060503,-4.7174783,-3.6006677,-3.0048296,-3.4088366,-1.5725611,-2.7381618,-5.6392426,1.1526803,-1.8909649,5.4920516,0.71097475,-1.2581394,-1.8431814,-3.9119515,-1.0537862,0.30444297,-1.1299005,-0.7452359,-1.2962798,3.9093287,-5.3366437,2.4074466,-0.33479097,-5.146828,-1.809366,-0.118829705,5.2446504,1.7157397,-3.7589083,0.7577763,-1.0064706,5.2102156,2.1552408,-0.2237082,-2.744743,1.2409283,-0.13482806,-3.3619168,-1.4257891,-1.9132789,4.503124,4.1632233,4.6913595,-1.3848873,-2.3285644,1.8491353,-1.4558238,-4.3876185,0.28891754,-0.22294065,-0.34456947,2.7896335,-0.26368898,-3.187253,1.1389565,5.0313296,-2.390419,-4.869785,-2.4431953,0.41481537,0.6711715,1.5000155,2.132544
COMMD5,-4.100039,-3.384775,-13.185253,-6.7668552,7.8008957,8.4773245,9.027747,-8.595542,2.4523134,1.17237,-1.7038554,-0.6778409,0.6087908,-1.604723,-4.635778,-0.3070428,1.2356366,-0.56339157,6.4218593,3.1883016,9.747054,-0.5728783,-1.2553556,-2.3801858,-0.43946648,2.9926543,2.5513854,2.0286314,0.22638343,0.9071619,-1.7029783,2.279249,5.5677533,0.56809247,1.7862606,0.9659323,0.084100224,3.0980964,2.3555899,4.0300493,0.57833564,1.8848702,6.4705567,-3.194664,0.6839837,2.9398472,-2.0953352,2.3921816,-1.3902923,-0.33207327,0.6466891,-1.6389612,0.32351372,-0.40687397,0.9306423,0.93642616,-3.430173,-0.9607437,2.0916698,-0.1187393,2.9639525,-1.5608704,-3.5186517,1.9734509,-0.0395297,-7.56126,-1.3251612,0.012532238,2.0634708,0.15911923
COPRS,9.221996,-9.122644,14.816085,14.450717,10.641629,12.8592,0.2297503,-3.4309156,-1.3716844,2.3764114,0.6716863,-10.148177,-3.6004734,-1.2357242,-2.462426,2.1904829,-3.1649349,6.9611382,0.94638014,1.2773397,0.3969406,3.6060655,-0.8478031,-0.9006074,2.027315,3.2470565,4.446784,1.9811617,0.50248283,3.8960373,0.41852802,-1.5137432,-3.0414748,2.6109245,-3.323368,-2.7209084,-3.2145343,2.0131733,-0.4194073,0.8268542,2.6686876,-1.3233898,-0.45937926,-2.7714214,2.0847642,4.7403293,1.2320287,-1.1973523,-2.6775157,1.3008536,-2.0671594,1.3807281,-0.60305107,-1.3331841,-2.51891,-1.1113694,-0.07668507,-0.50279117,-4.0798087,-0.82402843,-0.46265173,0.051913787,0.5527117,-0.10746337,0.6525041,2.5351589,-2.6295605,0.23276761,-1.7666515,1.9992051
COQ3,-15.773589,6.8511877,-10.208272,-4.435994,13.963388,-6.8877907,-4.325516,-3.8588219,1.8378687,-6.357716,-3.847306,2.1305292,0.18155086,1.1061318,-1.8453939,0.7103405,5.0365763,-5.5067487,0.10882824,-1.0715166,2.603472,-4.864889,1.5474147,-4.7668967,-1.3285367,-6.5257206,-3.5140398,3.433508,-3.085781,-0.51605,3.8656325,-3.1138828,-2.635603,1.3828665,-4.167378,-5.4648056,-1.0351503,0.24168546,1.1786461,0.40538102,-0.6637336,-1.9804677,0.9388807,0.91709113,-2.9062335,-0.7034598,-0.77008444,-2.1777117,0.9620169,-0.3890549,1.2764375,4.4939227,-1.0418878,2.894167,1.5093884,-0.883996,-2.960116,0.3789631,-1.2005751,0.41157556,-3.2005775,0.89642066,3.8889077,1.6954075,1.9216125,-1.9509014,-1.5009322,-1.2294738,-3.316471,1.2007935
COQ6,-10.524973,12.598887,-14.888245,-5.8433576,15.13003,-4.8252954,-5.400033,7.5848017,1.0741222,-0.9154041,0.4704532,-4.577264,0.32984638,0.38805246,-3.5797458,-1.4821564,2.9394977,0.6514705,3.1511812,0.04659567,-3.6933072,-1.4752955,-2.5302866,-0.3109814,0.032252148,-0.11560671,-1.1198239,-2.3310645,1.7556463,1.4090469,-4.5793276,-1.7568846,3.3703763,1.9279307,-3.3473818,-2.9535205,2.1122086,-0.80643946,-1.7769033,-1.1579623,-1.7652832,1.1078734,-0.5417933,-1.7740252,-1.0126538,-0.23942907,1.3339593,0.17289576,0.51850945,1.1668853,1.2461697,0.19133618,1.0508183,0.9704673,1.1968873,-1.1089348,0.48696142,-0.4175453,-2.1668382,0.6636342,-3.004532,0.75319564,-1.2417881,1.8311813,1.6002151,-1.1160007,-0.96865857,0.4657647,0.75650537,-3.0337558
COX11,-20.06961,13.604378,-17.798138,-9.019235,14.6826105,-1.7136991,-4.699285,0.82062,-0.4348902,0.54564965,1.5819017,-4.187069,2.379311,-3.322393,-3.6812232,-0.60658646,1.9861718,3.497062,0.8279687,-4.093387,1.5410806,0.5135127,0.8570895,-2.3538735,-3.3205729,-1.8498636,2.5499694,1.0476809,0.6464788,3.056616,-1.3734769,0.026459938,-0.7369803,-0.6935886,-1.8454741,-0.48485997,-1.5580417,-0.55341727,-2.0170352,2.0488946,-0.38061416,-1.472665,-2.0447865,-0.80936146,2.7298021,-0.7050349,-0.5283638,0.6681456,-1.544276,0.3800978,-1.4594465,-1.3049858,1.1231412,-3.1662157,-1.7300552,-0.7703665,4.272313,-2.1518285,2.2774491,-0.047378447,-2.499337,2.0348387,-1.4826125,0.05059868,0.89701825,-0.27711797,-2.868133,2.9295459,0.45733848,2.9292686
COX15,-32.604836,-1.5921606,-24.05322,3.9920385,10.071278,0.99328625,-6.2991834,0.7548328,6.1413164,3.9563587,-2.5193605,-3.1727865,0.90937257,2.235108,-2.1842904,-3.035663,2.630814,2.3869255,0.12698518,-2.428072,-1.2585492,-5.5117264,3.751287,-2.101902,1.3365595,-0.8811871,0.680925,-2.2471614,-0.32656828,0.95963377,-0.23501538,-4.844961,-1.1111807,1.0460469,-2.1765795,-0.46340087,0.65650135,-1.4528435,-0.3941496,0.16083445,0.92639893,-1.7374202,0.048480406,1.8326294,0.61304915,-0.9152715,2.990486,-1.5056579,-0.5717024,0.23771577,-0.612863,0.56502706,-2.207234,0.16689587,-0.746261,-3.065758,1.4719068,-0.30205417,-0.17528324,1.3218445,0.57047427,-0.1132641,-0.71861845,-0.9005822,1.0315698,-1.734845,0.0048332694,0.042297557,-2.5504382,-0.030348247
COX17,-19.624098,6.6632752,-18.05321,-4.240495,18.099276,0.05341475,0.080546945,-3.2157915,1.8317326,-0.99251306,-2.0006626,-3.0313742,0.12842563,-2.4654639,-3.4105656,-2.1911683,1.7758975,1.5536712,2.141089,-0.3952932,-3.0312455,1.5784186,1.0034542,-0.40637046,-2.664571,-1.1308659,-1.290707,-0.93502945,0.43312255,0.37651154,-1.9337147,-0.6437617,-0.3050324,0.40973604,0.9370397,1.3308271,-1.1804239,-0.40581816,-0.67578715,-0.5998916,1.0424906,-0.4361457,2.3878014,-2.7908082,0.6536067,-0.4342117,1.7898691,-0.36881247,-1.4924403,-0.21602593,-0.7583939,0.5143807,-1.5149204,0.9907254,-1.9066136,1.3440845,0.14210394,-0.0691742,-1.2953784,-0.87488234,-2.8735938,-0.14701824,-1.8691814,-0.05763043,1.5303262,-0.73685545,-2.454187,-1.016142,1.5803301,0.82298756
COX19,-21.720808,15.049437,-14.8614855,-7.4274535,19.728662,-0.44173208,-5.455656,-0.6958982,-2.6291022,-2.5309615,2.641632,-5.0889077,1.711876,-2.1697323,-5.276539,2.3381693,-1.014209,3.5523584,0.10657743,-0.34603927,-1.6780872,0.16001828,1.8057057,1.0654691,0.07347649,-0.52847934,-0.64993674,-0.8062324,1.2100257,4.3702917,0.19095935,1.9301866,-0.7785445,0.94525933,-0.92358994,2.288683,-0.70540196,0.405013,-0.03721066,-1.8006245,1.0696936,0.06952612,0.42178845,-0.88098943,-0.73200774,0.17039967,1.1691064,-0.2918203,-0.13811482,-3.3657475,0.92176676,0.86376095,0.02321322,0.85718584,-0.7317962,2.0112388,1.7867439,-1.1183841,0.45266205,-1.0940865,-1.3914454,0.085593484,-1.014373,-0.7052244,0.26350415,0.91124773,-1.2665182,-1.1291056,-0.23475106,0.21588086
COX4I1,-20.402355,20.389044,-7.5715165,-10.33522,13.695001,-5.4190326,-6.3211794,-1.4184469,-1.994001,-10.018244,1.4475455,-3.5961218,3.9677238,-3.481704,-2.5637207,4.4894953,-2.5709581,-0.093182415,-4.3508797,-3.574239,-1.906804,-3.8365905,-1.4214286,-3.3018565,-2.1981728,2.5667303,-5.046425,-0.5581007,3.098401,6.1640444,-0.6488238,0.8323425,-0.25265598,2.9967542,-0.5603627,-0.36623102,2.2233531,-2.0375035,-1.0880978,-0.67332727,-1.9601473,-1.4247905,0.7598185,-2.7386796,-2.9754188,0.28261843,0.9073731,0.51517224,0.2452991,-1.3172201,5.2262692,2.938115,2.3870783,1.2279446,-1.8337995,-0.45122373,-0.96984327,-1.3573699,-1.287051,-0.7628315,-2.5609767,0.119409,0.45833203,-0.85144365,0.76305205,-0.65007216,-1.1621486,-2.0814867,0.81734,-3.3530524
COX6C,-21.48945,36.950584,-6.766305,-19.345322,22.678211,-1.0746806,-17.116997,-2.2980847,-1.0598961,-6.043385,2.4956021,-3.0958326,3.1652293,-2.1448305,-4.259409,1.7987655,0.104679264,1.8615748,-3.5356739,-4.9853835,0.05174227,-1.9378606,0.41469133,1.3036746,-6.1718755,-1.8836024,-1.2704823,-1.2179192,-0.58350414,1.0629838,-1.5704261,0.23258153,-0.63392776,-1.7133304,0.7652937,2.6161008,-0.05075035,-1.3143125,-0.87240136,-3.8487132,0.91314536,0.18963994,0.008320014,-2.1462078,0.36517477,-3.7482421,1.1666585,0.27786568,1.336775,2.1177986,1.0440315,0.5172791,-3.2290425,-0.30963326,-0.043354917,-1.395385,-0.21894407,-1.975865,-1.853477,-1.7730725,-3.0946212,2.2855642,-0.51587737,-1.1192482,1.737914,-4.1077223,-0.03238273,-2.377601,2.7896712,0.66129565
CPSF6,-25.758905,31.82928,18.505886,-19.58548,-11.530866,-3.9299183,6.6293416,-12.255794,3.0810657,-10.202851,21.306623,12.235716,7.1721935,0.77911466,4.8368535,12.21167,3.1094038,-10.97558,-9.467121,-5.0789986,5.058673,12.530475,-4.0938826,6.0411587,-12.551616,8.606462,0.80824155,-1.0272771,-10.254729,-0.67463386,-1.8341501,-7.067012,4.143443,0.2677619,2.4383497,-23.237339,-7.8899755,9.727107,0.045044247,3.5941896,4.549905,-11.563984,9.258812,-4.7165747,12.508166,7.1690083,1.4918528,-17.164967,7.037847,0.7061233,3.721732,-11.261355,5.430059,-8.126354,-10.558529,-0.9424723,1.8581703,-4.5744867,10.277025,10.631854,-4.03469,0.611714,-1.3894371,1.6192688,1.2498454,2.1027071,1.5245153,13.856195,-3.7132387,1.7122487
CREB1,-14.190936,-1.888056,9.44714,-1.6488609,-0.11886496,-8.619088,6.529617,-2.1479666,3.2963762,2.7582476,6.5883207,-1.0257466,1.4060642,5.7368793,1.4856647,-2.3422651,-3.5048113,1.897509,1.4705771,-3.4225616,-0.38455853,-3.6759725,8.396561,-0.6566787,3.31443,4.2750053,3.628015,-6.5613565,1.1492853,4.2495985,-3.9775627,-0.5383737,1.6664257,3.6890352,2.005603,4.6015353,0.6431875,-4.3782687,4.1611648,-0.9161538,1.3704106,-2.4483147,1.7116289,1.613931,1.6161504,-4.4743967,-2.300398,-3.1562734,2.6400504,-1.0133907,-1.1535774,-1.1558117,2.241859,0.037432384,-0.70445305,-2.7341387,-4.5534716,-3.5336318,1.2968184,-4.3169003,0.33384502,-3.4715123,3.4063282,-1.7011436,-6.9066353,4.059553,4.17022,3.350506,-2.6231453,-7.024718
CREBBP,28.08943,-39.199245,3.3248858,10.384155,20.386314,6.474984,17.64141,-3.4875884,10.745959,-15.279435,0.924218,-0.2769049,-8.071786,-18.511309,-12.2471,-12.595028,13.436525,4.23548,15.189181,-1.9524376,2.6498764,4.4065022,-13.567195,10.018474,-5.409099,-4.278559,-4.2661,-7.5637136,9.050548,-1.8760456,2.2296433,5.3676925,2.766169,-8.827935,-0.7210837,-0.34370583,-5.676584,0.9153799,7.191535,6.5474105,0.5009457,-7.8032093,0.96913344,3.660688,-7.660055,-6.787646,8.736435,-5.639554,-3.7817054,0.35272452,-2.0705998,2.372158,-2.043987,6.0133386,3.8319807,-5.9861093,6.2799673,-0.34293687,0.9385935,3.5578792,5.9332957,0.7805497,1.5489757,-2.9749043,-0.40282056,-2.010912,5.089487,5.3480544,-1.3950623,4.33632
CSDE1,-14.323112,-23.316442,-9.197594,1.6289395,-15.718669,-2.0374017,-13.594368,-1.2974458,-10.003315,-8.49316,-10.4598675,6.6140924,9.994927,-14.949546,-3.5557218,3.3993502,1.0779762,0.15223637,-1.787851,9.994954,3.3084705,-7.7212462,-11.672108,-2.249088,-5.3425255,-1.0916251,-14.608127,0.61843026,-2.8784497,1.6402785,2.535488,0.80453074,6.5852027,2.270642,-4.986293,2.189259,0.92651623,-3.506595,-7.3401794,-2.9330108,-0.33010954,-3.0099247,5.2254877,3.014138,-8.744904,5.0765576,4.0363727,6.661381,-0.6263445,-1.6699456,-1.5213469,-0.034754287,-0.1866882,1.5044396,1.369853,-5.8725915,-4.2244444,-1.350414,-2.300228,2.0262022,10.225708,3.5517857,0.17513505,3.4677734,-1.169967,-1.5417193,1.7295928,-1.6615705,0.43400446,-0.5334599
CSNK2A1,-19.53933,-20.432682,2.8268933,0.3390845,1.0859169,3.1995032,-0.71177346,-1.7017075,3.7878146,-0.07791952,3.5454,-7.771527,3.9909563,-0.09744998,2.1112063,-2.464431,1.2935587,5.7405086,-1.9800109,0.6095657,2.9784143,0.88306177,0.95293784,-3.172194,-0.10050494,-3.114338,5.8910236,-0.23521537,-1.4203413,-3.5404615,2.206058,0.3322009,-7.0660486,1.030205,6.0952063,-0.20632716,4.958132,-4.4904637,-3.8372185,3.9941847,-3.1456954,-1.7063811,2.877813,-3.5157623,-2.055096,-2.3058703,2.986533,4.157181,3.6742337,-0.09989185,-7.0291886,2.27349,-8.120439,-0.41098326,-1.0480075,-2.627708,2.8885067,7.072106,0.62413484,5.735302,-2.6360354,1.1299422,9.171477,-2.6992679,3.9024122,-1.367604,-0.42712042,2.690629,1.0838675,3.4581127
CTBP1,8.323567,-33.6761,-10.363883,5.02214,-3.91483,-7.4716287,-5.870975,3.0983305,-26.943665,-16.341707,-8.187907,-20.570036,-10.919862,-17.612576,3.6185267,11.736042,1.3901094,-4.34697,6.9965954,10.203461,5.505625,-4.9645534,19.458153,-10.721697,-5.026909,3.3425245,-10.270545,-2.2577903,-10.029225,9.650401,6.557857,-5.9993477,3.915953,13.263602,-9.762861,-2.9763176,-2.9204636,3.1771474,2.4549718,13.026371,-6.2359824,11.822171,-4.17461,-3.226841,3.4778652,5.0470724,-5.3039126,10.065816,0.56934273,2.872695,2.7744439,-1.9788275,0.53562003,-1.9482074,5.750038,-7.685069,9.272061,4.798615,2.1199815,4.464089,-5.7540536,-7.794525,-6.782478,-2.9183962,-1.4463624,5.3803144,-1.7652994,2.096507,-3.0778506,1.594547
CTDSPL2,-21.656206,-0.029775945,12.542056,4.2327228,1.4503971,7.8168097,0.59401006,-3.756136,-2.012175,-2.6548681,10.696584,-3.2224548,-4.815833,-5.3221693,2.3838243,-9.34583,0.28943452,0.21042943,9.468893,-4.865008,-3.0274594,-1.7124125,-2.1131082,4.1574364,-1.4214686,0.4680027,3.0453842,-2.6787539,3.495834,1.6021354,1.6314976,-2.2566166,0.545848,2.8495312,8.529424,1.270524,-2.8702815,3.3278365,-5.8446975,-2.0810585,-4.658586,1.9660504,-2.3627498,-2.4166589,-4.3103285,-1.1828816,-5.6386156,1.1166477,6.5961485,1.2564473,4.728018,-2.7253616,-2.3965433,-5.715552,2.3942096,-2.343462,1.48831,2.349833,-1.5632199,1.3509909,-2.875029,2.5699778,0.43274125,4.319544,7.3050556,-5.7443666,2.4677877,2.6291559,-1.628469,4.0436244
CTPS1,-18.071333,33.21112,-3.5267034,-5.9635763,10.375256,7.5402207,-2.9630282,-5.8529387,-1.6920193,-4.174621,-0.75786173,2.2755384,-2.9044173,-3.2981362,-0.8334096,5.872819,-3.114772,2.0330622,-1.1288546,-8.724452,-10.601256,5.392472,0.19091512,6.1952176,-0.98702234,-2.2829273,2.7500482,6.8252854,-1.9927766,2.5144129,2.4003136,-1.286936,3.3058736,1.644218,-1.9997761,3.5090332,0.6404399,0.6178868,-2.383238,-1.4478908,-2.2631028,-1.0690657,2.8272786,-3.4512317,-4.475693,-1.105571,-4.721882,2.0649195,0.5520033,1.7306085,-0.7457282,-1.9950597,-3.1006176,-2.7437918,-3.6528144,-1.6341933,-0.06618107,-0.34816584,-4.3468003,-2.380604,-2.2720582,0.4530781,2.4965644,-2.6866298,2.631403,-0.9919944,4.3053613,-0.40979844,1.6650147,1.8126262
CUL3,-5.144368,18.982265,21.757717,-15.2798815,-3.8853047,-4.178754,5.283089,-3.4493165,4.032282,-4.833031,-3.4976242,0.9410871,2.6105545,-0.34862402,0.48393056,-8.228026,-1.6858048,2.2217,7.7248197,-3.6777668,2.3978322,-3.3527865,4.5369987,1.1158202,-6.572636,-0.47605142,2.0691233,-6.3748846,-1.5073214,-5.332065,-2.170499,-4.830573,0.23280618,-2.2546701,-0.25141716,0.024493286,2.7289171,1.2311603,2.9726307,1.595695,4.873039,3.3966265,1.4766072,-0.39620385,1.5432612,-0.16958204,-4.6130304,-1.7394794,-2.299168,-1.2625309,4.3137903,0.8749934,-0.13401945,6.6631346,-1.6621445,-2.9489589,-6.9841404,-2.039305,-1.6540351,-0.542217,-1.110335,-5.1377506,5.1731424,-1.3876477,0.48715478,-1.6215672,0.9572996,-1.8524038,-3.2270107,-3.5487754
CXXC1,-4.072515,-8.349599,19.437717,6.3380027,16.508467,6.100093,8.901945,-16.830637,2.4949446,-6.46321,15.770918,5.0855546,-4.141868,-8.394108,-1.9442451,1.4337678,2.3695478,0.9878435,-4.24535,-7.8217254,-13.77249,8.789923,1.947054,14.902651,0.7754276,-1.2412171,2.0288575,0.13676265,-5.6405573,4.815605,-6.7159023,2.337598,2.3274648,-6.2875767,-4.58075,13.458063,-0.13941936,-1.9505736,3.6784775,8.997627,-9.342189,4.2077117,3.4562268,2.2325363,-0.07720002,-1.0545877,3.288687,2.8031418,1.2045786,-4.9351783,8.347284,-10.703268,3.2073488,4.1864862,0.50231045,6.972887,0.82814354,-5.497733,-0.93655294,-4.2871203,0.8448029,0.05217836,-3.7023666,3.9428756,5.628958,-2.0179791,2.295162,-0.7080532,0.83502185,0.6086894
CYB5R4,16.665478,-28.542994,-16.530563,5.0461483,-7.1137,-22.095627,4.4488,5.4121494,-10.926474,-6.078037,24.951674,-4.27153,-16.946312,14.535155,17.36133,-4.976433,21.70833,-3.3287842,1.3221424,6.106467,7.251267,4.435313,-0.889291,-12.7190075,-10.145751,-4.5497355,6.879472,-1.7825733,-1.039884,-3.344941,-6.680614,4.9827585,-3.5798242,-14.363594,8.527284,-2.1557648,-3.197314,1.4465406,-4.1713924,2.2890146,1.2132694,-1.3742427,11.479314,12.61736,-5.601694,11.447789,-3.8209128,-2.9581087,-2.584377,-7.045119,9.599021,10.451985,-11.701431,3.145692,0.9496235,-1.8189837,6.6780777,-4.919852,-0.96830976,3.0133884,-3.2446206,-2.9444492,8.268981,-3.990755,-0.49473828,-0.2740677,-1.6684145,-2.14845,5.956172,1.6180125
CYC1,-21.43676,19.39652,-20.994385,-1.7244878,9.186987,-8.665759,-6.40009,2.3999376,-2.833209,-5.359298,0.9032001,-0.67063314,-0.15618397,0.8189431,-1.5484521,1.4293882,-0.17248854,0.7428809,-0.95569843,-3.859626,-1.9563096,-2.6781368,-1.7515457,-0.14296742,-2.4735515,2.5831048,0.7675274,-1.9997814,3.2558239,4.496263,0.8294728,1.9611145,-1.7539327,-3.0991495,0.2313479,-0.7920411,-1.9234133,-0.4238822,-0.9181084,-1.8732485,-4.337816,0.57411057,-1.0429325,-1.7853894,-1.4826965,-1.874323,-0.20960343,1.4329058,1.6422741,-2.7194376,-0.7833337,-0.96842647,-1.2629601,0.8987351,-1.1963811,0.44818082,2.2777545,-1.9870856,-0.24004395,-0.41295266,-1.2017128,-1.3797328,-1.685992,2.281643,1.2417278,0.14208922,-0.7228834,1.838897,1.0866295,1.4277639
DAP,-26.208874,-32.926823,9.6801815,3.4341075,0.8698753,7.025159,-5.101457,-1.2182263,4.060191,14.571368,6.6478157,2.4259274,8.3241205,7.1814375,1.596878,-0.4087384,5.8219585,-5.805871,-3.1883116,1.7273005,0.4255625,-3.086561,1.5465482,2.3610866,-3.092836,-4.630395,0.022657473,0.5506827,3.2129586,-0.5005989,0.60576147,-2.107637,-2.2856278,0.9980945,-4.2567205,-0.6176264,1.2122343,0.11784359,-0.1268808,3.1614742,0.63087314,3.319315,-0.8627319,0.8674114,1.680277,3.4653587,-0.59130013,0.85948825,-0.3770589,1.2961386,-1.5684589,-1.0095332,-0.45957053,-0.19463183,0.45137036,-0.05171896,0.21067137,2.251887,0.93706113,-0.8472661,-1.6576415,0.3888404,1.965193,-2.5354812,-0.52621365,-3.9508064,-0.20728232,-1.4496664,0.90933716,1.1484752
DCAKD,23.171415,-23.439804,20.377855,-3.113159,0.79045653,3.7712395,-4.596489,5.827893,19.072521,-7.87171,11.243987,1.1825372,11.883854,5.000332,-4.178401,-1.8904386,1.4039307,8.770926,-6.615893,0.24411035,11.473285,10.881574,3.170558,-4.3019223,-0.5710745,-2.312352,-9.422692,-4.893388,-4.8543854,4.266771,8.23135,7.816221,3.162207,-1.4423726,4.510916,2.525729,-4.778699,-8.087749,0.6752537,-1.7151484,4.549824,4.2812123,1.4918731,0.07388657,-0.26014358,-1.1851246,-3.1265483,-3.677004,3.1965435,5.9955797,-1.6590009,5.402767,1.887365,-1.3170718,-2.2687094,0.24974658,5.9751625,0.029803665,9.497037,-2.5937395,-1.4729127,-3.7029579,2.1945617,7.916353,1.9650934,-1.5372238,5.980823,-3.8379216,1.8740395,-4.067422
DCP2,-16.941462,8.715464,-14.425582,3.3314462,-10.272425,-5.6041417,1.8820893,-20.5652,-3.2455618,-6.9715376,14.18112,-4.1745443,6.330862,6.723324,-4.4601502,16.210133,0.38567427,-0.09940861,-8.9625,8.764804,7.580115,3.2432485,2.7942197,-5.2512836,-1.9778862,0.5530463,-6.4035673,4.206414,-0.6333245,1.1293575,4.3956847,12.468323,1.7546965,-9.405129,-2.4474769,-2.966532,1.512149,6.4161053,-0.24883188,0.3869717,1.4472198,-3.1805606,1.3106344,2.0005085,2.611324,-1.0293862,-6.7143736,-4.7492337,-2.4732394,5.2253304,-2.885679,4.070576,0.8757734,6.3775716,3.173597,6.0629206,-3.9415433,0.5845388,-3.145167,-5.18753,-2.1600177,-0.74238,-4.9877653,-3.5745351,1.4495473,5.475332,-4.08364,-2.6379929,2.7890558,0.6684783
DDA1,-21.700779,8.50216,3.5338225,-0.3319342,-9.270199,-0.6734832,-2.008421,-5.6846776,0.3112715,9.957127,11.825778,-11.429061,1.1774048,-1.0051714,-4.4882193,6.609568,-11.376845,-7.704823,-9.620557,3.5842261,0.48818287,0.46937156,7.5680737,-2.6262496,-4.322055,-6.010974,-0.5130786,5.404072,-0.40719286,-7.387609,5.6577926,2.5854084,-3.247505,-0.10126754,-0.71957654,-1.8697917,-1.1357716,-4.5088015,0.82953656,-4.1366515,0.40261418,0.44435278,-2.098788,-6.7894855,4.682462,4.7415442,-1.2314154,6.590489,3.0563262,-3.2978187,3.13149,-0.2670012,0.7555896,0.66254413,0.21587732,0.29760486,-2.052251,-4.8080845,-0.70461386,0.9794002,3.9417126,-1.5033106,2.5340607,0.29768705,3.99372,8.0940275,4.303727,-1.7205418,1.1867979,0.7724886
DDRGK1,-21.065123,14.483696,4.9970436,-7.5418754,-18.756016,38.726673,-19.430325,16.237467,-10.098164,-3.8629532,-5.7517433,11.085585,3.2081127,15.457716,-1.8662306,2.4029937,-0.22621489,0.46922702,2.5894606,1.0562028,-0.25817996,8.669717,6.490622,6.867514,-10.2601795,-1.6924372,-6.180092,-0.8155627,18.997015,-1.5868815,3.3202279,-5.0525355,3.326846,-4.3420377,1.5052552,-3.114463,-3.3962784,-5.6815996,-4.10583,3.831413,-11.592105,-3.7137163,1.6429846,6.2320814,3.2529862,2.9781847,2.315589,0.3265867,-1.7717837,-2.0270112,-1.1707938,-0.8822553,-3.5565271,2.2730553,4.99292,-0.556953,-3.758057,-2.8119738,-1.4569117,5.3079157,1.4678845,1.1651549,0.38844076,-1.8876204,-1.4851856,-2.0870054,2.739864,0.7704461,-1.7041001,-1.4858541
DDX17,-10.360496,13.427355,-0.863569,1.4836756,-18.425142,-0.5426675,-12.859443,3.562906,6.7497005,1.848981,-2.675774,-4.714801,-7.047851,2.518131,0.48697373,2.4567945,-0.6400171,1.495649,6.9395165,-3.2108905,-8.649053,-7.786518,3.5147488,-3.4021966,3.9821703,-2.3419108,0.69983405,2.4627166,-2.758428,-5.4444056,0.7472862,-3.3914673,7.145275,-3.5807314,-1.1401162,-3.1619923,-2.8243945,0.20565204,5.3790283,1.8534108,0.055306304,-2.4467216,1.5131679,-6.4890165,4.310209,-1.1797163,-0.30549434,1.4641421,-4.7608275,5.579698,-3.148584,-4.7747264,-1.9378749,-1.4181436,5.574187,3.7930884,4.3844404,0.3899453,3.6645873,-3.9349368,0.30212238,1.176988,-0.2952647,3.5394359,-3.026325,-4.1295505,1.9906375,-1.4575503,0.8945724,-0.26042715
DDX42,-0.14601116,-10.418574,9.585822,-2.7051072,-1.8135536,-0.3592616,2.5510495,-2.941822,3.4000125,0.47110832,-0.20722899,-2.5126033,-6.005469,0.6353224,-1.5952489,-0.62888384,4.2399406,-3.8569283,1.8244405,3.0664716,1.4933187,-7.4501925,0.9798199,0.5827777,-0.06620057,-0.4209832,-1.5730255,5.2357383,1.6934555,-7.965911,1.5949864,0.8895006,1.5346633,-2.3011684,-1.2318196,-1.8844447,-0.93394136,6.2825885,0.5083447,3.581127,0.9117977,-3.498127,-0.8154315,2.255227,3.2839754,2.7698302,-3.4054794,0.29565477,-0.6301036,2.4772651,-5.6233683,1.5511758,-1.2423898,-1.6782439,0.7065456,-0.47819018,1.9176487,1.2180817,-0.13461232,-2.889831,-1.1338512,-2.2207582,-0.29410583,2.2540684,-0.90498626,0.6874515,4.456491,-0.89841765,-1.1263275,-2.7956264
DDX6,1.3654938,14.8119335,2.268236,-2.1722784,-11.157141,-10.571427,-0.7613968,-10.925314,-2.2642446,-11.238237,7.821889,-2.7059464,0.8868347,1.8525305,-6.039704,5.6883807,7.116694,2.1381915,2.6734443,5.0451994,1.9948518,3.0565722,-1.9250795,-3.6568587,-2.33021,1.1673441,-4.2840147,9.885302,0.825683,-9.243894,2.3525994,7.9840803,3.8632503,-10.580527,-2.6424272,-1.37236,10.327607,3.7886827,-4.7970314,-3.338305,6.0828066,-7.676995,1.9884365,4.5015364,5.164895,-1.1323844,-5.5361934,-1.702193,-1.2777339,6.6845055,-2.0898612,0.49593788,8.552997,3.0055087,4.7098556,6.5662246,-3.9277344,-2.1227837,-0.7826782,-0.7811491,2.4457376,0.34619018,-4.820413,-2.9875715,-0.7848382,3.5920668,-3.2101748,1.2704363,5.8636217,3.5093186
DEF8,-5.355865,4.6677036,17.17725,-20.389904,-4.8304553,8.190692,0.8393839,-8.234734,-6.5520024,5.1016736,-1.8030908,4.003168,-6.509147,-7.3023357,-5.241349,-0.23275179,1.7608359,-5.156651,2.798491,3.827744,-3.1508636,2.1646938,-4.6904025,-10.457317,2.6807978,0.977727,-0.8901336,-2.4933434,-4.1351137,2.1182199,-6.9863806,-1.9003061,-0.019642089,1.9509646,2.0456696,0.14122061,-6.3441453,-4.381377,-0.05679794,1.4264456,-1.1798501,0.19413453,-4.4685073,-0.4162546,1.1331838,-5.928796,-3.695395,-1.2533444,-1.3842806,1.3750833,-0.63868946,1.0984539,-2.213547,-0.13039206,-1.2861215,-0.38996094,-1.588607,-0.98611665,1.4628427,1.1209219,2.8955681,-0.37480512,-0.6563082,-1.917908,0.13204414,0.0019867707,-1.6625583,-2.9339907,-1.5532695,0.64046705
DEFA6,22.556967,-20.597136,22.952524,-5.877277,3.4862037,-7.2152996,-3.4748864,12.517065,10.13344,8.728464,3.2801871,1.6584117,7.5511084,-2.9492564,-0.08061003,-1.3995957,0.7296339,3.5314732,3.1009598,-0.95145833,3.763038,4.0080967,2.5722737,-2.0725892,2.7496774,-3.1790168,-7.5832796,2.0289762,2.1322117,2.1620371,-0.35576048,0.35075733,-0.49558002,-1.7647775,-1.116663,-0.8796843,-1.779104,-1.5276461,1.460173,0.041152377,0.4681163,2.722262,-1.1232274,-0.27792746,1.9368303,3.254295,-0.65744853,-2.0048947,2.4051862,-1.389639,0.9650154,1.2805513,1.2685099,-0.64583594,0.017113477,-2.5529065,0.93308085,-0.40747023,2.7726643,0.5461013,0.019232525,-2.1384294,0.2175851,1.1305896,-0.45051092,0.30469394,3.1558287,-2.2374156,0.6559777,-0.5350288
DENR,42.20342,32.49792,20.573769,10.327433,-14.408599,-15.9089775,0.52954197,-9.306542,13.794275,-0.015872212,-22.839962,-10.597702,7.0720973,-6.935153,5.4038033,-10.237986,-0.5014391,-3.6636453,-4.608274,9.032838,8.882201,-7.4385743,3.3315992,9.340596,-15.494818,6.921816,-8.924205,-15.968085,10.991197,-14.376673,18.818281,-9.468448,-0.03317426,-8.376074,11.545371,-0.29186448,-2.7437117,-0.2718732,-2.8093257,-0.77241004,-2.9167616,-3.761629,2.3075752,0.71741974,-2.0329578,-10.848901,4.647278,4.22696,-8.1046295,-6.2700047,-7.233138,-3.490995,16.86755,-8.897829,-13.882724,6.619988,4.044038,5.843237,2.1586847,-6.8395824,1.090368,-4.794083,-2.710407,-6.4964247,-5.721802,6.9174514,-9.3725195,-3.9816024,6.4152718,-4.3110967
DGKZ,-24.083935,4.673089,5.6747575,-9.874931,12.694376,5.0683694,-8.173464,-4.248542,0.72856057,-4.8561134,6.877312,-1.3700575,-4.1467285,7.0757866,-2.6141746,1.0176904,-0.6913331,-5.153307,-3.3914168,-2.042371,2.2805026,-6.663308,5.4676385,-2.4972143,1.9097372,-5.8280497,1.923528,3.4620264,-1.9870863,-3.3190746,0.49600026,1.5360171,-0.7301125,-2.7572446,-5.955036,-0.34220496,-1.9992396,0.7945589,-4.070945,-1.1582952,0.49663478,1.2632409,0.9148905,1.763109,-1.683201,0.98957294,-3.3777735,3.006091,4.3486757,2.2723398,-0.548751,2.2943468,0.014853748,-0.67787176,-0.65298975,2.909106,-1.9203837,-1.0141495,3.4249766,-0.71724176,-0.4033673,-0.5418327,0.7917072,0.89664954,0.7254926,-1.9314659,2.3164115,-0.844716,-1.3875691,0.017215678
DHPS,-24.160149,7.6365156,-0.43001246,-1.1713923,-12.397568,2.48744,1.9168882,-5.8016915,-6.909468,3.062559,9.782222,-6.24448,3.1507618,0.7041728,0.44246504,-5.512837,-2.8340821,2.989671,1.0543884,2.1848555,1.407659,3.799499,-1.350143,0.83298266,-5.27133,-1.6361712,2.4138753,-3.3121877,-6.0501833,0.4518001,5.3163166,-2.3854578,3.2700374,-3.3543367,-0.3310251,-7.3299375,-3.0163264,-5.2121987,-4.8225207,1.0793583,0.76541173,1.531334,-0.76825947,-4.5550694,0.87393385,-1.9830859,-1.5037202,1.0130156,0.8052675,-0.40464404,-1.9643657,-1.4846245,6.259348,-3.832113,-3.3413162,-2.6536689,3.6457136,0.30153394,0.26835892,-1.0400579,0.8055382,2.6358445,-1.1597768,2.4796212,-3.7060146,1.1368397,-3.2194679,-1.384879,-3.3373597,6.315942
DHX36,4.677584,-3.5710657,-27.790218,26.940342,-10.710808,-12.591071,8.627025,-1.6396841,22.418306,0.91541505,6.9285054,-7.1753364,8.972728,5.180703,-10.033323,-14.577211,12.835878,12.456071,-6.736317,8.237051,-0.6512982,-11.385812,-6.2349734,-6.9357176,-0.35279885,3.521899,-3.3574884,1.8929455,-9.289977,1.5002815,-2.2437003,1.8003881,0.767726,0.8581475,4.5145044,4.787226,-3.162566,-1.4312531,0.03947331,1.0405015,0.43904623,-7.4334044,-6.74548,-6.036843,-3.3330228,-6.6001062,-5.4016314,1.4498321,-1.357093,-0.304848,-7.4550953,3.1813219,2.264952,1.4427487,4.974295,1.746005,2.3111396,-3.8938172,-2.8256307,9.693376,3.3604684,-2.9471064,-9.188457,-7.051709,-1.1026682,5.033191,-2.0442908,10.858344,6.7989902,-0.9341628
DIS3,-30.227009,3.5570815,-16.237488,6.241814,-8.241318,2.454952,3.1602666,-5.3688617,-4.614863,-0.5828588,-2.7152305,6.390619,3.8774753,2.025291,-2.2156572,-4.211966,2.303553,6.306116,7.866737,-0.5423661,-5.5312195,-2.6250694,2.1807034,6.359366,-0.7517189,1.4197123,-0.67522836,0.3233611,1.5693616,4.6934896,-2.2011154,-3.2566547,2.905458,0.46068838,1.670225,2.183509,-4.975426,4.178509,0.23185116,-1.5508469,0.011174761,1.9775074,-1.2642255,-0.026095813,-2.7911606,4.4308844,2.3022676,1.8624505,0.69170576,6.261586,-0.8790704,3.8909848,-0.13157576,3.7040472,-3.1209464,-1.51902,3.754419,0.07929042,1.42956,-1.8730317,-0.72940576,-0.9320664,-1.2114179,0.19590314,-1.7357613,-1.2817074,-0.9043036,3.2450283,-1.5474962,0.25342065
DNAAF2,-13.7755575,1.5841354,3.9155831,6.9769135,-4.3523088,3.8550408,6.668316,-13.276376,-3.7971022,0.8067895,0.3311667,0.568516,-1.645579,-1.3743317,-1.4457761,3.6270134,0.015010844,-3.7450147,-0.1259219,-1.4869307,1.1830854,1.2354052,-0.2693243,-1.151749,-0.07313374,-4.0092144,3.9750981,4.3542457,6.3453913,-4.6191554,-0.35738346,1.5369761,1.1710984,3.9468098,1.8489367,10.429157,2.8624167,-0.56575966,1.0784662,-0.36572543,5.4323244,-1.7500892,-3.6079695,7.3686485,-1.4524012,2.6857426,-2.0581183,4.6282663,4.58635,2.1630888,-3.8421252,-0.27706867,1.4256783,-1.8896577,-2.2468894,-3.1533835,-1.6080455,-4.032764,-3.016821,-0.9048162,-1.6436418,-3.2030396,-5.9251494,-2.1733341,-0.7891895,-2.3456314,1.8060458,0.3696901,-0.33469272,-0.7213106
DNAJB9,-15.794195,-18.745348,13.874777,-4.890122,1.9816407,19.87638,6.75839,11.934614,6.2642326,1.1074979,-2.9042988,-0.48595026,-3.2204423,4.067669,-9.983969,1.8394405,2.281748,1.7568234,-7.4248424,-1.8661289,3.5630863,7.1064434,5.8795137,0.76295555,-0.67212176,-0.8381235,4.498431,-2.349524,-1.6941338,-2.252383,-1.540368,-3.7640755,0.34585762,2.0459878,-0.71973795,-2.4299483,1.5851692,1.244917,-3.5786812,-1.0529969,0.28829888,-0.43809864,0.15588734,0.78454906,-1.5156289,-0.9990895,-1.1669167,-1.2753597,-0.03170792,-0.22301412,-1.4736491,-0.6593099,-0.70719117,2.4308336,-1.4836591,-0.03577282,1.9333775,1.5209615,-2.6483245,0.17088144,1.6598649,2.4264498,0.72379124,1.0093955,0.5419386,0.48808756,-2.0822537,-0.27869552,1.4666514,-0.28215885
DNAJC24,-7.5020585,1.6921502,-12.612824,11.1813965,-9.205469,0.69239056,-6.02443,-5.3261294,6.700497,4.488327,-2.969995,3.8519833,-5.7027197,-2.0101538,-1.092829,-4.6912985,-6.4216347,-7.332165,11.798091,-0.24944314,1.8662628,8.765293,2.7556162,1.1466588,-2.263204,0.8059038,-4.289932,3.4366653,0.3764505,2.9656808,-8.065944,1.4858477,0.17209333,-0.4362229,1.0078974,-4.2803464,0.8061847,3.7524102,6.4643655,-6.0084524,-4.9377646,2.3589444,11.326479,1.0577283,-6.18165,-5.4208584,3.148969,-5.7983723,3.096646,3.8430417,2.4494965,2.2116385,1.2268466,2.1740446,-7.2431617,0.48312902,1.5356718,-1.8260293,3.4976122,-1.2773117,2.289357,-4.266692,1.1120172,0.80220646,4.4666643,3.0243497,-4.206665,1.5728395,-0.4081456,-2.6195867
DNAJC8,25.273033,-10.090457,6.971866,-0.67399174,-1.8761053,-8.04995,11.265918,2.880633,1.9720899,13.570852,5.3269644,1.4359947,-9.954322,-2.737234,4.217297,-1.8892736,6.1805077,-5.11173,8.606412,-2.3799758,4.2365885,1.4372898,4.4809165,0.13465595,3.7693243,3.1751838,-5.2957616,2.6283462,-2.325847,-9.404182,1.5455679,-2.9581432,3.0903594,-5.679665,3.889469,2.7061973,-1.888983,0.36952987,-8.452369,-1.9363959,6.3482857,-0.1536,1.0602599,2.103373,2.9177673,0.4354977,3.6750093,-1.9352378,-1.2500038,-0.3082472,-7.3502803,-3.0802307,-7.2413483,-6.2142816,4.856499,6.0024304,-6.1025553,-1.239911,-1.1252251,-4.630495,-7.911313,0.20586309,-1.9825484,2.2128499,2.9329498,2.5447702,-1.1355894,3.294553,-6.662723,-2.734672
DNTTIP1,-2.8518083,-27.432419,-4.6932654,-40.597973,-10.85428,-5.1548777,-17.17389,13.4521885,-19.215822,-5.7511907,2.8664694,3.0377555,6.82545,16.281372,9.762219,17.97414,-7.3093414,10.661273,2.6674736,-5.3986673,2.8509994,-4.1602845,-11.114229,-6.6072516,7.367513,7.3960466,12.203392,16.805964,-8.744593,-5.393831,7.1253953,-10.130014,15.128203,1.6285177,-1.3701884,3.2014906,-15.715646,-7.1916203,4.519568,-10.541193,-0.96393794,1.8134348,15.7226305,-2.6530392,7.0160007,-6.607695,-3.840321,12.628218,-9.726443,-14.09533,-6.095197,3.6271207,-6.9139457,15.432083,-10.4601965,1.0104766,8.160033,0.5471708,9.062737,4.8386946,0.76644236,3.1159022,4.521869,10.500484,-3.3710623,-1.6131374,-7.208406,-2.5273516,0.7206659,-2.0765073
DOCK2,9.385306,-2.4166656,27.885994,-13.018142,1.4112507,-0.6775075,-5.7608404,-1.8763055,10.360161,-6.9809394,-9.907897,5.1307945,2.678978,-2.047084,6.1886897,-2.8847363,2.2229013,4.863709,-1.4342903,0.96687675,-5.0599785,-3.0120451,6.0934596,-2.0685196,5.7645006,3.298579,1.6593136,-5.023049,2.3885794,2.1827886,-0.27568856,1.6462605,0.19290994,0.47600585,3.8652802,1.3225023,-2.1405818,-0.2780568,2.2997866,-1.246442,-0.25469702,-2.412809,0.5092745,1.9609064,-2.5017812,-5.0679193,4.3382816,-5.5107813,-1.6019645,-0.070044145,1.3910371,2.370256,0.13418342,2.9998865,1.7660338,1.1020503,0.88197416,1.0854445,4.3231196,0.2852179,-0.050035577,1.8957679,-1.8502332,2.63395,1.9804162,1.6652342,-1.0837191,-0.50037134,2.2341084,1.3084329
DOHH,-33.400253,4.3468337,-14.683817,0.047764756,-7.3205276,15.453014,-6.386552,-9.655223,-1.8073301,10.804011,-1.6388197,0.38802704,1.4079379,8.717986,5.596279,-5.864125,6.523055,5.8735023,-1.5477514,4.2909007,-0.066401556,7.394869,3.2575297,3.167096,-5.1038966,3.3878174,3.2635107,-2.3294737,-10.133001,6.0669003,2.7733014,-6.9509983,7.3436427,3.5939875,4.310648,-6.928562,1.5731356,-1.3215842,-0.13063614,1.5822186,5.687198,0.16135769,-0.13288732,-4.825465,-1.4741213,-2.2205064,-1.4104702,-5.483926,-8.736459,4.8036594,0.6264092,-1.8114707,0.32236418,-3.7329834,1.9339364,-3.9938576,9.4886055,8.928293,0.19351722,-2.4372861,-1.8389568,5.203949,-9.6000395,1.71056,0.02265912,-6.341538,5.6398864,-0.029257677,-3.0452392,1.1692896
DOLPP1,47.44171,-3.0070767,-0.23001821,-10.528011,6.6030793,34.300438,28.782913,23.250555,15.983716,-13.698083,-22.072596,16.147066,-9.795095,10.022716,2.6852741,4.4159317,7.5484242,1.2465485,-5.1058054,-9.166082,-1.6232806,6.7247367,-0.53618973,-1.3447418,-3.5601678,-2.302474,-7.484795,2.2476652,1.6661757,1.3219109,5.767152,-2.1943722,2.7307298,7.8717866,1.3949724,-1.0552658,-1.1741648,2.9069583,1.144408,-0.5076402,2.3554652,3.9544911,-3.0697272,-3.804719,8.547064,1.9428108,-1.6781518,-2.652333,-0.33170643,-0.78238976,-5.285589,2.6384199,5.792223,3.323887,-4.1177115,-4.7293353,-1.9259305,0.9817956,2.8624868,-0.17614445,4.491701,-2.1169121,1.2293922,2.851536,0.97618437,-2.1348155,-0.5975472,1.2124169,1.3513286,1.2591271
DOP1A,-6.6336455,-12.09953,-9.338854,10.8301525,-6.6174927,1.2770879,5.8541374,-6.9868207,-4.40945,-1.6890998,-1.6941757,0.2990603,3.4565918,-4.936034,1.1285868,1.2499284,3.345785,-2.5719993,-2.1943254,-0.5001976,5.2295394,1.3413843,-1.0540608,-1.5298318,1.7607552,0.06735404,2.6296911,3.9695473,5.1015716,-4.4655027,-0.59579235,-0.52825963,1.0130157,6.2546387,-0.33138105,5.2050405,2.0082612,-0.26582244,-1.0097778,-1.4739588,4.9676194,-0.78129065,-6.135154,11.963819,0.8995048,0.26154506,0.71821797,4.797577,6.1466527,3.2145438,-3.6755538,-0.31810793,0.13801898,-1.126971,-2.4088051,-2.9567215,-0.41374713,-4.1776476,-0.4209043,-4.434624,-0.43297,-3.288232,-3.574412,-0.86492234,-1.6186558,-0.32900748,-0.008774433,1.1079891,-2.4215634,-0.8116982
DOP1B,-7.748316,-19.146845,27.5482,5.585042,5.9397073,-3.0216107,-16.12106,-7.587561,2.8027012,-6.769756,-2.6543207,-2.3282335,-2.5448127,11.387453,3.2003522,-2.129793,-11.50587,-4.858325,6.950501,0.4035328,3.3146844,-1.1834565,-6.8419805,-2.7947533,-3.5982099,-2.1652284,-3.2505763,-0.76572216,3.0939393,1.9292889,0.22445934,4.2780848,-2.2527032,-5.209108,3.7918172,-0.82552755,1.0921336,1.6851283,2.9018548,-1.5098573,-0.13172239,1.9745047,-3.4925947,-0.6543244,-2.5973597,1.3783338,-0.53378934,0.79344064,0.9716365,-0.45906413,0.117637955,-1.332403,2.0061028,-1.4569323,-4.3171716,-3.7285821,-0.9234588,1.7080657,1.0183599,-0.07689351,-0.20926298,-2.5721538,-0.19051498,-2.099103,0.17402896,-2.278031,2.3563304,3.4888802,1.3406494,-0.96402776
DOT1L,4.4103475,-9.995621,1.085611,4.1885285,6.5774136,-8.713873,7.8472557,13.461937,0.15851288,8.230994,3.1805217,2.9243288,-0.8324888,-9.714635,-4.258962,0.7273021,0.14172702,1.3098123,-0.024071462,1.1824785,-4.840213,1.8309493,-1.1791915,3.0742633,-1.2941921,3.001364,-0.045121055,-0.12420589,5.588597,0.09180353,-4.301332,-1.2263602,-1.0971651,5.70054,4.8266277,0.24105649,-2.7958403,0.5605985,3.233511,6.1645617,-4.090061,0.78235656,4.010036,1.5182203,0.22823173,0.097549565,3.4911113,1.9869897,-5.5081387,-1.0676476,3.7242262,2.270101,-1.7774823,-1.0026561,-1.3104066,0.1326251,2.847924,-2.6227818,-1.9068121,1.004438,0.16703711,1.0258377,0.025656797,-0.28826723,2.3257382,-0.71922195,-1.2974235,-0.18219422,0.8960547,-3.4250124
DPH1,-23.295656,3.0919633,-8.4836,10.823231,-8.823252,15.356623,-7.8448353,-7.029084,7.053396,9.231603,1.3736742,-1.793724,1.0933212,-6.269185,-4.030378,0.8224552,-1.4490377,-7.339114,7.863892,11.173665,2.4978383,6.8031588,7.9386806,-3.6663177,0.5859442,-3.6707292,-3.6258852,3.3515282,0.39636037,-3.4494486,-4.343435,-0.8131515,-2.9994109,1.7931815,0.7203458,-4.185527,5.4324346,2.445166,3.7218564,-1.1575421,-4.9820685,0.13566881,6.936764,-0.81284535,-6.103704,-5.426809,2.899157,-1.4259802,3.5701685,4.6011224,-0.7739307,0.36892682,-0.12344121,0.54334444,-6.4446607,2.0275846,3.710658,-0.51556677,3.3617375,-2.9070144,3.2828445,-1.2716631,1.9178272,0.49619457,4.1914954,1.4681433,-6.926451,1.6734878,0.5536983,-3.9778795
DPH5,-12.273535,3.9896393,-15.647464,8.759416,-9.669206,12.446167,-10.021823,-2.2778091,5.502356,16.609478,-6.846647,0.5875942,-4.1961145,-1.5872825,-0.21324033,-5.35586,-7.542159,-5.256829,14.502703,7.3425574,3.1084208,8.335726,4.170069,1.8099275,1.3605893,0.51995635,-1.5372459,5.7260823,-0.32129952,5.2704277,-9.743791,-0.51184356,-1.1327013,-2.2962122,2.292361,-3.1206634,3.4884748,2.443067,5.3839297,-3.0480626,-3.9960773,-3.601332,6.151241,2.730062,-5.1770864,-4.916849,1.6599803,-3.9902515,1.7214055,0.6025011,0.24970458,0.012081292,0.19753385,2.7082555,-6.9528785,2.3284333,4.7744994,-1.7986155,6.944854,-2.763148,2.7387354,-5.0405965,3.3222022,1.2397817,5.4467716,3.8310378,-4.167138,2.5711179,1.0786297,-2.5981264
DPH6,-17.031897,-3.377739,-14.079284,9.200096,3.4018726,8.2939205,-0.5796239,1.162402,2.8187454,9.456865,-1.0962903,-0.8901825,-4.3169203,-5.466926,-4.6288714,-1.4138896,-7.5474143,0.39791697,7.828723,2.2074533,-2.8730593,5.667049,1.0557771,3.5752292,0.3959964,0.38198784,-4.1894155,1.7238595,-0.28249025,3.9050999,-5.8731966,-1.2475228,0.56089103,1.5250441,2.296156,-2.65279,6.6666737,1.2576839,-0.38842043,-1.7998806,-3.589913,0.066159666,7.1318913,1.4616879,-5.328353,-3.8367598,2.908664,-4.6848826,0.426973,0.88169587,-0.3474833,-0.096646875,-0.62368727,3.2213695,-5.309411,-0.8752735,3.4130356,-0.41935486,2.4960628,-2.0895197,0.950737,-2.2600214,0.40360957,0.9318236,2.1156993,1.3010927,-1.8065038,1.3325425,0.12882136,1.7565922
DR1,-0.37425613,-15.597072,-0.033332985,19.47966,-1.8642313,-11.176112,-0.022882348,-3.752256,7.7240167,-0.750099,0.09619901,-10.509208,0.041036032,1.8196226,7.151388,5.595428,6.973269,-3.8881662,2.9264975,5.5764055,-0.6491783,7.19288,7.9114494,0.17309378,-2.0093703,-0.5284682,2.9464986,2.821656,1.9633883,4.113208,-7.0457234,-0.1446003,-1.5805304,1.0267515,4.686334,-1.9674077,1.9476362,1.3750247,-0.118241236,-9.047157,-1.7342856,2.9069915,0.8991257,-6.0972567,0.9305331,1.524774,-4.4687624,-2.1181178,1.2965119,5.2701354,-1.3907194,-2.1214561,-2.4648986,2.399783,5.9431405,-4.62662,-0.41336823,-3.1671011,1.7050552,4.2539477,6.75332,-3.266311,-3.8229578,1.5600712,-5.4463305,-2.3789341,-0.90299857,0.40168568,3.8559005,0.33501086
DRAP1,15.551574,-20.216667,10.149711,7.0935335,-0.96680766,-6.5068073,-6.1464577,3.0217736,3.616738,13.611643,5.661054,0.7027287,3.124518,1.0579294,6.5244927,1.4794079,9.061151,-1.8039141,4.1411467,5.135989,4.6686964,4.822796,4.2633986,0.18993501,-0.7033801,-1.3657024,-2.1611016,2.3723843,2.1480515,5.8445253,-5.0470243,3.0414057,0.6402943,-5.41847,3.265888,2.018798,-2.462383,0.18354717,0.70643914,-4.8959565,-1.3008419,6.313817,1.4062569,-4.9015455,2.1445725,3.9324546,-2.6074834,-0.28831512,3.749688,3.2115173,-0.42967755,-2.8136358,-0.49387273,2.6933303,1.1809558,-4.3046064,-0.7906968,-3.3247504,1.2570324,0.22270405,0.03372159,-0.54606295,-1.83747,0.91945565,-2.8242285,-0.14017,1.707886,-2.2596571,2.043401,-3.118938
DUSP12,-18.09657,28.224785,-8.970376,-1.472081,-9.30613,3.6479416,4.1653986,-17.225529,-8.451368,-7.4114614,-1.4558656,3.37887,11.188451,-2.4063509,2.1818306,0.25865752,-4.6172543,10.806181,10.148649,3.2183096,-3.1336772,7.3800907,5.933011,0.61282694,2.9735632,0.8947121,-2.7837172,-4.6144567,9.830744,3.2628396,0.5346037,2.1739173,-1.0940768,1.2993827,5.7596717,-0.010575889,-0.77126944,-0.04950395,-1.2377,3.2190423,-4.5520825,-3.644405,2.0015624,0.09749878,-2.903869,5.2162547,-1.3691475,2.2829978,-1.7744805,-0.65455836,-0.06488997,-2.421436,0.56584156,3.9369605,-1.8730779,1.7264876,-2.3666694,-0.7355688,0.44352725,-1.8300314,-0.7579313,4.605025,3.9753323,-4.349346,-2.1698864,-3.013866,2.5214076,-0.1126694,1.3101201,-3.489158
E2F1,-11.169652,-5.0173225,-13.719818,7.1825666,-7.3541183,-5.049586,-1.6771798,3.578781,-8.894722,-3.464376,-0.38948244,-0.22457579,2.0317113,1.737694,-2.106242,-0.681201,-4.4189367,6.8332863,2.7932887,-1.7909243,1.5221325,0.55849004,0.700057,-3.8483157,1.9741187,0.17095113,-1.683954,-1.1694821,-2.0951557,2.8635998,0.75137174,3.0229356,0.49470568,-1.0882984,-0.73340756,2.989217,-0.6163718,-0.3894212,-2.23224,-1.0365992,1.6596266,1.1154596,0.22401667,0.485525,-4.751563,0.13988271,0.50477594,-1.2626082,0.48338988,-0.25273582,-2.513199,2.3946962,2.0916402,-0.7998143,-1.6686507,-2.1330326,0.57503575,1.4691558,0.08111345,-1.5035819,0.31626335,-1.5801512,-0.6666886,-1.0706704,1.3349777,0.39337677,1.4736488,1.7362392,-1.1808151,2.2516727
EARS2,-19.338097,11.180188,-16.935425,-7.752713,22.924599,5.067666,-10.781116,-4.2874813,3.4775906,-0.41595256,1.6622692,-4.5676327,0.17428263,-0.7134354,3.0360098,0.7480107,-1.8657197,-3.0723608,-0.75083584,0.5992061,1.8905022,0.38142228,0.98119915,-1.2798334,-1.3594505,-0.45543414,-0.3594271,-0.93776447,-1.8116761,-2.3712924,2.5840254,0.1479954,-1.1402454,2.3305318,1.9840254,2.5458527,-1.8364807,0.7844453,0.9755348,-2.2336078,2.1659715,-1.3385652,2.1185012,2.1341588,1.306545,0.7706746,-0.089774005,-0.43884265,0.2783369,-0.64379495,2.432584,1.1766875,-2.1455843,0.16306594,0.26788062,1.5801948,-1.9178891,-0.4665613,-0.4703663,-0.46300286,1.1814389,-0.18140629,0.21511568,-1.4573157,0.5706243,0.0037421624,-1.0498567,-1.5456707,1.8338666,-1.4091492
EBF3,15.996598,1.9689878,-2.317377,1.5308183,0.24778995,-6.5036926,-6.21734,1.5800703,-2.355986,-1.3578954,-11.604351,-0.7084635,5.413421,4.8584456,-3.0429795,8.166634,18.299944,-13.877229,14.044172,-3.496852,-0.89771074,-1.0041238,0.5491602,13.258823,4.102651,7.968097,-1.5643451,0.93743,-3.950015,-4.1944685,2.2877228,7.219247,-3.8554242,-1.5027831,-4.939076,-6.9394913,0.79923594,-2.0413425,-3.3532028,5.603961,2.1639655,0.10075197,-3.1433363,-3.363715,-3.3874502,1.0381149,2.1406894,0.14295352,-1.5689741,-0.480246,1.4170731,1.2679846,-0.24428016,0.9604012,-2.977797,0.38725132,-2.4748154,-0.04931048,-0.14761627,0.19726573,2.3029811,-3.803017,-0.9192868,0.6714588,4.1754417,1.409852,-0.0128980335,-0.6209549,-2.113891,-3.473814
ECHS1,6.890819,-4.828284,35.194653,-4.131432,3.4021933,-7.7611504,-6.6782207,4.2511797,1.6312312,-6.868874,1.0665326,-0.7201447,-1.4527981,-4.949371,-0.630929,-0.54727805,-4.5282736,0.32098866,-0.20462383,-3.9897168,-5.7111816,-1.7751883,-0.50023705,-1.9276867,-1.8850318,1.0131683,1.7167397,-2.6494067,1.0130255,-0.24583046,-2.6128833,-2.0714602,-3.9936738,1.6728307,-0.28848723,-1.4386387,-1.2474525,0.76609796,-4.7530575,-3.2016196,0.48323432,-0.5619004,3.4368482,-0.94216657,-0.36796466,-1.2664913,2.5920036,-0.8476579,1.7862833,-1.0443742,-0.7657416,-0.27905035,-1.4950516,1.0129434,-1.9805038,-1.5405023,-3.3118083,1.9702929,-1.6124549,0.6095947,-1.4489758,-0.62349874,-2.326095,0.613177,0.28228518,1.5289809,-2.4640524,-0.85196257,-0.46616378,0.5923881
EDC3,16.046164,-4.4786806,25.221321,-3.1678412,1.1402591,-7.2097926,0.11022282,5.4938207,6.744451,-3.1686354,-1.7921544,-9.388777,9.431666,1.0369734,-5.6450543,6.8646207,-7.1569366,10.392269,3.4964314,4.359256,-1.1596541,2.621683,0.3805073,-2.2325876,5.928206,2.357718,-3.0519018,3.9858415,0.21705069,-2.388376,0.93543404,5.587462,-2.399013,-0.24577789,-1.7275336,-1.672302,-1.9760972,-1.6788054,-3.9562006,-2.5569997,-3.360058,-3.1920202,3.6932073,0.29670218,5.675923,-1.9031273,-3.0610127,-2.4001033,5.847499,4.7903895,1.094947,0.80499554,-0.04385029,0.7391135,-0.7269056,2.4062865,-1.3168356,0.24652894,-3.5934765,0.65501213,-0.4746771,0.22024421,-3.339362,-0.065697,-3.621893,1.31417,1.5714434,-3.317476,2.9648883,-1.4948282
EGR2,-22.768389,-22.465117,-16.800558,24.381035,-4.7846828,4.3799458,-10.223765,7.5509253,11.813269,1.4480001,-10.179442,-13.654578,9.916945,-5.8793297,-2.0378795,-1.1863639,-10.560259,11.144089,1.2839974,-4.777397,-0.9675749,10.683605,-0.14308524,3.4582047,-3.0604064,3.5470715,2.614655,7.29108,-8.674453,-5.39766,0.8081814,-6.591696,0.9415857,1.7205659,2.6025808,-5.54655,-0.10011935,-1.0514812,-6.4762187,2.4991107,-0.83749217,0.114256196,-0.5429802,4.917045,0.8563893,2.3190787,-3.8673532,1.780599,2.4070418,0.40776145,2.7165124,-0.36384952,-0.47847575,3.019505,0.50989246,0.4234331,2.7345507,-0.49686784,-0.10082701,-1.372478,-0.5975627,1.4875163,1.3920653,-0.123126805,1.1628747,-2.4783854,-1.3153609,-0.18074535,6.2939167,3.0775151
EHMT1,-0.09815539,-7.2292805,-7.850779,15.456096,-7.1469803,-10.435382,-2.5628388,5.3984275,-10.147855,0.112923734,2.1977649,11.11177,-10.361381,-9.90201,0.1905597,-0.14195757,-5.39997,-9.962873,6.8146787,-2.2357569,-0.86890703,-0.942918,0.17252307,0.6740524,-0.69166243,-7.592923,-1.8331523,2.0722067,2.4938452,0.39975718,-0.7540112,1.9228789,-1.0858328,4.860895,0.11357644,-1.775369,-4.9007096,-0.68817335,-8.364535,-1.1713983,5.153718,3.5615888,8.533092,2.4266188,6.4124703,-1.1105739,4.874117,-4.619078,2.764665,9.052709,-1.0119371,1.1781482,3.5684311,1.8995684,-1.8397323,4.482308,1.7181064,4.791294,-4.6067452,-0.74834067,0.62972754,2.4285324,-2.5250537,2.164114,-1.9352609,1.0657716,2.3504782,-4.384519,1.0124313,2.5024579
EHMT2,-6.7946777,-11.546676,-17.735727,25.33327,-6.7595916,-3.4909012,-5.2467194,1.7620424,-13.408905,3.936996,-3.606622,8.201869,-8.406967,-6.7749896,3.8694384,-3.2882082,-6.922162,-8.87917,9.911334,-5.3210144,-2.7888744,-1.8522063,-3.2635255,5.752002,-1.7332418,-5.720612,0.033514056,3.294891,4.717019,2.5085163,-1.3535244,2.7744367,-4.5640326,8.141448,-0.82291365,0.9042912,-4.926084,0.33516094,-10.90672,-4.590744,5.950221,4.998285,12.564945,2.9486904,6.628569,-0.40276495,7.9057174,-6.958095,-0.20336285,10.381503,-2.508462,3.2949579,6.2950053,3.196181,0.97288096,9.835077,1.1837358,5.0221376,-4.8959765,-1.0845431,-0.8837939,1.1595178,-3.323443,3.860817,-2.7982986,-2.0981398,4.901605,-4.9880366,1.0298518,3.1152759
EID2,11.284563,1.1970087,5.8825016,7.831033,3.475904,14.071302,2.4328177,-9.550833,-4.860045,3.2865648,-2.3079872,-6.2367897,1.4550635,-4.917544,-1.7561703,-0.67063034,1.199339,-2.7118878,0.8970284,-0.31405294,6.239594,0.2908951,-1.7160347,-3.5955305,-1.2329793,0.46428397,2.312244,1.5218478,-0.25566724,4.513098,1.42845,-1.0788506,-4.962635,0.89326733,-1.5733539,-1.3661269,0.49431154,0.35592043,0.8993487,-0.06056629,1.4419605,-1.574288,0.45726797,-1.341397,0.40977657,2.5831645,2.8973942,-1.0791605,-4.8590417,2.7656124,2.011851,1.1145687,-1.8613387,2.3912222,0.3295861,-1.102506,-1.6967771,-1.2008513,1.6479532,0.55132425,-1.2690024,-0.035843812,0.13734698,1.6584857,0.55207425,1.0399464,-1.6395456,-0.5426774,-0.23268592,0.25327596
EIF1,-6.0762057,-16.619623,-20.608864,17.974901,-7.221148,17.85381,7.5546083,17.732534,7.536494,5.84958,6.4487004,-2.8552845,3.0578263,-9.860948,14.184021,11.501553,-0.4498111,2.2541654,-1.2030419,6.020521,-3.1109405,-6.4592295,-4.3067427,-3.158479,3.7731378,2.9122376,-1.413035,0.63176256,5.179966,-1.6426369,-6.7909403,0.37696713,-6.484587,0.40489623,-0.84985477,0.922375,-2.4665222,-2.4912295,3.3297915,3.2365563,-2.8441644,0.5719682,-0.6027448,-0.35704866,2.8277652,0.53518003,0.8239308,1.4271965,-2.5391154,-1.3744702,-2.3435252,-3.4476116,-0.64790916,-0.7992118,-0.76015145,2.19519,3.8932562,-5.2657022,-1.5849603,-1.4687992,-2.093022,-0.076216765,1.266433,1.9011977,0.41715863,-0.17706807,-0.66688764,4.0479364,-4.579717,-1.8083695
EIF3H,-11.103275,-13.198717,7.75421,11.09705,-10.510437,22.476522,-8.247945,-1.9135062,2.369904,2.120226,-2.5625217,-3.8029304,5.1583204,-6.797559,-3.2901423,5.8339252,0.45033464,-1.0098974,-0.4824636,12.543142,-0.6062929,-5.379202,-5.8693333,4.2418165,-7.523307,6.3601975,-6.388778,-10.151137,0.7192576,-0.8634362,-1.3127471,-1.6882061,1.2472779,-3.1020133,8.224767,0.20519316,-1.3191409,4.9681935,-0.87418514,0.9945447,-8.782519,-4.115958,4.330441,-4.531591,-4.5956745,0.9515057,-0.39568314,3.3744612,3.488359,-5.4407506,3.385018,4.4952836,10.2471485,-4.532949,4.435846,-0.23322621,-2.2677531,-2.6522498,0.6303373,-6.8491507,3.8799994,-0.66075546,-1.2840284,-1.8670399,-6.1375856,0.28210178,6.0592217,-7.3472733,3.4262364,-0.2115561
EIF3K,-32.597633,1.3396175,10.000854,3.1247447,-6.5591893,3.7153344,5.774018,-8.713727,-3.9164467,-8.161966,2.1374831,0.99390554,3.0654995,-1.5976106,0.34539363,-1.5076544,-10.521483,-3.4125135,-5.566536,-3.4681075,-0.49270183,4.4664536,-3.9287763,3.7987177,-0.95298284,-0.13395485,5.338856,-3.5054748,-2.0989842,-2.3341308,4.165217,-1.2831085,-2.4263325,-4.4166155,4.786682,1.7117583,-1.0486654,-3.172304,-3.4529405,-2.6610925,1.9133444,4.344827,1.545116,-1.1148864,1.3854829,-0.24302155,0.3769932,2.2975569,-3.2880235,-3.3864818,0.8803295,-0.24208654,3.7422547,-3.3661518,2.705475,-6.004017,-1.4710271,2.554719,0.48731074,-0.37099507,-0.4512223,-0.6032385,-3.5946171,-2.4292538,-2.6135478,3.8260431,5.718878,-6.9161353,5.6804504,-0.6970159
EIF3L,-27.513153,6.21721,-0.6133011,1.8867053,-9.04013,1.3125079,2.5327888,-13.048809,-5.4815693,-7.830944,1.2759898,0.5208682,5.0763755,1.7028688,1.0954027,-6.132544,-3.8278391,-4.994398,1.1542716,-2.960151,3.1134667,0.23828277,2.3718977,-3.0923998,0.98188764,-2.505355,4.4873385,-1.46344,2.0153856,-0.90574014,3.9682043,-0.401737,-2.4875462,-3.6471727,2.7144647,3.171679,-1.6178613,-2.9436421,0.5860424,-0.0080413455,0.63833064,-0.846986,-0.113633916,-0.42565748,0.20350415,-1.0152663,-1.7205845,0.1222983,-0.3473352,0.19052579,0.122585736,0.48647186,3.0030956,0.99489945,0.7482373,-1.3900121,0.27835184,3.42236,0.96742237,2.7669377,2.9801798,-1.4119306,-4.2482367,-3.9521575,-1.0290002,2.8565342,5.8804264,-5.9461985,0.587667,0.1932921
EIF4A1,-12.441579,-13.154634,8.568932,-6.4038043,-3.2719352,11.048506,-0.7756014,0.16741623,-5.877432,9.0947695,-3.0328004,-1.8832663,7.715803,-0.60173786,0.35682115,1.4292386,-3.9506342,1.7017715,1.7641999,9.365691,3.2753878,-4.323603,-9.961469,-1.6749513,-2.0281835,-5.1522956,-5.0907173,-3.8550243,0.45171908,5.807538,-8.729315,1.752145,3.3192985,5.349585,-5.463502,1.659922,-2.6684332,0.647273,-5.642369,3.9283037,-0.023586672,-3.7794602,1.2752702,2.6239295,-3.1996074,4.38652,0.46874967,3.610639,1.3216444,-5.1369305,4.0877633,-0.022482011,3.7533834,0.25061125,-0.05684206,0.94086075,-4.3407755,-3.4586596,-3.206718,1.9351331,6.8211856,5.5072103,-0.77173144,-2.140863,-4.8652797,-1.0404919,2.5675323,0.5052543,-0.41629758,-2.9076724
EIF4G2,25.28861,3.2900534,13.123014,2.3548558,-16.477077,6.4155216,-3.0146253,-2.8159108,25.257315,8.917408,-4.923777,4.1706243,10.096654,-23.020193,-9.868439,-2.179685,16.374405,3.1416395,8.475867,20.52692,9.700805,-13.627415,-21.990135,12.543284,-13.432406,7.3463016,-0.13818105,-10.677944,-7.7334337,0.104909234,-2.3514426,-8.432069,8.02749,5.9748216,-0.675773,4.857564,-4.9081287,1.353105,-3.2853498,1.6176319,-3.4469836,-5.0439186,6.585464,-1.2198946,-8.440339,6.680086,2.2214742,3.0177562,3.36114,-13.506245,-11.139884,-0.78134704,7.60649,-1.9847742,2.5296388,-3.634532,-2.5901117,-5.67957,-3.2097898,-0.40962362,-0.7621482,2.027471,-1.5506972,7.5504036,3.4149683,2.8699741,4.4228683,-6.0462704,-0.32432422,0.7920877
ELAVL1,-29.928625,-20.617765,-16.032778,-9.892166,-9.775811,-11.800432,-13.92732,17.773851,-15.277871,-1.7668173,3.0710764,-5.600492,-8.40054,10.525095,-0.6241605,-3.925725,-5.878,12.326106,-4.636242,5.1711946,-3.44296,7.390167,-0.0062696724,-7.3596244,5.4096503,9.067258,-8.150632,0.4426386,-12.7694435,0.12634076,1.4742295,-4.9976096,-1.8028501,-9.6251545,-9.507887,3.99797,10.763259,-13.831395,0.09017249,0.11704299,8.479926,-4.7029967,6.2579846,1.6563011,3.6214597,-4.825872,11.982239,-0.3718209,-0.80231035,2.526917,-3.0107567,-4.503232,-1.4185083,-5.0622525,2.1587543,0.5507903,-5.0698695,-2.7050226,4.3952193,-1.6795212,2.7851322,-7.7556424,2.2976751,3.8526285,-4.818007,3.0412354,3.234739,6.057701,4.326109,8.552261
ELOB,40.47541,8.741268,21.081892,13.4519005,-2.7260766,6.150476,-4.8167357,11.358874,23.445631,-0.07273348,5.7646184,-0.9464092,2.1210523,-19.634184,2.7185242,22.540861,7.773945,16.837774,-6.8134475,19.47489,-9.822788,-3.9364219,-1.1099826,0.7724976,2.663322,2.4606118,20.303053,-5.5129914,-8.528186,-1.775649,13.062464,-5.738981,5.5514894,-8.774137,3.327229,-8.638136,6.0365033,-4.1777706,8.399009,-7.815543,-0.38195097,14.675616,3.4093103,11.377429,-7.686066,19.737915,0.7224916,-2.7145615,-1.025181,6.494157,-0.1495255,1.8742031,-1.4933276,1.659447,-3.7827005,15.78678,-6.6262417,10.460714,-5.588337,-2.808957,8.473872,6.1244745,-3.4187012,5.9172993,-1.4781243,-2.6429214,7.0900345,13.67504,-7.325004,-0.21916105
ELOF1,19.680393,-3.1210434,-12.695605,-15.333766,-11.083608,-7.552953,-40.35343,25.665203,-15.911609,2.818331,-6.344282,-1.0205044,-22.709814,-9.203047,34.029434,-13.061926,11.276602,10.520153,-17.090761,8.789029,12.419305,22.155577,1.4498279,15.871161,-8.601518,-2.7128117,14.530711,12.707732,-11.930686,-0.4154876,9.069738,6.194414,-13.797777,8.063929,-5.7558107,4.970784,-5.427052,-3.8150477,12.234603,5.8403482,-8.438844,7.2757683,-9.546282,-1.0845506,-6.5855527,-8.768178,11.8934355,-8.00669,7.8782644,-2.8672557,-12.044641,8.064921,-5.8773623,-2.9750142,-2.6178253,-3.0739276,-6.6838646,-4.1570144,-3.7471833,-8.332554,-5.425631,-0.7011083,-5.545941,1.4224542,-10.361056,-1.5612296,1.6103731,-0.6605972,10.386718,-12.502631
ELP1,-29.399988,4.1572003,-16.513733,6.8530765,-8.716137,16.588423,10.672727,5.6627574,3.3852086,-1.8057878,13.488653,-6.193789,4.817126,-3.700369,18.27768,5.57818,-6.2296324,-2.0362635,7.250111,-0.4753371,-8.606686,2.015912,0.33125612,4.4756694,4.7079043,0.4427987,-2.5613832,-3.0992439,1.1384104,-4.257883,-1.1258178,1.8325852,8.388606,-0.17251457,-4.1389227,-1.9736048,3.0990336,2.0569947,1.0633763,0.001687671,3.1430368,2.9321647,-2.3117607,-3.1847358,-4.536516,0.29748565,2.783712,-2.4482024,1.7670581,-1.1210082,0.63276714,8.03615,-4.1681247,-3.568108,-0.4045004,-1.4793707,-1.6101693,-3.8755338,-0.6196785,5.844834,2.34893,-1.550012,-1.073602,1.6768847,2.3698494,1.5102191,-3.8400838,-2.3596582,6.1331773,-1.7408578
ELP2,-5.9761925,16.12254,0.039507028,-17.878635,-3.260085,17.077131,18.830431,11.664196,-0.9074831,0.60197866,10.394091,-11.494258,7.4340568,-6.032239,21.39846,13.494182,-7.5661025,-7.892782,-0.10572261,-0.96803087,-5.1740522,1.3476515,-2.601482,3.260972,4.274407,-0.53276163,-6.863747,-3.381113,1.5018002,-3.6276731,-3.6335864,5.3701625,9.714589,0.5879741,-3.870631,0.41590315,2.5363398,1.3192829,3.6932185,1.167093,2.553548,-2.3273177,-8.31352,-4.779208,-3.047224,-0.45471796,3.764516,-2.2947974,0.5862302,0.76163465,0.43063933,9.186295,0.15812634,-5.6368566,-1.3712981,4.6918974,2.4975715,-3.8038912,-0.6278991,5.686651,2.442029,-1.1722333,1.6102858,-0.5170655,1.1875271,-1.0830005,-2.747527,-3.4307094,4.147735,-0.26042014
ELP3,-33.88615,12.105721,-5.2487636,-7.8396173,-10.411726,17.839901,11.278039,4.7582426,-1.4872748,0.2563958,13.32585,-9.729391,3.65449,-4.143947,15.978445,2.705181,-4.4674153,-3.328824,6.871914,-2.1513417,-5.3863535,-0.3340334,2.4576814,0.8414691,3.5042853,-0.0032898234,-1.2077354,-8.062206,3.2304459,-1.6066911,-5.5419,4.3763876,10.513566,-1.5797473,-5.6622243,-2.8344903,1.0303037,0.421829,2.9777658,2.089322,6.0608487,1.3724834,-5.2289867,-2.2301118,-4.6303606,-1.6351266,5.5083528,-1.2771266,1.9821936,0.6512544,0.5890465,9.692878,-0.8114478,-6.511516,-2.8406444,2.07658,3.5660846,-2.4817147,1.9779236,7.8431196,2.506253,-0.49429044,-1.3180227,1.664498,-0.57186747,-0.03383757,-3.2658224,-2.3348243,3.9767056,1.5309149
ELP4,-8.021262,0.028419182,-4.208454,0.4645999,-6.57775,4.5044923,11.653086,9.226109,-0.82944906,-3.696866,8.847016,-5.2164636,-0.8092295,-9.522808,12.999102,4.2007957,-0.4932131,-4.568308,3.138247,-4.211051,-1.6219862,0.6815527,0.77863234,-0.98671323,0.82966185,-1.6551497,0.14109564,-2.612342,0.0018752066,-1.9948226,-3.6515324,3.3702924,1.3969029,-2.6886137,-3.4504604,0.22467603,1.8825244,4.8925166,0.15011339,0.60617584,3.465328,3.41407,-1.1355549,1.4515842,-3.1239479,-1.6051905,0.28115872,1.7025682,4.682143,3.514259,-2.8228939,5.009845,-1.1186317,-1.9108853,-2.9466677,1.7152964,-3.204524,-1.8425752,-2.7044194,2.394838,3.218956,-1.9210156,1.5525333,-0.40426087,0.7223236,-0.011500301,-4.1550975,-4.182239,0.9631389,0.22398834
ELP5,-4.9465137,-0.47445583,-17.439669,-4.6064744,-6.802869,8.47265,12.100828,9.789598,-4.681965,-2.0880678,7.7569914,-10.310625,5.379153,-8.289132,12.593842,5.182169,-4.784013,-3.1702876,5.8290124,-3.4747963,-3.9734704,2.0826225,3.9515374,2.0217109,0.06136633,-0.1190719,-1.4587374,-5.38004,3.0892467,-0.40532982,-6.1202416,2.706349,12.798298,0.9937969,-2.6024954,-2.2711647,5.9997015,1.5554744,1.6749821,0.5846984,4.3145165,1.036602,-4.133838,0.7196121,-7.4801607,0.11542068,7.8607106,-1.8852271,-1.464008,-2.6350365,1.3752096,7.428407,-3.0383785,-4.442168,-0.66272277,3.1136982,4.809069,-3.0329726,-0.6092745,3.5731695,0.34632096,1.994007,2.4336886,3.1005561,2.7390895,0.11547297,-2.0702095,-5.4517035,2.3683624,-2.555662
EMC2,-14.47099,5.9370584,-1.207266,-1.9369212,-12.6786585,6.582755,0.10594385,12.5196,-2.5272114,-10.140664,-1.3782265,2.69622,2.1503534,6.6461997,-1.8550785,2.8066056,1.5425546,7.498492,-4.469928,1.543769,-6.4502215,-5.149141,-2.4284074,-3.3717468,0.7007488,2.602167,1.0009472,1.5271229,-0.7380414,2.1054122,-2.7359757,2.5172946,-1.3782158,-0.028352914,-5.7680926,-1.2829746,-3.315942,0.75968343,3.4129112,-0.14682136,1.441953,-1.9314973,0.29759583,3.9558425,-4.404471,0.87223834,-1.176851,-2.4215977,2.8795745,-0.78664154,6.0288424,0.14232956,0.90657496,-2.1941934,-4.014619,0.86789185,-2.847756,3.5926495,0.704111,-1.9129739,-1.5160881,1.2447121,-2.5340183,-2.4447846,-3.5032086,-2.4080865,-0.33481634,-2.6237261,1.5762868,2.6410117
EML2,19.509104,-12.786006,2.6806455,-10.29701,-0.13109653,-4.633667,10.579037,-0.77523255,-0.363904,8.612566,0.6009774,2.659917,4.570536,-8.081249,3.1437318,-0.93951213,5.4514174,-1.3536181,-1.465771,-1.780918,2.8659947,10.046428,-3.9902618,-1.7528236,-4.160865,-1.5084465,-0.9644014,1.810699,2.0320423,2.2067072,0.72486985,1.8024124,-0.28839892,-0.0051730582,-4.7564626,-2.4529562,3.110659,-2.7385025,1.1701102,0.23151486,-2.5727684,3.3418612,-2.82415,-2.3668215,1.8622653,2.8488655,-1.2804656,2.4418178,-2.7447064,-0.36181048,-1.9141488,-1.2371157,0.06954735,0.19517887,-1.7333877,-1.6911083,2.8714857,-0.50725776,-1.2825438,0.13792966,-1.802463,0.3580102,0.90226287,1.4480293,-3.0604417,-1.2050799,-1.5240993,-0.9019809,1.9047735,3.38584
EP300,-0.03562575,-33.628757,11.50871,-1.2713245,11.238011,4.9985332,2.3790746,0.31597748,-9.70226,-7.5706844,-3.49472,-3.6925027,-3.0818279,-10.531379,-1.7856514,3.6067028,3.6520505,-0.709112,3.278349,1.5185994,3.5625882,5.0416684,-8.222369,-0.9006598,-2.998154,-2.7171414,-1.1303691,-5.3755913,3.4767036,-8.832008,4.741039,-1.7735155,-1.716772,1.5057156,-0.60460305,-0.21501282,-5.7643466,1.7710748,-6.1066666,4.607207,-0.18960637,-3.7094457,0.4272895,-0.52270955,-4.2978735,-3.356528,4.2313523,-1.3717488,0.062988006,0.607905,1.0195872,0.075727746,0.7338485,1.9808494,0.8717754,0.3797834,2.814654,3.841901,-2.2295053,-1.464551,-1.374234,0.11195138,0.35481745,-1.2373825,1.4423225,0.11226129,0.8197227,2.3879807,-1.2460079,-0.004684439
EPC1,-15.486552,-2.2721124,10.858135,-7.344542,0.32544398,-5.6909194,7.216735,-8.211027,13.505007,-1.3691568,2.7499435,-1.0901922,-16.1277,1.1866083,-1.495813,1.0036612,-10.30085,0.8436369,-8.520122,1.6089679,2.9709902,-6.94489,4.216404,1.8803537,7.1773257,10.795457,-3.7761118,7.7782383,6.5244045,2.3051193,-2.7589145,2.6121082,4.932217,3.61338,-9.316106,-5.032557,-1.5410931,-2.6245837,-1.8814623,3.771422,3.4988449,7.2022247,-1.3965769,2.246672,-2.7699938,-2.081576,2.5375307,2.8957536,-1.2379382,-8.080723,0.8135108,-4.9323783,0.96941483,5.6270084,-1.4295301,-5.358567,2.2123504,0.24700247,-1.0655487,-0.1821134,-0.3165749,-1.7586293,-0.6333476,-0.4469663,-2.7237663,-1.8475306,3.48483,0.27613175,-0.7981684,-1.9017334
ERCC1,-8.616286,9.88651,3.4683108,-5.6858287,-9.477776,-3.2104843,1.9742179,0.5461832,-2.41358,0.5381192,5.381656,0.16784616,-4.117146,-6.83239,-3.7173378,-0.7783788,-1.7564492,1.9239286,-2.1661463,-3.0055501,-1.2845254,4.1198435,2.6937263,1.2753642,0.6082828,-1.2351588,-0.86821896,2.0806067,-5.1980915,-0.35576737,-1.0286044,2.2800286,2.0283732,-1.9173855,-1.489537,3.8799524,5.1699977,-2.3612406,-2.7312279,-2.8359194,-3.620229,-7.2658195,-0.4610449,-1.5802504,-3.3502543,2.0154295,2.3237066,2.82678,2.3012257,-2.8290725,-2.6146498,-5.1861124,-3.2723076,-2.444903,1.9358732,3.0023777,0.90610415,2.272497,0.7785608,-1.9138783,-0.7729564,-0.23317078,-0.360734,-0.3344561,-2.5759058,1.9037862,-0.25672126,4.893857,-1.624834,0.39971015
ERCC4,-8.706841,19.610483,-1.763656,-3.7930613,-8.443267,-8.537809,4.545211,-9.400196,-1.1232541,-11.211529,3.0588613,4.0155444,-7.438994,-7.640109,-8.277807,-2.5207708,3.3111243,3.2769506,6.598934,-2.0702748,-0.30534545,2.0066583,5.885661,-4.7765756,0.06682438,-0.8208229,-1.0991966,4.769119,1.4853176,-0.8989942,-3.4054327,-3.258794,-3.1072617,-0.16118786,-3.7107487,3.1606987,2.135138,-2.3907497,0.17281073,1.7270408,-1.2443129,-0.41688675,-2.9850826,2.2827914,-0.7040031,0.6627463,-1.8134229,2.7377152,3.4402912,-1.6758481,-2.5342426,-4.775433,0.41581735,-0.5940146,-4.4483843,0.70164293,-0.3299969,3.6433225,-2.2619681,-1.3644412,5.9461875,2.5981402,3.8379655,-0.11648635,-1.2207651,-0.23680274,-3.0448072,-2.632843,-0.6802968,-0.7894197
ERCC6L,-8.457245,-3.285314,11.10213,-10.586911,-6.3675976,2.4487753,2.3830285,-1.4250171,-7.8359103,-8.676011,5.6481633,4.695162,1.7308301,-9.663941,-1.8630294,-4.175176,8.445304,2.0631213,0.03717574,-2.369627,1.3054357,-1.0392858,7.8361483,-7.4242945,-4.386724,-3.119151,-2.7303581,-0.96953326,4.950692,2.4520066,2.004265,4.1635203,-2.9147375,3.288567,4.082985,-0.82153773,-0.3410729,-1.2738086,-0.38083246,-0.24412003,0.8135848,0.39940983,-0.6084194,0.06687826,-2.4641035,2.030784,3.2372913,1.7161263,0.5066016,-0.7768387,-1.3790263,0.6890298,-2.2050884,1.3418024,-0.2055096,1.4357208,1.8199698,3.3824613,-0.7828346,-0.4496434,-0.49393794,1.2072407,0.3458355,0.07510615,-1.4638735,-0.30269304,1.5025902,-1.2815112,-0.27244964,0.2502282
ERN1,-18.568089,-18.341236,3.0481997,7.473367,3.9679706,-9.21773,-6.0707145,-10.770617,-3.1053433,5.7566347,3.7737541,-9.920325,7.1845994,-3.0098479,8.872996,-1.1499101,-6.7102647,-2.4581108,6.4089446,2.861448,-5.6941066,-3.976904,-0.23758619,0.81153554,1.1173611,-0.18821421,0.88037246,3.3634279,3.3016508,-3.9609468,0.119048,-0.0013647458,-2.4264402,-0.30729425,0.2069751,2.9464815,3.2970836,-1.3737937,2.3390894,-1.6940197,0.96701306,-2.274304,0.54838616,-0.516251,0.3587045,1.1702142,1.940949,1.300608,-3.67668,-1.1351594,1.9228884,-0.4135734,1.6984385,-0.21956813,1.0787901,-0.60886306,-1.4937305,1.8919302,-1.1706212,-1.416642,-0.26390794,-1.5024723,-0.35166848,-2.347701,-0.47653764,-0.3390004,0.23367094,1.3660247,-1.1906385,1.047435
EWSR1,1.8328594,0.6957042,-11.685049,16.531986,-8.021686,-13.367463,12.052089,-16.702856,3.742992,-8.669977,-5.8441696,-3.4331877,-4.991513,-14.91383,-6.1041026,7.764566,-5.492275,-1.6551542,0.1443207,-5.8140845,0.7200086,-6.137193,-5.9406323,-1.067811,-3.1324553,-0.5617911,-6.9514585,12.391117,2.708321,-12.739432,6.6880565,7.501841,3.7730346,1.4746614,6.911138,9.194458,-0.38582975,-2.52104,-9.496885,-0.07445989,-0.8484129,-4.2901473,-5.2803836,8.28317,-0.939041,2.9375422,5.47099,-10.288829,-10.132545,3.2984753,-2.2061083,7.3848147,-3.8440359,-2.0483785,1.5717188,-7.568624,-4.2674685,-2.8728764,7.280134,2.290482,-8.7733965,2.202974,-6.2694488,-0.39994377,-0.4343876,-6.002376,-1.7760445,5.2058597,-2.1751206,-11.495205
EXOC7,-20.390238,-22.680695,-16.166992,3.5832067,-1.1982499,0.5007405,0.7579304,-4.65823,-7.9203615,-3.6534328,0.44390085,-0.09937341,6.5758033,0.6634413,4.018241,2.8730953,0.123627655,-0.18443662,-2.5414984,-5.855534,-0.119890966,-1.0505484,1.3141584,-2.6331704,-5.008751,2.6407416,5.1317716,-1.1958619,-0.3775644,3.3816025,0.5846529,-2.550533,3.3676186,2.3311315,1.541436,-1.6000701,-3.9783118,-1.7996197,1.2669163,1.3768198,2.0470078,-2.6705642,-0.23026213,1.8924627,1.3453648,2.0186174,-2.7345347,0.6838791,-0.7681802,-0.4593265,5.2624445,1.8424774,4.162204,-2.7087104,-1.0252237,0.8313624,1.8797877,2.5639272,-0.06331507,-1.0956284,0.47199595,-2.0869362,0.3154486,0.67136496,1.6587684,-2.6524463,2.542335,-0.29249874,2.2423074,-0.41220635
EZH2,6.8503437,-1.3376648,30.154848,-9.222165,0.47472256,0.06524909,1.4082842,-0.7591351,3.0018845,-4.0073256,2.8892112,-1.9880266,0.5143158,-11.577082,-0.7939906,1.4160937,0.79247856,-5.6562595,-1.233562,-2.0713797,2.6741626,-0.5418129,3.514832,-1.0672727,-3.692514,-1.8878461,3.6607394,0.57386833,4.615249,1.947909,-2.8192682,2.2885644,-0.84677947,3.1158922,5.9430566,-4.358731,-1.8498814,-0.40697607,-0.14064653,4.3235064,-1.5491096,2.0143654,-2.688716,2.6975038,0.43577936,-1.9220713,-1.2655419,-1.6285026,-2.6263254,-1.8611062,-1.4675694,-4.1070695,1.8484286,-1.0720617,0.5319638,0.35844392,4.067213,-2.090135,-2.6048527,1.000951,3.876453,3.6840408,3.0825078,-3.4505808,-2.4230444,0.028032444,-3.8204846,-1.7130017,2.810031,1.2235502
FAF2,-7.460169,-11.547651,11.336316,-11.562543,-1.5626236,24.666504,11.760341,19.376955,0.329464,-3.1655152,-7.5976043,2.188015,-3.0549572,5.129077,-4.732795,2.9638803,-2.5883622,0.58864284,-7.286411,-4.4886837,9.223396,-0.8881707,0.42061237,-4.322125,-9.301102,-1.4606863,0.5425782,-4.868443,-6.642269,-0.21766695,-0.6124821,0.549088,-3.1847243,3.0373921,-1.9084512,1.7101816,1.1947484,3.1523108,-4.037091,-1.2190663,4.230003,3.4550817,3.047149,-2.2944646,-0.7849259,-4.1224027,0.33971053,3.5479805,-0.25832868,2.0906906,-1.1317728,1.4594809,-1.4917212,1.0762833,-3.6067755,0.7138938,3.1193035,-0.7894048,1.6123617,-3.9024014,2.6615064,-1.3913162,2.440717,0.15229557,3.4174495,-0.09661558,3.2472787,1.5561284,0.3245022,-4.267339
FAM161B,-5.2287855,15.519887,-14.516354,-0.38187778,9.071662,-9.759707,-6.345447,0.028389357,5.8075438,0.7708446,-3.0783565,-0.93778354,4.012853,5.7981653,-2.4402769,4.447234,2.0253956,-5.974337,-2.5480382,0.5518992,4.082145,-2.2978647,0.27718723,-2.7814708,2.2166326,-2.1274655,-1.6635123,-1.94397,-0.32436213,-4.88993,0.9857603,-5.094432,2.515364,1.61549,0.00482791,3.3583536,1.313649,0.5704318,1.0635846,-2.1767273,-2.6930416,-4.7653556,1.1602584,0.69986445,1.9204315,0.13456571,0.8181759,0.43538153,0.52407426,-1.4978321,0.623246,3.541681,1.9443469,1.6904042,2.3902652,-0.6471502,1.8166125,0.35740313,0.5020432,2.973306,1.9751259,-0.45907032,-1.6596152,-1.4972935,1.5456747,1.4381367,-0.52078485,1.6221834,-2.2089345,-2.1183703
FAM98B,-28.941994,-11.436935,-19.714848,16.801653,-4.1134057,7.483978,12.010107,12.790513,2.1073754,-1.9934375,8.483126,1.7218648,4.6333785,-3.7130878,23.039503,7.6475344,-8.113042,-5.0639358,0.14888997,-1.6982882,2.1243172,-9.447755,-0.7612456,0.8773289,0.22523797,2.8647852,-7.1445327,-5.3658404,-3.542586,0.035843015,0.63636065,-3.271468,-5.0106997,-8.977794,-5.08651,3.727603,1.4900337,-1.9496039,0.25492316,-0.40273303,1.8842256,1.5643609,-0.99828833,1.3764926,-5.745559,-6.6833735,2.9208302,2.987468,1.1361814,3.5467727,0.07686794,0.9964419,-6.1879406,-0.92954904,-0.5421199,-1.0836309,-1.7714894,0.28788137,-1.2043037,1.6796464,-1.6220603,2.0153,1.0799886,-2.6675413,-2.302848,-4.815296,-0.00027621438,-1.9943143,-2.7456899,2.8602126
FANCB,6.207877,18.802652,17.135859,-19.26681,-1.0656238,-4.6273212,6.947818,-0.9059655,-5.7901163,-5.2991657,0.08837311,4.531133,-0.1801671,-3.7065287,-7.10668,-5.331608,6.2349243,3.3841634,4.24773,-0.13812317,-0.7643175,-6.298355,2.9610634,-4.066756,2.4549718,-1.047378,-3.2371283,1.5472118,2.541259,1.4683008,-0.23878536,-2.331544,-3.169861,2.5499997,0.77631164,3.4201298,-0.5262581,-0.78406894,-0.6512112,2.3591855,1.5271742,-1.6910628,0.9311572,1.120923,2.2566547,2.008939,0.69520956,-2.7948499,1.3338056,-0.75838184,-0.93522125,0.6109637,-1.2461561,0.8424376,-2.0749693,4.275409,2.4787111,3.3464806,1.5138574,2.5414312,1.2953151,0.4457289,-0.73362535,1.2235829,-1.5115845,1.1708643,0.2466965,2.2024794,0.41113204,-0.41428128
FANCL,-1.5571573,16.514135,5.3531957,-11.890557,-7.6338,-7.673853,5.4396234,-2.3559744,-3.995061,-6.849705,-4.9139457,3.8367298,-0.8869695,-6.7600965,0.7988435,-2.8091273,1.0766116,0.92131084,1.6257153,-4.735555,2.445733,1.8501467,0.44393605,-1.187946,0.30132967,1.5377917,1.2501838,1.2350982,-0.778793,1.3186389,-0.5530344,-0.66555107,-0.9001115,0.19744061,-0.4932162,3.4884365,1.2343053,2.0018442,-0.73626983,0.7650526,0.32817212,-3.7681346,0.9896086,3.9419506,-0.39277646,0.80302215,0.38324657,0.44361866,-0.08384533,2.1925483,-0.5748188,-0.53408927,0.90514183,-1.5826392,-0.20423834,-1.1511623,2.8743963,1.7360625,-0.34424818,-0.37144956,0.9878287,2.0749545,1.1287373,1.4097887,-0.18821861,1.5097699,1.0418854,-1.5814065,-1.1299913,-1.3323238
FBRS,8.634731,10.799076,9.15225,-4.7319565,-1.0009822,-3.6405578,6.2597356,-10.043638,5.9207087,6.847746,-0.596572,5.6046557,-4.5269947,-3.2358773,1.7574518,0.1606863,0.045965284,-3.467333,0.8898793,0.2027325,-1.3859881,-3.112183,1.2921721,-3.442466,1.0515168,-0.3111445,3.7660632,-2.202066,0.25976422,5.4067082,-0.5050144,6.213344,-1.7489653,1.7025189,-3.1025553,3.841733,0.51541775,-3.0766442,6.337928,-1.273246,-4.952566,-4.2963195,2.6724725,-1.7911125,1.776152,-3.3940508,0.672492,-1.1368665,-4.635009,-3.131825,-0.35818413,2.4509723,-0.93313426,-3.5903294,-1.1000392,4.030684,-2.056041,-2.986113,-1.0947549,-1.784706,-1.2490542,0.7781396,-0.25238043,-2.8913333,-2.6589887,4.549493,1.1403642,1.9808147,-2.9663656,0.7931136
FBXL15,-4.4332757,-16.071045,15.175426,-10.483499,1.2462387,1.0270114,1.2552209,1.7785121,1.7131152,6.0089617,3.6062088,4.8310466,6.5456843,-5.6598334,-1.3580253,-8.959767,7.151869,5.1414375,3.3486044,0.5664767,-1.0388527,-0.4107319,3.663276,-2.4530745,3.656599,0.5895259,-2.8643947,-0.4483301,2.999848,7.5452657,3.6129587,5.834157,-1.7878791,-5.018257,-0.61718714,2.0721016,-0.3957282,-3.145844,-0.17347662,-0.3507756,4.3511157,1.9021605,0.16854033,-1.1470041,1.5753468,0.83922887,-0.43398333,-0.34645003,1.5439357,2.6824796,0.21922237,1.3844187,0.56433886,-0.9115382,1.8706173,-1.2200022,1.2018108,2.824422,3.0463965,0.6808752,-2.3181465,1.8116813,-0.80044585,2.3357751,-1.9224224,-0.34552106,1.7467847,-1.9244871,1.0161335,-0.82939446
FBXO11,-25.314587,-31.880308,-13.393202,9.330928,-1.5322479,5.062521,-0.4711057,-4.780869,7.7295895,6.268405,-5.632932,-7.6739593,3.6076102,-1.5674196,-1.9810255,1.989287,-6.14015,0.61651725,1.9178092,-4.8294964,-3.6266177,-2.1709292,3.563504,-2.0937622,3.8809302,1.1283872,-3.096688,-1.4967035,-7.0975757,-2.580175,2.8414714,-7.370013,0.95887667,-0.46515015,-1.4294796,3.914676,0.11699761,-0.25516534,-2.1214907,-2.473081,5.117155,-0.91296166,-1.1327047,-0.8768847,1.6269392,-2.516937,-0.35684872,-4.405903,-0.8223439,-1.3897393,-2.0632582,4.661804,-2.975043,4.61961,-0.63753766,3.1557965,-1.8562939,-0.18193041,-0.5666763,-1.3786314,0.6535923,0.1362892,2.821771,2.4756327,-0.35580444,-0.35306427,1.5006027,-1.8752185,1.5208215,-0.6982952
FBXO32,13.671209,-3.798355,26.91442,-3.8538582,-5.6466856,-5.8983636,-18.102177,12.1662245,7.010716,8.309838,2.6121223,1.8498616,-1.9447771,11.229186,4.801661,-1.583806,-0.41735014,-2.3243248,0.5863006,-1.1427507,3.2770424,1.6079506,-9.424941,3.2620776,7.018411,-5.1189566,-3.2941093,1.7590482,0.9109738,-2.244885,4.7547016,4.011124,5.1906753,-1.1939688,-2.207963,1.5929767,0.5933384,-1.7501538,1.6455945,2.2526226,-1.3998208,-2.8276587,-4.683232,2.4603915,-1.6815158,1.6208999,-1.6793087,2.0745652,3.3480976,4.160756,5.1271615,-3.277933,-0.60496825,-0.2983373,-2.3080451,-0.5648313,4.5783935,1.5742512,-2.367034,1.5758823,0.06455686,1.6118658,-5.0162344,-3.4438045,2.7846994,0.59464633,-3.2913833,0.063434765,0.05919835,0.3218579
FBXO42,-14.791703,-3.9371023,-5.164814,-10.975247,-1.3675637,-9.72524,3.08554,-0.86797243,-0.72067016,-3.2650506,-4.071442,6.860697,0.16991073,4.298486,-7.5226836,4.677791,-4.615729,3.4040549,-2.8179712,1.2358835,1.3744786,-3.1538436,4.6451435,-2.2202456,-0.42111042,2.421557,1.4850686,-1.3366497,3.15355,3.4014122,-3.0364487,5.967435,0.23542795,-3.4249694,0.4344429,2.2187982,-0.042862438,-1.2019905,10.576002,-1.4417764,0.4030056,-0.014635287,2.1254787,-1.3110771,1.5481732,-1.7847127,3.0352721,-0.41390935,-3.3347504,0.024211036,-3.9406602,2.6963043,-3.4083602,0.06339578,-2.167778,-2.0388918,-5.5556927,-1.9659998,1.9698302,-0.00551978,1.2223411,0.9477395,-2.7364767,-1.612109,3.514749,-0.7780058,-1.9171531,-0.32839486,-1.2136248,3.76008
FBXW7,-8.484909,-12.217933,-9.128063,-9.898279,-3.632635,-8.516853,2.4707856,3.5841155,-6.540371,2.2269096,-0.48953143,11.936228,-3.0724003,-10.400925,-5.947069,-3.1317003,-4.499797,3.7381523,-1.4544702,-5.5823336,-1.782554,-3.9513397,-3.4558501,4.8078837,-2.9427907,2.137762,1.7286948,1.4731838,-3.4353056,-3.5988762,4.83425,-0.6758563,-0.19728117,-2.5828543,-2.4606037,-4.4891453,-0.981717,0.79583883,-0.73289174,4.349081,2.6192622,-4.790439,0.44702896,0.11136402,-0.46210223,-3.1362908,3.2065496,4.4459314,-2.989519,-0.77347445,-3.8858683,-2.276704,-0.38249537,-3.8625035,0.77065116,1.308781,-3.8422992,-3.9840462,-5.023413,-0.5538816,-0.5658723,-4.050798,-2.6611326,3.8483908,2.4854066,-0.7752988,-2.2352822,0.10255021,0.5851502,-0.57695055
FDX1,-5.2047944,8.9468155,0.995463,-1.7544435,2.2466462,-1.501149,1.5167978,-0.076012045,5.730569,-4.6709065,-3.6047926,3.9090848,2.137545,-4.0942354,3.8852103,-1.2177927,-3.4777248,-0.05573096,0.27188876,0.3994486,-2.4000616,-0.065669306,-2.2733924,-2.0105917,0.6937647,0.70716137,-2.885922,-1.9355389,-3.629827,-3.6032023,1.1720829,-1.8846,0.11461881,-4.7043295,2.724723,0.14798205,-0.80785745,-1.1721294,5.127916,-3.0726008,0.37311763,2.6915622,-0.95828706,6.4887805,0.9987157,3.7510102,-2.0169437,-2.4598973,0.33418608,0.81692713,0.735979,-2.134179,-2.2629416,0.8304128,-0.6727985,1.8867912,-2.2006886,5.033398,1.0816238,-1.3114196,4.6712036,-1.8718982,0.63155806,-0.54546624,-2.3825624,1.013424,0.56778544,1.8340424,-0.97491974,-0.9579352
FGFR1OP2,9.287435,6.2604733,-0.33847412,5.8053527,-4.120811,-12.471403,-2.615282,1.9270794,-4.8005357,-6.8740163,-10.960009,-7.227701,9.420759,4.6124196,-5.5731087,8.729608,15.324575,-9.298311,7.6547575,-3.1279225,-0.6702903,-1.5636883,2.1782608,4.352553,0.7953663,6.456563,-0.03304041,-1.394049,-5.675818,-4.8499913,-3.352147,10.811808,-4.7709656,-1.9971265,-1.2897724,-7.785243,-0.02966354,-4.6574726,-3.856783,2.401917,4.1137695,1.4938914,-2.2508616,-2.9275749,-1.6543194,0.46442416,0.09256887,2.0931263,-0.9368295,-0.14931807,4.043543,-1.5436695,0.14230363,0.28558153,-1.6947265,0.16429079,-0.20202911,-0.9953897,-2.0061488,-1.8229415,-0.90984905,-0.3573973,-1.869906,-0.85260904,1.0231688,2.0621264,0.1834528,-2.527774,-2.205425,-2.720708
FHL1,21.931982,-12.778852,3.9959314,3.3165746,-1.8355818,-15.973891,-2.7202637,5.2075696,11.878416,6.515693,3.422693,4.6874413,10.658044,-1.6787312,-1.7108076,-0.18533319,0.71710527,7.18374,-0.22414133,-0.98044616,5.158527,1.6267409,0.6637736,-2.4188461,1.1288099,-4.1455374,-6.413786,0.19048214,-0.19590873,2.7590384,5.3650985,3.9108508,1.0077977,-7.9545674,-3.0866582,2.4068165,-4.128466,-3.7564445,0.3278186,0.6812219,-0.0779967,4.4223523,-0.19981502,0.5424583,3.700325,0.058121283,-1.8510696,-1.9620438,3.962577,-0.19171359,-0.9907703,2.5011382,-0.27530533,-2.5513048,-0.5754635,1.894149,2.036844,-0.9798032,6.373908,0.534806,-1.4584272,-1.2593062,4.8077464,1.5970942,-0.36199778,-1.2688855,4.804527,-2.184167,-1.4838415,-1.8678504
FITM2,81.60394,-19.6011,-27.130524,-5.022655,-4.4409194,4.257122,-5.8706093,-9.128645,-0.35180518,-6.1018066,15.246045,-0.21506594,2.7668097,4.9193735,-6.635212,3.3761244,-9.798879,-3.17502,-0.12984867,2.728272,-3.3731947,0.7505711,1.2393374,4.825816,-3.781076,-3.41281,3.2297873,1.0916914,-1.163235,2.323504,-0.35166183,-3.5077777,-6.7068458,4.016179,-3.4070754,-3.5868618,3.033675,1.4439602,-1.7768098,0.8713518,1.8492339,2.3201673,-0.38289574,-1.7720399,-0.991528,1.5921574,-1.4127946,-1.328463,-6.668689,-3.039815,-5.8878913,-0.35029644,-0.07514688,4.1489353,0.9705822,-0.51222366,-0.3663112,-0.073677585,1.8763053,-2.0243726,-2.245429,0.8500123,0.28942558,-0.27167287,1.5884358,-2.5586634,-1.4894105,-1.5754261,-1.2509855,-3.5752351
FKBP2,3.106661,-32.755917,28.516302,-4.6722274,9.354024,7.4151983,-1.5998827,-1.1191785,4.1631455,7.7281137,0.8721527,-1.4391097,0.6134385,-2.4788797,-0.6564824,4.5451612,2.5237532,-2.6995552,-0.020437174,2.1803677,-2.2330902,2.4462256,1.7850207,1.3486605,0.61843586,-0.70588195,1.0251212,3.1722968,3.8210568,-3.4814703,0.7482416,1.2542571,-2.9929428,2.7546608,-0.1077144,3.9892528,-0.66479474,1.871478,-1.5097847,-3.1485379,-0.71031183,-3.8088205,-2.7137313,0.077777125,0.59546745,-2.9045217,-0.37400842,0.6417797,-1.6158551,-1.4991782,0.75730294,1.4311758,2.0403912,-1.8898247,0.75703627,1.802355,-0.6439326,3.0570138,-1.3851491,0.1616203,-3.0336435,2.2066586,-1.6270727,1.6438683,-0.8721864,-2.1247644,-1.5924387,0.090877734,0.4220801,3.26418
FLAD1,-28.006704,-10.049212,-16.41887,3.6428921,4.449849,-0.49452436,11.3984,-8.048099,-0.9062333,-4.710673,1.8023329,2.4118931,5.099762,-4.203355,-0.14097938,-0.13713424,-5.2713737,6.348497,0.31357753,-0.6296658,-4.494907,1.5583296,1.3310885,-2.32528,-1.8690323,3.1184602,2.5219834,-4.1149125,-1.6648313,-1.7351822,2.166376,-0.12878574,-1.0905116,-4.200069,2.2783964,-4.218615,-1.4296726,-2.8877015,5.3871675,2.1308718,1.7919326,1.2438754,-3.0541039,2.5788343,1.1260443,3.2007277,-0.6573505,-1.3028381,-1.0048887,1.8968763,1.2596263,-1.4233682,-0.22453274,0.5823502,-1.936239,2.0091982,-4.4800353,5.26998,-2.8907177,-2.9857585,-0.19264412,-1.3532064,0.47359556,1.5891019,2.3320196,0.09912768,-1.8273755,-0.10557759,0.38313,-1.673078
FMC1-LUC7L2,-12.536587,4.1579103,11.535151,1.3384073,7.2293744,3.0082018,9.010253,1.6306874,-0.8457828,-1.1140006,1.2650322,1.1087191,-2.6482816,5.4150066,-11.106229,8.201682,-3.7413538,-0.37628302,-3.373176,2.214553,-6.0166535,-9.932326,-5.5490003,4.6718664,5.7335057,2.291089,1.0715628,3.824264,3.0802898,-0.23639962,0.38016644,-3.2212493,-3.4939191,-1.3834673,3.4678276,2.6068604,0.28137204,2.722604,3.2157888,1.0422516,1.0683577,6.0477815,-0.35773692,-1.3215737,-3.898459,2.953167,-3.0796757,6.5278807,0.6666854,-0.26158518,-0.8575951,1.68701,-0.79274213,-0.41686884,2.0756228,-0.7041389,-1.3122102,-8.801318,-3.3138607,-4.3657603,-4.9037275,-3.9081757,-5.794776,2.487264,-1.6919554,-5.4537497,8.3385725,0.8939274,0.8304538,3.7327666
FNBP4,-13.992219,9.679568,-7.5387692,1.2347641,-5.475009,-19.917068,1.02405,2.6472175,-2.2219825,-12.864318,9.1351385,1.9073658,-6.689148,0.59365535,2.499441,3.1188872,-5.885966,2.931422,-6.4005556,2.9342806,-8.259942,1.9428105,2.722655,0.5875022,0.51516724,5.805469,4.370926,9.482683,-1.8801291,7.3180785,-1.1585084,3.949026,2.8149273,-2.158517,-2.7589054,-6.4187613,0.68060493,3.130086,3.1856642,5.659824,0.5267545,-4.338649,2.9031987,-4.95279,5.249941,4.7321615,2.5520205,-3.9789088,-3.230576,2.169171,-1.8589535,6.4984694,-1.9767067,-0.90452105,-0.33368587,-4.151724,-2.2420669,-0.3382282,-1.301554,-1.0497952,1.1895657,0.566038,-1.7899301,1.0903322,-0.50196016,2.7336226,1.1949792,2.5815628,-0.35330972,-0.06649161
FOXK1,10.539545,-14.060884,7.167602,3.6449866,5.7422953,-7.3727818,9.516173,-8.544547,7.855963,-3.2526965,-9.583963,4.2107005,-9.431841,-4.7895823,0.7283591,5.002371,4.3482065,-5.7217956,13.988931,2.1733844,-1.2575064,-7.2038503,-1.5333918,-1.0528923,-0.23739241,-11.169568,-0.62739325,11.085625,-8.796005,4.453935,5.036477,-8.161299,-5.6755753,4.4543853,-4.975918,-9.679324,-3.451232,-6.265511,3.213583,-1.4782333,0.81885415,-2.2622259,-2.691947,5.8563075,-3.9239233,-0.11295496,1.3816078,-1.7157705,3.487425,-5.2285643,2.3838074,1.6615511,-0.13193494,-1.128173,7.0378795,-2.3084106,-4.4951735,-1.118306,5.750261,-3.599443,0.6160525,1.6432472,9.497609,5.511854,2.7416582,-1.7694969,0.60507303,0.77958757,-1.1706069,3.533797
FOXN2,-1.8272616,-10.8255205,14.095438,-8.222574,0.91517127,-2.0977395,-1.9590648,5.9694605,-4.3264594,-1.850348,-1.0660766,-1.7416301,-1.6319116,0.5277367,-0.9440193,1.5518091,-1.2559001,-0.98312604,0.7341233,2.728151,-0.3074155,0.25864607,-0.2541616,3.4272804,0.6075814,4.4683857,-1.2929333,-0.90614337,2.536403,-0.36127087,-0.39251244,3.2348104,0.7651799,3.5043259,-1.29387,0.14465712,-3.3960018,1.598584,-3.896412,-0.8402493,0.30257788,-2.598707,2.651772,2.2791688,-0.55028903,-0.8307661,-3.3128405,1.4439847,1.7324164,0.40028414,2.3113344,-0.69117284,0.245434,-1.2765934,-0.37867436,0.08207272,-0.7017919,3.1924455,-0.12595244,1.0731616,0.91424584,-0.5227117,0.30406618,-2.3457897,1.1549369,-0.5717125,0.080802955,-3.0735555,0.8941305,2.7216845
FOXO1,-8.234374,4.4307547,8.29673,-7.7375417,6.2809615,-13.905564,32.522392,-1.3598434,-13.065713,6.001166,3.9743943,-9.097281,-4.7736697,1.6181622,7.1470494,-8.577351,0.2512885,-3.597497,0.021484101,4.7314057,-4.206582,2.6131353,1.6666707,0.6437442,-7.8744,-5.6781883,-5.7904224,-13.962427,1.5492741,2.3060713,-0.12169988,-4.0199704,0.31954044,7.1090407,-0.6733452,3.4815047,0.4976079,-8.137627,-7.831167,2.3807876,0.565346,0.7307829,-0.8712123,-6.1209946,3.982574,2.8175144,0.20499797,-4.970108,-3.078194,0.6376187,-2.3612785,1.192629,-0.65585375,8.09693,-5.536114,1.7860994,-3.778825,3.7847512,2.6768773,-1.3883623,-1.1604688,-1.1440421,-1.5028945,0.36857042,-1.7948266,-3.7114928,7.1096463,2.358218,5.0696917,3.2915494
FUBP1,-12.414492,7.2729692,4.3014646,-0.74566615,-11.928585,-1.3515742,-12.75325,2.2414334,-5.7402263,2.0095515,2.3897,4.3145065,-4.521807,-3.562884,-8.276835,10.719831,-6.2398653,-0.24023151,-12.148686,1.1379992,-4.0975423,1.9762934,-1.211445,2.6110272,-7.282553,4.156943,0.7923136,6.8355618,-11.418294,-0.33636212,2.9746,1.7826344,-1.8915555,-12.652249,-0.47427666,0.08071259,9.574847,1.2194443,-3.0929744,8.648994,-6.1833606,2.1998363,2.2120337,-2.8697352,2.3564384,0.72203386,1.0885488,-10.987432,2.9519758,3.9079838,-1.0017347,1.3132395,-1.4944406,1.8570992,2.378821,-9.172129,-1.7179981,-3.6073673,3.6817105,3.8232276,-1.9743974,5.637208,-4.4616275,0.93462193,-3.4894853,0.16494797,1.9361538,2.9799085,-3.0894113,-6.6083546
G3BP1,-4.215943,5.342041,-4.519422,-12.9232,-9.47864,2.9089603,3.215566,-1.7846853,-10.082487,6.561219,0.9484709,-5.7699723,4.190722,2.025831,-1.887371,1.426645,0.28179908,-3.1776702,0.6503521,2.0526702,6.782998,0.38817537,3.908452,2.450379,1.7748317,3.4414675,3.2272522,-7.377623,1.8606836,-1.9468459,2.5049577,5.4132237,3.5022337,-3.7123156,-0.41514084,0.9050043,-1.9106627,-1.2074763,2.0117528,1.2841612,0.16087346,0.5993814,0.784723,-0.7900614,2.9621942,-0.8257975,1.2895892,-3.1828268,1.9678726,1.2356545,-4.4784927,-2.5979037,2.5980272,1.0119876,-0.064509004,-2.5600414,0.61086416,2.5891652,-2.431521,2.566655,-2.3526351,-0.93023294,-0.3092655,0.99229807,-1.014598,0.8227238,-0.34767935,-3.4692626,-0.49609315,4.53443
GABPB1,-19.102549,4.418599,-10.611673,-3.0210028,-0.073735684,-6.5034685,17.567013,-5.825342,4.395014,2.9940672,1.9065487,-6.2280126,0.5654865,2.6910899,-6.945044,3.5467298,5.110368,1.2806582,6.38691,1.8868148,-7.540283,6.291664,3.022209,3.0937905,-0.3872871,13.31646,6.2479677,-10.849212,0.97157353,4.0358987,-6.2463937,3.5763953,5.056044,-0.5845583,4.800304,8.146464,-4.7715006,7.7655196,7.2971005,-8.03554,5.684944,-5.5447507,-15.322688,-2.8655603,6.2664165,6.140942,16.861305,0.74522007,-1.1684144,11.736277,-3.1534767,-4.3070235,4.0721498,2.2214386,-4.0529804,-7.8526626,-0.040286027,4.540496,4.0234313,8.169852,-1.902217,-2.6858068,12.335046,0.6797927,2.0806086,3.6969314,4.176615,-4.4189396,7.536633,-0.4257402
GATA3,-24.922468,2.1931517,0.57201684,-5.0333824,0.7404093,14.830686,-9.760684,-15.92636,-6.880692,-3.3604462,-0.01630812,9.500362,18.949839,18.108906,15.77769,0.07196109,6.6881056,-2.752964,0.12961107,-14.229767,10.351078,7.506882,-5.8178515,-6.425458,13.08439,-2.6848798,-2.377233,-4.404039,-0.0900076,-12.1354065,6.439083,-9.244659,4.1238084,7.622255,-3.2066312,1.9908384,-2.9194362,7.250258,-2.0191073,5.966214,-0.54126936,0.84504265,8.6740675,-1.086623,-11.072284,-3.5270915,4.849844,3.5893326,4.1162934,4.167435,4.5460744,0.34780115,-1.1220595,-0.8959011,7.452493,-2.3877175,-3.972458,-0.557096,-0.51150674,-0.96897364,-2.3261683,5.152905,-2.0379376,1.9501679,0.32190958,0.88746107,-2.7217543,5.664757,2.129263,-0.062610134
GATAD1,-21.008062,-12.662604,-3.4949787,9.748128,-5.800808,2.18399,-15.1344385,-2.9859242,1.4261438,4.234191,-4.4471874,4.9397435,-6.401239,3.217443,2.657564,-5.3618374,3.4086933,3.8986127,0.33488554,3.7663171,-6.5786366,2.2793133,2.7505777,-0.09745511,6.6018605,0.85394305,-2.8667808,-1.0443245,-2.084155,-1.5386406,-1.6864054,-1.0984843,-6.5606103,0.5466611,-3.7931378,1.4461943,-6.7190285,4.026875,-6.503498,-0.1312985,3.8123329,2.3412435,-0.9368231,3.5465305,-5.455649,2.9012778,-1.9475788,1.6368693,-4.139585,-0.4844353,-3.0548847,-4.2465796,1.504463,-3.2485394,1.3789964,1.2658665,1.3707066,-3.2842548,2.0776436,6.2926273,-1.7921934,0.9440661,4.3356676,1.014117,4.391968,0.030331822,1.9477944,-0.4813873,-0.21805915,1.0632776
GDAP2,-23.131243,16.527445,-13.275529,3.319818,-6.833273,-3.4376378,7.6884794,-7.2374973,-2.4636507,-1.3444296,-1.343676,4.1218457,10.385858,-3.1508937,-2.658214,1.3350968,-4.99455,6.427946,2.311808,3.9856598,-3.6571445,6.659721,2.2340462,2.2748408,1.8092469,0.37476593,3.7262838,-1.5102956,1.1968899,2.8404582,0.50384486,1.4661828,-1.9805871,0.61640114,-0.9021548,0.9237988,-0.9928256,-0.22774242,0.6560353,2.9677901,-2.5166936,-0.20279893,-4.068664,-0.2308455,-0.61948824,2.490493,-2.2105346,-0.27727082,-0.61314476,-1.3086748,-0.5292862,2.108644,-2.2515075,1.2774202,-3.7938442,0.20670539,-0.18781035,-2.0794754,-3.427469,0.010792777,1.4553735,3.1478746,3.9147968,-3.1632898,0.8822649,1.8702385,1.4091034,-2.0899413,0.011169054,-0.7595833
GIGYF2,-17.341938,-8.479065,16.862793,-10.133324,8.72924,-6.4910226,-7.045006,-8.000787,-0.8289711,-3.5076504,-1.4118696,4.307832,0.6944047,-1.3125428,-1.2529311,-1.5950657,-6.1927104,0.65846664,1.465626,1.542776,0.3446318,0.84093666,-2.8948865,3.4683173,-5.498553,3.969573,3.7319806,3.8419175,-3.2184548,-4.0621095,2.147689,-0.34966484,-6.9205513,3.3530838,-2.874665,-0.38342997,1.6119262,3.6588857,6.6626244,2.459148,-0.12305471,-6.6496596,5.451074,-3.4861593,3.3088195,-2.4399126,4.665717,-1.2715327,0.061583996,1.9621209,-4.45207,-1.4069425,-0.45989493,-0.8259871,2.683336,4.6975117,-0.5004174,1.2974106,-0.735424,-0.65830195,1.9673548,-5.084397,0.45240375,-3.1149287,3.1409826,-2.0280247,1.1575922,0.45727694,0.5713946,4.6730785
GJC1,-17.48822,-16.63517,-3.6727815,8.406034,-3.7933557,-6.375105,-11.039879,-2.0683582,-6.9865284,1.1450392,1.1393888,7.9297314,1.845829,7.8524933,2.1741877,5.8137302,1.2775065,-6.5556097,-3.2489035,2.8389912,2.1380324,-4.3821325,0.69607234,-0.47055495,-4.634629,4.40372,2.01358,0.69456315,1.1865333,2.8915668,2.206055,1.8853918,2.202694,-1.119286,-1.4856693,1.3810675,-1.993165,4.787448,3.365724,-0.7360582,-2.1569748,-2.486254,5.7680454,-2.1841881,-2.5629895,-0.08458264,-1.6518093,0.9339394,0.35094965,0.5079698,-0.31697175,4.2506685,2.462633,-1.5658418,-1.6465923,-0.46985433,0.4965786,-0.2347434,-6.5571547,3.01421,1.7889948,0.15926984,-0.44522732,-4.4301887,-1.0032343,-1.4635861,4.5012445,-2.4644232,-3.0941007,-1.9746075
GLIPR2,21.128271,17.249046,31.302532,8.823503,3.3933992,20.420061,-4.249083,-10.8977585,2.2606883,3.2137668,-4.5907583,-15.179672,1.1755881,2.815402,-1.0994285,3.853825,-0.37988946,-3.609116,-3.2854252,-1.590214,1.7275043,0.7098542,-3.6401737,-3.9907775,0.6925798,-1.7656194,-1.1172346,0.6231125,1.300798,-0.27563664,3.3761919,-5.246556,-1.3563596,3.2225757,-4.340838,0.5543284,-4.8501344,-1.8891428,0.42645225,2.7884305,-0.5277881,-0.8925941,-0.7448821,-2.992137,1.846583,3.618458,1.2851725,-2.4240918,0.036616977,3.1970847,0.18463737,2.2628815,-5.0973825,-2.8288262,-0.8865162,-2.5150573,-1.5135157,2.400161,-1.2102212,-1.3710588,-0.6039361,-1.05337,2.0422542,2.4557147,0.4347835,1.2411742,-0.9340305,-0.6274511,-1.1249249,0.15925306
GLS,-15.768101,15.025096,12.975572,-17.664396,-7.468752,6.4460597,7.792072,-11.93004,-4.8607416,-1.1944216,1.8247578,2.6923623,-1.217485,1.2010995,0.46888766,-1.8845533,5.5117526,-1.2251179,0.94013363,-2.7788033,0.7566883,-0.7829396,3.7127314,-1.9134258,-1.3299762,-1.6191503,2.5591526,-3.8956246,2.021107,-0.5817072,-0.738278,3.7943432,1.4434009,3.2680001,-1.0348126,1.2744055,2.8886194,0.60512555,1.1627139,-4.5177236,4.2192583,-3.0066235,-1.3236996,1.0329121,2.03301,2.0698066,-0.45671883,-1.0786892,0.58501333,2.7765434,0.290924,-2.2252827,-0.86199313,-1.4037306,2.2349231,0.21402834,-2.8548777,1.7783427,0.055457853,0.19848421,-1.8004756,0.13985181,-1.7282432,2.4341035,-0.07520027,-0.8006127,3.2243328,-2.201256,-0.5106031,-2.4338374
GMEB1,-9.918447,-4.744135,0.011699705,-10.000035,-4.2288394,9.637306,-2.232458,-1.5976231,-7.9123077,8.430841,-0.9319536,6.0210094,-2.7482765,2.4237769,-1.0662924,-4.1799154,7.921511,-6.8381424,8.965428,2.22004,-2.080513,-3.8576467,0.17773302,-6.69902,3.5722017,-2.0992827,2.8484967,1.8626188,1.2076281,4.5928416,1.8842756,-7.001103,1.546195,-8.0289545,-8.819462,6.233526,0.17247456,-0.3091826,-3.1559587,5.53582,5.684314,-1.5022147,-2.6262822,0.6728599,-1.3884757,-8.883826,-3.2854476,-1.4684976,-7.9572124,-3.7873769,-1.8805239,1.8087233,7.5273256,2.634656,0.6534787,3.9448884,2.9931808,-9.955714,0.019263214,-5.027409,2.3561811,-1.32778,-2.47549,2.5058835,-4.4766717,-6.4487147,-4.5522504,13.892742,-9.546671,-3.167832
GNAS,-25.422438,-33.875664,-16.351524,9.910533,1.2334648,2.085522,-2.8960173,-6.762298,-10.085209,4.8128343,-3.7866294,-2.6159132,-0.48792922,1.4359999,-1.7501523,5.139874,-1.3135278,-2.0932217,-2.0128295,1.6049502,-8.531075,-2.1636271,-4.0614195,-0.8229886,2.096102,1.5531933,-4.2206974,2.2391348,9.163872,3.5909193,4.4661207,1.7824075,-1.8989278,1.1657201,-4.5110464,-0.9530956,0.5632315,0.8326221,1.3543167,2.2549787,3.839901,-4.922704,-5.449753,0.31062678,0.51634556,0.44321907,-7.8248196,-2.1476576,-0.26048437,0.61189955,-4.419743,-2.3302598,2.8469036,0.89291584,-1.1880469,-1.7714081,1.5741149,5.146259,-1.056409,0.9303699,-0.22884667,1.7863631,1.8776706,-0.044579975,-0.28454968,-1.0305048,-3.7015843,-0.69319284,0.50633097,-1.5820708
GPATCH8,3.8815248,-6.707061,1.1148074,-0.8247082,-7.3934402,-4.025617,-3.6835635,8.189133,-1.404891,13.1175375,-3.6434646,5.328805,-1.0558014,7.091269,0.009388184,-4.388629,0.67609555,-1.2501758,0.03595063,-2.3864818,-1.0148085,-2.024491,2.7328632,2.2920947,0.20779088,0.26049852,-2.6370316,-4.494429,-1.1266342,4.141093,1.6461946,-1.264259,1.940278,-0.29898596,-1.5724885,1.0418179,1.8038691,0.97874403,4.4579535,3.1078606,0.03694448,-0.7213892,2.5410333,3.7610743,1.2673594,-3.3161032,0.85494,-0.99650013,0.85455966,-0.14390264,-0.018604588,-2.2458606,-0.04914834,0.679099,-6.1689224,-6.0389977,-0.28477865,4.1171694,-0.7487248,3.5259476,1.1515234,0.3338689,-1.6202592,-6.1191244,-0.75600165,2.9325182,0.61745244,3.3181288,1.2403674,-1.2163447
GPI,-9.541958,-2.7652345,-21.008986,6.361122,4.717434,20.776752,20.384905,11.904067,3.8503337,4.705251,-9.191017,7.2879667,-8.979792,7.785525,1.7897757,-0.24912722,-4.383154,-0.982588,2.1393209,-0.13169381,1.9185811,0.3552323,-1.7341632,0.8464058,0.25516778,-5.068119,-3.2063115,4.904952,-2.1976736,-2.1845846,-3.9485703,-5.835204,3.6114948,1.7269913,-1.2623465,5.269653,3.0756063,-3.1129394,-6.080457,13.64219,4.1574564,-1.4986511,1.4435402,-2.8910694,4.2889466,6.5246277,-2.1203117,4.2655306,-1.4693805,2.3809793,-3.1512256,-1.4461392,-0.09135898,2.804611,0.1947542,-4.5680456,0.3127114,-2.4012792,5.697916,-6.325084,-0.19961743,1.6788967,1.8299975,1.8181416,1.3063543,-2.952318,-1.1087502,0.9941801,3.8660936,-1.9153726
GPS2,-20.868687,16.42261,-11.788058,5.1314793,-18.756748,-7.6978784,1.3719118,-3.5857365,9.756675,6.2288632,0.46064264,3.816335,-5.996765,-5.695182,-4.7261834,-0.71180135,-1.3267065,0.3330733,0.71125704,-0.65145725,-3.2352843,-5.0098734,4.7852244,-3.4352753,-2.166012,0.20930976,1.5464306,0.21454912,-0.21567419,-4.1110315,2.0170784,-2.6589224,-2.2561042,2.5820136,0.6621366,-3.0566592,-3.4888043,-2.1808648,5.4025636,4.462202,-2.6225784,2.3031857,-2.1103947,-2.3861918,2.5260732,-0.2877236,-0.7126587,-0.628369,-1.6584256,-3.7527146,-2.7266114,4.813625,-3.4232638,0.0016462428,-1.1690137,-3.0580451,1.9934828,-1.0905963,-0.1286629,-1.376171,-0.3066279,-0.7464309,-1.5896099,-2.9487464,0.4044666,-1.1996831,-0.70359594,-0.45541397,-0.16791981,-0.9903509
GSTCD,-8.585331,-0.39274243,-1.508453,-2.4303484,-9.151691,-9.6221075,0.7003018,8.062586,2.4645476,-9.909359,-0.3150282,-6.2880287,-0.14915067,-6.1908126,-6.8519473,0.61837626,0.96727616,-1.1111026,2.5002291,-6.0145016,2.9291987,-3.1686134,-0.79151607,6.5351734,0.35398158,1.107728,3.1903448,4.7396617,-0.71497506,-5.6378,-7.1213694,1.682938,8.748918,0.6964795,1.332157,-6.061455,0.05409253,-7.790167,3.2214465,0.4620075,-0.26255444,-2.6314702,-1.2976214,-6.9849615,-2.9057162,-1.4965928,-0.86979544,1.3500183,0.79246235,1.0273263,1.447971,4.474577,1.408055,0.3156662,2.101121,-1.6268363,-3.3985214,3.1086657,1.8178174,-0.04976041,2.0906441,4.435504,0.43984938,-1.4885885,-0.88790876,0.4814265,-1.2137953,1.2250072,-2.367979,0.35680655
GTF3C5,-6.912747,11.456856,-6.721723,3.6485205,-5.4301777,5.2182207,3.5615458,-4.108423,1.8769913,0.08877468,-0.09912394,2.574822,2.0248873,-0.6896798,8.843623,-1.971942,-5.6989236,1.5359603,9.536786,1.886084,0.14379509,5.674038,5.5035434,4.6162925,0.9153528,3.483448,-2.0896056,2.449799,1.4674854,1.4303052,0.19113459,4.4273677,-2.7596073,-6.0501757,1.2140005,-0.9294956,-2.3803499,0.9477636,1.1613063,1.0316468,-2.9030328,-1.1382186,-0.65929186,3.5440345,0.06878853,0.81015706,-3.169784,1.2662717,-2.7882435,-1.4954237,2.817727,-2.0292828,1.8456006,1.1333374,-1.5868769,-1.4534739,-1.4397243,2.8615189,0.5986187,0.15740393,-0.3288229,0.11055027,1.9645772,-2.2609873,1.5311506,1.4735314,2.4639919,-2.473802,-0.43887243,-1.049547
H2AZ1,-14.154403,4.158295,15.455899,-7.4885745,-8.876417,11.259981,-9.938652,2.1408138,3.1333432,0.49537092,4.076214,-5.873315,-1.8021973,-6.0937414,-3.7033072,0.6013561,-8.641417,3.5835025,1.2671801,1.9701511,-6.353759,0.45800495,-4.102696,-4.6062193,4.5447226,0.6564074,6.8708935,0.048316084,2.1431124,-0.13757744,1.161681,1.5522363,0.5439438,5.064135,8.694465,-2.9848316,3.6910617,-0.10005726,3.256783,-2.7487593,6.5680194,0.88164675,-3.61851,-0.7155267,1.5265207,0.91049236,3.293391,-1.4369453,-2.163069,-2.9990969,-0.08721725,-0.3541698,-0.10984412,3.5541651,5.251724,0.1327662,3.7104018,-0.8808999,0.2561664,0.48583937,4.748664,-3.2096493,-3.1134944,-1.3466822,4.547752,1.938931,-1.0781049,-3.985336,-2.351903,5.71852
H2BC10,13.697812,-19.043947,15.611285,-3.355036,3.5270414,-11.144327,-6.593909,5.7201886,7.497403,4.908153,6.6848617,5.2935486,9.888268,0.5689069,4.6244526,-2.1226416,-2.8255754,4.333282,1.46176,-1.26666,2.43799,8.322137,-1.3818166,0.072221875,-1.8684624,0.8946148,-0.5065427,2.766353,4.9289675,6.485313,1.7943232,0.066988006,1.2844219,-3.9620929,-0.10625562,2.8937669,-2.689782,-1.9045941,1.9967486,-0.28530645,2.3857,5.8730993,-2.1966004,-2.2286325,2.5973923,1.9236754,1.6500437,1.2184904,0.1822088,-1.7988881,1.4102049,0.26841322,2.6240773,-3.3512194,2.1026978,0.20564522,2.1393936,-2.6505175,3.8720582,-0.76412934,0.118879616,-3.1700032,1.3243468,2.951262,0.5436197,-2.2367542,4.652188,-1.8940299,-0.5208552,-2.189479
HAPSTR1,-7.0236654,4.289574,1.8370433,3.1485994,-2.1277592,-2.340157,-7.472464,-14.46425,2.3880575,2.9320319,-11.704783,1.4902918,-2.003033,-0.43076345,10.563992,2.3409593,0.23254578,4.350621,3.5125751,-1.0700345,-3.7126138,7.929994,-5.65131,3.5555718,8.8267975,7.9037967,7.8670306,-0.10151044,-2.9146142,-4.315419,12.655583,-5.0559897,-4.302389,-0.7448845,-4.3478293,5.172974,-0.22623165,-3.1068382,-4.441526,1.9498786,-4.990955,-1.7671822,-1.9875287,4.8617163,0.16806088,0.5535845,0.8093949,-3.6239514,5.002695,-1.2872759,0.041567586,6.129363,0.07102732,1.819515,-1.1442013,-3.9792082,8.430882,0.39926758,-3.6520195,3.171863,1.1507399,3.5543547,5.767883,-0.15527211,-1.0159488,0.96530557,5.601111,-5.59381,2.0080783,1.1363846
HCCS,-7.3305387,31.75394,-17.139174,-8.64825,28.090334,-11.011061,-3.908818,3.4823143,4.468409,-14.501955,5.672305,-2.5369086,-1.1457517,0.8241481,0.8013073,2.3841326,-1.9877131,2.3118062,-4.7064495,-0.24661863,4.404218,2.3764055,1.3216698,0.65585285,-2.211654,2.2368736,-3.951386,1.2525767,2.5573456,4.1085024,-3.0877523,0.34142804,1.4954755,-1.1859009,0.7386792,-0.5334319,0.70857245,1.4077777,-0.68184257,-2.2649128,-1.0806911,-1.1959687,-0.57477736,-2.030191,-1.6179239,1.1890522,1.7440463,0.0167176,0.8371543,-3.2171674,1.3035699,1.4478489,2.5980937,0.21085127,-0.6275254,1.7589129,-1.4430743,-2.6783016,-0.7523401,-2.1677806,-2.1648598,0.30721322,-1.1754274,-0.891271,-0.71564007,-1.6586574,-0.7727218,-2.0542703,-3.6384256,-0.7334943
HDAC3,-24.833435,0.7143843,15.810714,-16.427027,-2.6041627,-1.6663837,1.3524507,-9.732622,-2.829706,1.6581205,1.1098465,-5.3947697,-8.441203,3.5589912,0.034152303,-10.891771,-5.2440286,-2.5034232,-4.2293296,-11.415735,-4.5781474,6.862068,-3.6394715,-0.22762568,0.670576,5.467675,-16.216614,4.451848,-14.2633915,-2.2238524,-4.4366145,-7.226972,-8.82002,1.3637248,3.792125,-6.5264287,6.912189,1.7168404,9.557268,-3.031187,-5.5626864,-3.134477,-4.218492,2.2475238,-0.3209081,12.442133,0.33262154,7.911812,-3.1995072,5.765868,-4.5547285,8.505844,6.726223,0.23110408,2.0331593,3.3376746,0.95026034,0.37662092,-2.0767398,5.1990557,1.0346972,1.862608,-5.27273,-2.4174078,-2.236539,-2.292101,2.931811,-2.472665,1.5078409,-0.4620517
HELT,51.781956,-11.295852,-0.73601663,-11.760207,4.4873705,3.978187,8.939684,-0.48097324,-3.2902887,13.494178,-16.527018,2.0267627,-5.6486754,-8.647019,1.6073372,-1.5995097,-0.10145221,-1.0852464,3.5338345,-0.08591591,-1.8590578,7.2957716,-5.379821,-1.6716232,-3.0731597,-5.0214295,-2.478955,8.734649,1.8536463,3.6667502,3.8677418,8.847167,3.37244,-2.0097673,-4.773858,-3.9926016,3.240563,3.7745566,-3.9728544,-3.1274977,-0.5604952,0.28902304,1.3267522,-4.714152,2.4780178,4.5054326,-0.4146812,-0.071302265,-1.3786793,-1.0215877,1.2663101,-2.229883,-0.44536656,-0.63904464,-1.665587,-2.358316,1.5371265,-1.462637,-1.7632421,0.71653825,0.74337745,-5.3553557,0.44085714,-2.1491199,-2.1847231,-2.1612756,0.9221936,-1.1735437,-1.7261643,3.113084
HEXIM1,-4.948687,13.656013,5.204912,-9.979457,2.813695,0.04179398,-3.0602784,-2.0102594,4.2462845,0.505304,-0.27237284,-1.9779309,7.7771378,6.2955856,-4.805597,-0.96111053,-0.6811558,-3.679368,6.2188897,-1.2985971,6.1765943,-0.43752578,1.3504611,3.4272397,0.5466229,5.7810545,0.47468406,5.8965187,-0.17843041,-5.2394943,-1.1532025,0.58815944,-0.5056714,2.6447551,-0.3328954,-1.0726147,-2.9100468,-1.2762061,-5.9921927,1.3967085,-4.5919547,-0.815026,-1.195654,-4.983337,0.57146233,-0.47143367,-6.182421,-3.3659034,1.167279,-0.28683862,2.930185,3.264204,0.99609613,-4.5879006,4.9735107,0.6511238,-2.982071,2.2070503,-2.0493622,2.7117827,-0.026048856,1.6845499,2.0943832,3.6191604,1.674863,0.39858952,-5.300828,5.259108,-1.9407625,2.7830503
HEY1,-8.167013,-35.322292,-0.6144971,2.2339218,4.4009743,-1.7626282,1.4739695,-10.139389,-8.022119,-5.6421824,-11.705222,-1.9345801,-2.2324045,-6.8459773,1.3617636,-3.2693858,-2.614628,10.269646,-6.6178102,2.4676704,11.923068,-3.2090962,0.3755424,7.5359197,4.025602,-9.6278715,-1.7643809,-1.0281295,1.5125628,-1.8006729,-3.338177,-2.3673625,-3.9563901,-1.327105,-2.5609293,-3.952531,3.2682145,-0.31068748,-2.8796408,-3.0757802,-0.6252527,-0.2093938,-3.2316597,-2.6622438,0.9252362,-0.69838184,-4.269437,-5.0505443,-1.3814037,-1.897671,2.7681851,2.2185802,-0.52470374,-1.4247553,-1.5805743,-3.8183007,0.2514398,1.0339981,1.8008609,0.3967741,0.7126673,-0.7063269,-0.47023007,-0.7739482,0.01649501,2.5825295,0.38361663,-0.27171218,-0.14283603,-0.36011598
HMBS,1.6608402,28.056293,-10.382339,0.70093787,10.617203,-9.925512,-6.19198,2.4103959,6.723347,5.288042,-1.480312,0.31556526,-10.00585,11.545925,4.948579,-6.4483094,4.5884156,-10.403244,7.317658,0.9687862,7.7560925,-3.5947325,-11.28908,-1.7902253,4.389203,-1.8147182,3.8556175,-8.02653,3.5241401,-0.43243673,5.4671454,3.1858156,0.5335311,0.11771144,-1.4362743,-1.3493127,0.6705241,3.918939,0.71864265,0.415543,-7.4975443,1.0373253,-7.9180474,-1.2518059,2.913176,-0.80152124,-3.7744036,3.8894527,0.7438385,-1.6881056,2.0770233,-4.084269,-0.09024001,-2.5858276,-0.9773423,3.3339465,2.9812102,1.2257413,1.1047293,0.7532477,-2.6858609,0.7655344,0.24651468,5.0113206,-0.24973512,0.44603494,1.0029913,3.2987294,-0.07175538,-1.5564723
HMGN5,-11.974948,-19.181105,7.4922304,12.654625,-4.7981358,-6.156442,-18.363874,-0.14947945,9.916224,-0.33356243,3.9286318,2.9721549,0.6554268,10.012592,1.578522,0.69407535,-3.9835844,-1.1835881,-0.1434164,0.9236921,4.340771,-1.2169151,1.7782928,-5.2554955,3.2040896,-3.5843103,-3.6090274,-3.853519,-0.40103373,0.24585381,4.827036,0.5644946,1.4838564,3.2755213,-0.33049336,0.027403165,0.74190825,2.7284842,1.9077762,-1.6130536,-1.3362197,0.4376642,-4.569184,-0.4709547,-0.5910331,-1.2776204,-0.8471687,1.643006,-1.1911894,-0.6833488,2.0063756,0.357595,2.6042726,-1.6667728,-3.9362311,-3.691795,0.8754522,0.7419253,1.3654352,-1.4553785,2.80166,-1.8938098,1.6823727,-0.904635,0.46489155,-1.9294083,0.8420925,1.5772321,0.3463409,0.43839422
HMGXB3,-8.022891,0.104231626,-2.6780026,-4.384848,-8.116762,-0.42891788,-1.4395251,-7.5403438,-6.044682,-1.2037902,-4.5392804,-0.1591937,-1.4444002,-6.316864,-1.9705608,-0.6948499,-1.0923456,1.1147382,-0.8891705,-2.5015087,0.5298095,-0.84811765,1.195511,-4.0363283,-4.7022386,2.2964072,3.0690987,-1.0972803,1.1997299,0.6717581,-0.23237784,3.0937665,-1.5107987,0.8420351,0.78875905,-1.9969528,-3.050286,0.20584035,2.6102047,-0.14075102,1.9186213,1.2640728,2.0474546,-4.84082,0.6851861,-2.0408497,0.6445608,2.9086938,0.027776744,-3.6293826,2.7903278,0.61423993,0.650888,1.2835968,-0.13636085,-2.3766727,1.1160643,-0.6506576,-3.6899307,-1.1956801,-1.8712279,-0.25638142,0.5520471,0.103981666,0.22245118,-0.1036576,0.82958806,-0.6222575,-1.649948,2.2211475
HNRNPA1,-25.7848,9.5882,-2.5683033,-9.323172,-3.071203,10.254049,2.0138803,-3.9415553,0.36019477,10.415451,2.630754,3.8727262,3.1222882,16.169327,3.2067637,0.5233314,7.5977783,6.1960735,-0.7741773,7.219829,-4.238811,3.9720273,5.294241,-2.4006097,3.5092285,0.8630608,-3.5511937,-1.1310776,-4.5282288,12.545882,0.96260697,-11.0229,-1.8915175,3.6963296,-6.0266194,-8.427137,-0.18549326,6.4392934,6.9284735,1.0838243,-2.6937523,-0.002707025,2.5083964,-6.1564384,-0.8410983,-5.3234296,2.871669,-0.13996026,-1.5186794,-2.2943513,0.32009307,-5.174351,2.986123,-2.2574894,-5.862312,3.642316,0.9901847,2.718441,-9.448148,-1.4989607,2.9458613,0.9073732,5.3730364,-0.23531967,3.384678,7.944995,3.5307791,-4.3356233,-2.029871,-3.7398202
HNRNPA2B1,-1.3070859,1.5529778,7.20995,-6.0441484,0.108496,-1.029761,0.19242197,-3.41119,-1.9473622,-4.539758,2.7909498,1.5432771,-7.519115,7.6742783,4.361541,-2.5333667,-3.2415934,9.024468,8.089631,-7.0468545,0.06712607,3.7933216,-4.348221,-1.6648258,2.0855489,2.9849546,10.390082,5.0017834,-1.2218412,-4.8079205,0.81139654,-1.801929,-6.0046325,2.6481633,4.5484247,4.3654103,1.1324109,6.578223,2.8413405,-3.8628802,-0.06791308,2.662081,-1.0287211,-2.1943266,-6.1307087,-7.7248087,1.3514569,-2.811209,-0.7016246,-3.3102744,0.35291016,-1.852797,0.37590095,-0.0856525,-0.99529165,0.27593744,-1.7950515,1.6260158,0.07665458,-2.0027168,2.6797519,-3.5665958,-1.2182354,-2.8903859,-3.0050826,-3.1722794,-0.85957694,-2.8439624,2.1468155,5.705007
HNRNPD,-20.563478,-17.700125,1.1028811,-1.6935834,-0.33840397,7.071088,-10.949115,3.7952192,-7.3166127,13.179374,1.759599,4.0313206,-1.6741675,7.150405,1.1729124,-3.7901568,-7.9427133,1.5437423,-2.131737,2.8796039,-4.8327117,-2.471656,7.3329883,-3.3020675,1.9865626,2.5092533,-1.8644664,2.3603835,-0.14663216,-0.82320774,-0.8229887,1.1769774,-6.7402124,5.642314,1.4315869,-2.3722453,-3.4160492,1.2679628,-2.7351384,-0.07495699,2.2780166,0.98391825,1.009576,-7.4706225,2.7981942,1.3183547,6.7800303,3.2173219,0.982849,-0.8355376,3.2874362,-2.2151337,-0.601391,1.1738697,1.0231756,-5.037763,-5.949707,-0.9536927,-3.1420615,-0.35787013,4.5782647,2.06399,1.0742947,3.6513736,-1.8757731,6.433083,-1.2111915,-0.9096927,-1.435317,-1.9899924
HOXB2,-1.6260866,8.137263,4.145671,-3.363854,-6.352024,-8.503349,3.4319448,-1.6189152,-4.260273,-5.8331227,-1.4142975,2.6637254,0.97564185,-3.4421573,-5.1099687,-1.3467219,5.6170363,4.101945,4.999861,0.28119043,5.322556,-4.8422327,-0.18016048,-8.142168,0.2368872,1.95404,-3.449573,3.0770235,-0.44002885,4.1857038,0.20494325,-4.5376835,-3.8968155,3.010817,-3.0009227,4.3268466,0.7787153,-3.967822,-2.969286,4.7193637,0.30297032,1.12465,-0.24581121,2.329748,1.8149027,-4.644218,1.6850052,3.072227,-2.6140983,2.5945153,3.7988827,0.06537139,-2.4191835,-1.378224,3.2010944,2.3689604,-3.1305106,1.8764485,1.476362,-0.014534293,2.6037843,2.2165315,1.6509016,-2.9032161,-0.1031284,-1.8836007,1.7638971,1.2445543,-1.4371955,-1.361203
HPS1,-15.507051,4.018691,3.7664168,-2.2444131,-5.911316,-4.683966,-6.9517365,7.4136667,0.3301542,8.922545,11.107061,11.356045,12.238667,5.733453,-3.6541486,-5.310132,3.357042,-3.0038807,-4.045647,-13.774991,-2.8933132,-1.2629787,-10.203564,6.1762795,-0.24907689,-6.4863873,-5.1286435,5.674057,0.9365409,6.4611926,-0.7338245,-1.6112758,-3.6229832,-0.5930831,-2.1567686,-1.7183356,-2.2647626,3.4276245,-0.5795159,3.7553687,2.1671047,5.785474,-0.3319651,-0.15918103,-1.920195,3.4303427,1.0069357,-1.4213707,3.8806758,-1.7826697,-3.4361975,-2.463388,0.08962848,-2.3700619,2.2675753,1.2909715,-0.09986734,0.9735696,0.6347752,-3.3838854,0.29597726,0.5735145,0.5694416,-3.0957396,0.6973999,1.026833,-2.2363367,0.23425345,-0.4870214,-2.1211941
HSD17B10,-10.634588,17.016201,-15.105679,-10.638703,27.108023,4.249389,-11.775594,4.11105,3.0077786,3.599485,-1.1872678,-3.7298348,-7.052714,-0.33238766,3.7160087,0.31476292,3.6224508,-2.4968204,1.6869516,1.2060905,-1.0415057,-3.142115,0.5191261,-1.219503,1.9579111,-0.4480498,1.4929657,1.1134677,0.7740915,0.48943946,0.44566756,-2.6073928,0.8517201,0.88412434,-0.27896082,3.4843383,1.3900093,0.2725929,-0.037251815,0.41239077,-0.46129823,-1.0340464,-3.526444,1.552418,-0.0425953,3.1767907,1.32048,-2.6302722,0.3853459,-0.578138,-2.6920109,1.1009781,0.8957504,-0.84516525,-2.6719842,-0.6666133,2.4845328,0.08896873,-0.4650797,0.08291383,1.0970178,-0.14403231,-0.5590523,-0.7098826,-0.9001151,-0.34317887,2.5220644,-1.1599597,-1.9652423,1.335228
HSD17B12,12.498385,-6.40298,2.1692696,-2.7502482,-0.08538662,4.350183,7.2179084,-1.3662893,-0.64662623,-0.028355997,-4.296746,-2.0890486,-1.0343806,-3.3477807,-1.6924088,6.6933293,-3.036233,0.86362594,-0.19428019,2.101095,0.8221123,0.766164,2.0977185,-4.996226,-0.8194398,-1.5991478,1.4089985,-0.42967108,1.361611,-0.08381518,-4.616163,3.6783993,-4.0422516,-0.5629945,3.215924,0.17352599,0.98128915,-3.7711053,1.6429247,-0.7884786,-1.3671734,1.5398147,-2.689034,-1.2060906,0.83930635,1.3814714,1.3153944,0.14984764,-0.6900369,0.3356602,-1.0421767,0.13869654,4.573748,-2.2253435,1.5904572,0.697975,1.1203698,0.3399123,-2.2974894,-2.7205238,-4.4890184,4.136514,0.51711285,-1.8726971,-0.83005345,-1.3794527,-1.0694902,1.6132963,-0.3450393,1.0874143
HSDL2,13.574078,-11.159414,14.045028,2.8746564,-0.5968632,-2.4273086,-3.842133,4.4999866,6.8695374,8.899719,3.5309715,-0.839098,11.306787,-9.246084,1.4044795,2.0134327,-0.7014567,-2.061969,-0.31255624,-2.9627979,4.2131586,2.5337973,3.6472604,-1.9830531,-2.821671,-2.4438088,0.21922828,4.563355,1.5454719,3.4548304,1.4814687,0.09935926,-2.892462,-6.323631,2.0321686,-0.1795384,0.44280234,2.4349701,1.1920599,1.8246001,0.5869411,4.3821936,-1.1541622,-3.5746946,-0.8547987,4.9222403,3.466417,2.2587528,-0.30036825,1.1350721,-2.3392045,-2.030673,-0.70624536,-0.8632607,-0.2814512,1.1777712,1.3598665,-0.26487753,0.23437911,2.5626545,-0.6644489,1.8832059,0.4430183,0.3234074,-3.1183002,-0.51018316,0.46479902,-1.6409858,3.537726,-1.006494
IBA57,-14.808098,-10.797847,-15.71214,1.4866377,14.53217,-1.3503526,8.853425,-0.88833565,-1.1096357,-8.787575,0.8607259,3.2501214,0.24500299,-4.3783126,-0.30019328,3.2043996,-4.7315516,4.52534,-4.2857027,-1.6633028,-2.6638339,4.328031,-2.6423154,-3.7796922,0.60705113,-2.0609956,-2.8392074,-3.0861957,1.9837832,-3.2115066,-1.1694936,0.6675984,1.8392295,-2.9212387,6.147426,-2.2018392,0.32870823,-3.0233295,3.2344158,0.62888134,0.7474259,5.2461505,2.0362642,1.7630731,-3.1616662,4.4935308,-1.5263357,-2.6604142,-2.0150657,-0.829269,0.67303896,-0.76849157,0.28980902,0.006212199,-0.4612359,2.4426715,-2.139058,1.5969683,0.594761,0.19177411,3.7276073,-3.2243905,0.5467085,1.863374,-1.8312138,0.027753891,-0.7746808,3.444469,0.9955618,0.8617135
IL12RB2,-1.3923486,27.420837,6.46449,4.3185854,-12.12796,-1.9740489,-1.76366,-3.9134662,11.571038,6.5817866,-1.0117401,5.2582345,-4.1641436,8.465057,-1.2403997,-3.5240834,-1.8416834,-5.9588532,4.246951,-5.027625,2.0034122,0.35068154,-8.518587,0.447199,2.0796003,-6.227891,-1.3243021,-8.119937,-3.5336387,-1.6500615,5.05951,2.1061523,4.0039897,3.2296736,4.233739,3.242212,-1.0856444,0.8402968,0.88446385,1.646458,-4.6540284,2.127125,-4.0695825,-3.3166144,0.09666153,0.7424187,0.2540273,-1.0491374,-3.9357276,2.1692977,1.034605,-4.8156652,-6.2916903,1.1495737,0.3699747,0.114075996,1.799287,0.6209227,-4.5918417,-0.5831348,-1.1009835,3.3193507,-0.22119156,0.015771002,-0.026663208,-1.4415838,-0.21130751,1.5404549,1.4282471,0.73495644
IL21,-21.74623,-13.769275,24.947102,-5.916683,0.20234439,2.2654967,-8.100017,-2.3456025,8.015674,9.390509,10.565323,4.901064,10.073415,0.122325264,3.7460477,-1.1473364,0.49485835,-10.186774,-5.7651925,-7.044237,1.3785087,-0.89030784,0.9506045,5.4595137,-1.5822685,-3.8929105,0.2622276,1.85404,0.664167,-1.846299,2.0506554,-3.5723274,0.66434807,-0.7514848,-1.8137012,0.5901218,1.0909088,-1.382202,1.593871,0.16821627,0.75746065,-1.611502,-2.097607,-0.89501595,-1.6820016,1.4830076,1.0374414,-1.3047054,-1.7120006,0.8132578,1.1064123,-2.9406605,0.6944285,1.0262856,0.8593928,1.2753453,0.4580529,1.1447897,-0.32286122,-0.8972623,-0.9617482,0.12700398,-0.9394687,-1.2587198,-1.7244911,-0.5111768,-3.8146834,0.9810543,0.84825253,1.40953
IL2RB,-9.867777,-30.332945,0.88191545,2.7316997,10.169068,8.6013565,4.293504,-13.510307,-0.17803507,6.4021673,-1.0476168,3.372933,-3.2254267,3.030355,-2.7708545,-8.581999,7.2027745,-4.2313023,5.967817,-1.6307333,4.722838,-1.973508,1.6591477,-2.1348784,-4.4332595,-3.591168,-2.0707324,0.7639757,5.7949796,-2.4458287,-2.006338,4.1544375,-3.2591882,-3.2031198,-0.6039068,2.6127553,2.9991715,5.151799,3.6671853,-2.2570772,1.2719239,0.26810008,4.642336,-2.2772,-0.6338742,-2.0157125,-1.9311012,0.52616704,0.2835897,4.5724864,-2.2412,-4.331688,-1.8158476,3.3187082,-1.2211689,1.5234181,-4.084142,0.077427074,-1.2495828,2.0197082,-1.0218843,-0.6678527,-0.58966476,3.2186172,-1.076723,-2.608548,3.277306,-1.6214976,1.46417,-3.52748
IL4R,-9.934239,-3.8684838,7.3301973,6.8077574,-16.596325,2.9525836,-8.714217,4.271713,10.296558,2.2281635,9.065949,-1.3788799,5.4507895,-10.442572,-1.3212969,1.563279,2.174231,3.2700994,2.8514805,2.92002,-2.562277,-4.8442893,5.607732,-2.249888,3.7335503,1.0026561,-8.292019,-3.6434464,-7.8714013,-0.10947036,-6.7108536,-3.8101127,6.793585,6.123087,-2.5481267,-4.300596,4.0976615,-2.6053495,1.4906551,0.9700787,0.028251264,-0.8616147,4.001899,2.3044398,3.3241382,0.14824207,-4.7061496,4.7093678,5.924557,3.0529883,-0.3313119,-0.91995734,1.1672075,-0.3804778,-2.7243824,-0.7098644,0.2674801,-2.3594348,-5.541686,-7.1454577,-5.007457,3.3740945,3.9913864,4.2776504,-3.1401122,0.39574012,-4.432806,-1.3125293,1.6636509,-1.9327666
IL7R,-10.413533,-9.353315,-14.246091,26.69338,-14.453911,-1.6286656,-8.554461,6.621067,20.791904,4.9543443,-4.008246,9.056961,-5.778409,-0.86986214,-1.9192457,-6.8334346,8.915482,8.806634,3.3269234,0.32191202,-9.399686,-7.1963587,0.14136446,-5.25573,1.9067897,-0.091178074,7.5306683,1.5368881,-0.49490184,-2.8715115,-6.192056,-1.5441421,-0.13891663,-1.1337364,-3.2820585,-1.9628396,-1.7629989,-0.20364715,-2.0524116,-2.3211653,-3.2565465,4.0369515,-0.23160028,-0.6576953,1.581808,-1.3672229,3.4865432,-0.030076846,4.8336635,-4.3028255,-2.2662163,-0.9980511,0.6055218,-0.2726145,0.6695694,-5.8036933,-3.0874085,2.9383366,0.25989693,3.7361856,-0.9341007,-1.976122,-0.66310734,0.6904747,-0.80317885,0.7855636,0.15467809,0.74724853,2.385407,4.231665
IMMP2L,-6.837086,17.04348,9.01195,-7.9255037,-9.970295,7.250269,-1.6000193,1.3024218,5.9613423,11.34066,-1.8384211,-2.877893,-2.493736,2.899087,-1.1758502,0.19571088,-1.8832707,2.7798367,-3.835131,-2.8869433,0.7643092,-1.3119942,2.1854393,1.3038038,3.2071931,-1.9029844,2.995035,-2.0946398,-7.527277,-1.5380027,-2.0350227,0.057503592,4.8668575,-1.9139543,3.3147924,3.2701848,1.5505328,-3.805794,-1.0719068,-1.4296801,-3.548783,-1.5998272,0.44960737,-2.2169049,0.7010279,0.95309436,3.8479674,-0.17998604,-1.7979337,-2.6460102,-0.9853653,-4.2000217,-3.614229,-2.374497,1.5305022,-1.7540574,1.1725186,-0.019722369,-1.4334576,0.4005577,-1.9851637,0.07572159,-2.2076654,0.55999905,-0.5554859,-1.9473082,0.48645672,1.7728815,-0.3685505,0.6035707
IMPDH2,-20.820353,21.373632,-8.274594,-4.5403123,7.557343,5.8343253,-0.26576674,-5.70885,3.5640554,-4.6336594,2.4659312,2.8403406,2.0462239,-6.393359,0.087128714,2.5129783,-2.6945515,1.2020587,2.8817525,-4.892741,-5.113861,4.101154,0.9166126,3.929802,2.0271945,-3.2682161,0.7048904,2.7430115,-0.13640533,0.4523795,0.31961203,-1.1706448,1.5184838,-4.1976843,-6.718426,0.20771301,1.7333702,1.3570113,-1.6394997,0.68578184,-4.380736,-5.571413,-3.8069417,-3.5291553,-2.500496,-1.644788,-4.139049,4.4127793,-0.13718288,-1.0657877,0.1654717,-1.2790848,-1.403216,-1.6923904,-2.7413971,1.6503774,1.1940241,0.5479649,-0.68365085,-3.4031296,-3.0128114,2.0754735,0.045649126,-0.9102102,2.4512649,1.1709442,2.9404154,0.67816967,2.5518944,-2.2161329
ING5,11.731036,8.84895,6.3255672,1.6021729,-3.9695287,-15.417648,1.8460727,14.104345,1.9196193,5.8461957,4.115786,4.7778563,-5.914994,1.3643137,-0.67635375,-1.7937118,-1.1557342,-0.97238237,2.8661342,2.70505,-1.1919793,1.6762054,-2.7354012,5.816375,2.8097694,0.38931546,6.252004,-1.6316386,4.242397,0.59004706,1.4810151,0.24716072,-0.044123366,2.8200493,1.6549563,0.67840827,2.0767775,1.9691145,0.48029664,3.7502127,0.4777867,1.5417022,1.8164276,0.24386807,1.8450326,1.0589491,-1.0925773,1.95295,-4.112813,2.0354073,2.1138878,2.7671726,1.1519538,0.41667724,1.2700664,-1.8318875,3.431709,-1.4654107,-1.6194704,0.8289922,-0.99227726,0.32918388,-2.5596633,0.3580211,-1.180196,4.0051713,0.55066276,-2.5176752,-2.124025,-0.055295546
INO80,-14.481646,-20.806084,1.1376661,2.9288037,2.5023081,-0.76874804,-2.6847384,-14.65991,-4.5855784,-11.05317,-6.294191,11.509843,-2.520332,-5.5261617,7.0127077,5.1369333,1.4872527,11.0740595,-6.427432,3.0780766,9.564826,-3.6167219,-0.53939027,7.1430545,8.248883,-6.240642,-0.36578885,-3.2878203,5.277451,-1.7433177,-7.1553197,-5.569333,-6.468896,1.2140588,3.4617584,-3.20951,4.323287,3.0341187,-3.2068605,-0.708899,-4.2499204,1.2758098,0.18115829,-0.67853767,0.3682753,0.41106126,-1.2873312,-5.060452,-1.3838564,1.6936085,2.2254682,0.018350217,-1.3281273,-3.4773083,0.5550135,1.6712078,0.34738663,-1.8889242,0.2632769,-1.588833,0.456408,1.6545751,3.4212747,1.5295705,1.3189119,-0.37074226,-0.000766821,-1.8494271,0.29970428,-0.5257145
INO80B,-13.546192,-11.044251,-3.4402885,9.665806,-4.59058,0.55308497,-2.0009482,-10.900634,-1.1886802,-9.619158,-0.44451648,9.645517,-1.7775198,-8.719892,0.1272319,12.636281,1.9526886,7.7754855,-5.4951925,-1.3550195,8.227626,-9.216962,0.17842986,14.201725,10.37614,-4.024082,-0.41045702,-0.29745045,1.6948367,-3.4096138,-5.433895,-6.3708515,-0.74721926,-1.620217,1.9428344,-2.5389845,-3.0291064,-0.8908385,1.8889554,-4.656558,-3.6378446,1.7441199,-2.52238,-2.4156387,3.0790741,2.6624556,-0.65237504,-2.3479025,2.268471,-0.63214344,2.7343433,0.13191757,-1.5558367,-2.1224673,-0.30791417,7.245336,2.32334,-4.4029117,-4.4563704,-3.9972672,0.546414,0.50192577,1.8948498,-1.1144046,-3.1545777,-1.4436873,-1.4925117,1.7523582,4.65826,3.8773005
INO80C,-0.36712143,-5.969333,2.343676,0.4981853,-3.5076036,5.1798453,-5.869352,-2.8534524,-3.0671744,-6.6711535,-9.369899,-0.9802947,-2.5797017,2.5549862,-4.9762836,9.067468,1.4729077,10.344153,-0.36408916,-1.7822362,9.276803,-8.206277,-1.3459134,15.622138,14.361,-6.9808984,-5.689096,0.5197677,1.1602075,-4.9657264,-4.532635,-1.3241942,-0.66386396,-7.0941315,-1.7196417,1.483608,-2.484662,-2.482005,0.90489906,-6.611939,-0.8351078,1.793462,-2.6226106,-3.0300107,6.02337,4.162871,1.5963451,-7.1499763,-3.9533675,-1.7296809,3.4904842,5.049524,0.22559682,-0.69557273,4.362956,8.975519,5.1940804,-5.5735245,-2.7643173,-2.0406873,-0.41569832,-4.75713,6.1235456,-3.2654154,-2.364561,0.83698,-2.225447,4.7407928,7.4581833,6.0255055
INSIG1,-27.730433,-30.676397,3.1144936,-1.6825796,-0.11324994,5.904452,-4.885183,3.1204832,-7.2667475,1.1420844,1.4491591,-5.64213,3.725091,4.1705384,-3.1100748,4.798236,-2.2877245,-1.6323153,-5.2029815,-3.114563,0.11304913,0.061266787,-1.5029973,-0.5484597,1.8949685,0.26346636,-0.5035539,-1.5355629,0.61312187,1.5598811,-3.3492389,2.0394652,1.4007703,0.32629922,-2.19733,0.64649564,2.4960835,-3.5850418,1.9533696,-0.11212048,-0.10358879,-2.3649588,-1.6860656,0.5300325,-0.22991288,-0.38904583,-0.012946707,-1.3105712,-1.7690401,-0.35660335,3.3543966,-2.4043334,1.8212689,2.9108796,-0.4009529,1.8815607,2.1350865,1.0436138,-1.2352393,0.09650338,-0.15958609,2.4826198,-1.3106121,-0.4441123,1.4396508,-0.724766,1.7819138,0.8651228,-0.07915123,-2.4664516
INSR,-23.366732,-29.16152,17.802254,-5.079784,4.7302766,3.7535534,-2.5907106,-4.182464,5.542233,4.0064845,5.004738,4.718481,8.032708,-0.7977357,-5.7436767,2.0153108,2.992512,-10.742054,-1.0810876,-3.2726855,2.1895065,-2.2631345,-1.0464623,1.9700972,-5.662736,-6.0055637,-2.772974,5.562172,-0.53635603,3.2105174,-3.0950747,-5.3681655,0.6623361,1.4235188,-1.5002093,2.207754,2.5199125,-3.068061,3.3374515,0.78094137,1.9532076,1.5043192,0.7528563,-1.3200744,-4.5168514,-0.11850548,3.5238566,0.8476235,-2.1127064,1.1988976,-3.0150774,-1.0763053,-2.76661,2.8454165,-2.5953953,-0.106857285,-0.24563845,-0.09863041,1.2045835,2.5053196,1.2000432,0.567561,-1.1622591,-2.0868556,-0.6462155,-1.8266549,1.688915,2.1150553,-1.4868481,0.70377725
INTS10,5.3819804,-0.9979821,1.2120868,18.69801,6.216883,-13.873351,-2.296652,2.995854,2.1283846,-2.921969,-13.576773,-1.7235304,13.502081,9.571965,-9.02136,18.791595,22.297491,-16.526066,13.856981,-6.5591702,-11.987686,2.048232,6.5178595,16.322584,11.337174,10.819948,-1.1834841,-5.82715,-11.620865,-5.3270216,-3.6836135,13.769441,-11.653044,3.56563,4.415711,-7.739641,1.550083,-11.454458,-4.7770367,2.790036,5.6911445,4.3661118,-0.65112984,-2.7692657,-3.223589,0.86737573,-0.37322965,-0.6664943,-3.7186987,-6.33636,1.7264477,-1.9996413,-4.49471,-0.043104168,-2.4919848,-0.8456658,-2.3237364,-2.9966154,1.4137824,-0.2549405,2.7341952,-2.9782317,-1.6612266,-1.0221602,2.2350376,2.1892836,1.0547613,-0.6947063,-0.89777863,-3.7548437
INTS12,4.102534,-18.52863,3.6000485,2.4909613,-1.6088225,-14.5688715,-7.421659,12.355616,6.3052144,-17.231098,3.9087837,-11.111182,2.0011919,-7.103745,-0.31393212,5.038156,1.1748737,-3.8648357,3.1214817,-9.386203,10.717775,-1.1869473,-2.9959517,8.721478,1.3713692,0.41787624,10.182161,11.035303,2.7191927,-10.250176,-9.313876,4.142106,6.774145,3.1181252,6.385813,-8.422748,-0.4729134,-9.913399,4.3607483,1.8923867,-3.1482902,-3.6541529,-3.6617115,-10.616447,-3.4445667,-2.7108474,-2.264611,2.9647992,-3.2906284,2.8710458,0.02350155,5.7499084,3.6992435,-0.20347847,6.7882514,0.12458823,-6.0293846,2.700649,-0.57387626,1.0805583,2.1587446,8.08729,2.089368,0.5253203,-0.7430179,-2.515914,1.1730887,2.5494902,-2.8150954,0.05341068
INTS13,14.435745,-2.737846,2.5341954,5.2177796,3.6473641,-13.996338,-6.09127,1.5395918,-1.0287563,-7.3528547,-16.52488,1.2977492,13.404717,9.69174,-2.9486537,9.892653,20.57682,-9.421518,9.617303,-5.717736,-3.7394288,3.1931286,5.22673,11.04743,7.4734225,8.166184,-6.375981,-0.8585265,-6.8273983,-1.9147019,-0.5784814,11.488449,-5.270936,2.5478415,1.2861763,-6.2528033,4.7030525,-8.866668,-1.0078995,1.1472114,3.5691633,1.5550343,-1.5513816,-6.4367576,-5.7389255,0.6937706,-0.8629503,-1.2577609,1.5501479,-0.9838376,-1.5405749,-0.04635425,-1.1036154,0.87437665,-1.6300764,1.0608016,1.9385391,1.4517797,0.32281664,-0.45699048,1.2496048,-1.6780635,-0.75817096,-0.69799167,0.090908885,0.772408,-0.54546976,1.728941,-2.2105832,0.3948015
INTS14,8.9383,-6.5298643,16.331648,1.2780502,6.2568884,-10.497165,-4.70439,3.1826053,-0.5421704,-6.661501,-14.690161,-1.4245726,11.057847,9.700294,-0.13209276,12.716913,17.36435,-9.675913,11.023035,-13.071147,-3.1051881,0.042818453,3.92309,11.896469,7.237269,11.349273,1.4661071,-1.79299,-6.2559977,-5.14988,1.5043631,6.718093,-6.339686,5.1929426,1.1513634,-4.6800365,0.42665985,-3.2738645,-4.9036007,2.2202258,2.8726947,2.3878565,-1.0357653,-3.0077627,-2.3945076,-0.60760844,-2.2845562,-0.34753156,-1.811294,-3.209586,-0.32929498,-1.6761811,-0.9728566,1.3763449,0.79658484,-2.6627338,-1.5531355,1.8717542,-2.4907382,-0.84901166,1.1860478,-2.4473107,-2.1186006,0.07351333,0.6407467,0.32424638,-0.18540104,-0.7841444,-0.27544555,2.2348468
INTS15,12.795531,-10.85935,18.317074,-4.08507,2.5965352,-1.4029799,-0.062543675,1.9937127,-1.0603714,-0.87873214,-9.45455,-4.415519,6.9019456,-0.7809593,-0.46435952,7.1212173,12.686624,-8.616456,8.522418,-5.4516745,-1.3463668,-3.5305095,6.1695447,4.353886,3.504996,5.1268783,2.528099,-2.0336447,0.7405574,1.0172532,-1.2613739,5.5158734,-6.778043,4.53319,1.5482453,-6.1347585,2.9484231,-2.8503873,-4.3001823,0.970813,1.2117126,-0.3449191,1.1357071,-2.4043193,-3.293398,-1.0900586,0.224709,0.22468089,-1.4923584,-2.360111,1.0802866,1.0096041,0.40067595,1.1549687,-1.1907308,-0.24006873,-2.2875705,-2.2574558,1.7561194,-0.43169722,-1.3226118,0.60119,-2.5875423,1.4526235,-1.2844528,1.574528,0.7674977,2.47214,0.37330613,-0.353317
IPMK,-8.342156,-15.957896,-0.52883756,-6.88445,1.728849,-1.7825588,11.294307,0.34695572,-14.900269,-1.384366,-0.7044633,-2.8251293,-6.545791,4.506993,-0.3428096,3.0102146,2.3754702,1.4932822,1.4581974,-1.4095874,0.3707628,-2.9931982,-1.1772647,-0.6839754,-2.0326025,3.48537,2.806007,-1.5334957,2.420474,1.3321086,-0.8389854,-1.6577024,-0.1632635,0.2070527,2.5029378,2.956428,-4.5623436,-2.858327,1.1975677,3.598222,-0.5650867,1.7899706,-1.5781384,-2.119765,0.6223559,-0.54011095,0.9569558,-0.8933905,-1.3566428,-2.1930895,1.7275869,1.4634414,1.1965585,-2.2969155,-1.6316547,2.4638507,2.3070595,0.30008626,-0.069884256,-1.5740868,0.64261574,2.0824,-0.8542567,1.1080341,-0.4515531,-0.72171247,2.710667,1.4153697,-1.2750148,-2.0756323
IPO9,-4.9821444,11.515596,11.417214,-1.6570276,-2.517187,-1.6208016,1.1617686,-4.7321606,5.7020154,-13.141741,-1.741824,-1.573222,0.8965806,-2.7502787,-3.1654744,-5.392128,-4.8875504,6.0963383,10.208175,-3.462829,-1.5801579,-1.5776839,10.127029,0.731913,-1.2354996,-2.1488106,3.6924162,2.9724188,-1.4322473,-2.6161387,3.0318272,0.09292421,0.5819937,-0.35569948,2.8536417,5.8354726,-4.1159115,-0.23223147,-4.8578987,2.741484,2.367649,0.29756367,-1.1781919,-1.5385983,0.53332525,3.4756076,-0.46205464,4.502088,1.4927878,-0.8912281,-2.2308843,2.6053336,0.30289495,2.1609921,-0.75846165,-0.6431788,0.8792771,0.6476397,-1.4001436,4.356103,3.5869823,1.9526017,3.1473825,-2.8495445,2.8755724,-1.0943687,-1.4276538,0.07115909,2.6854897,1.8530545
IRF2BP1,-20.937675,-8.659173,4.6357226,1.950862,-0.96702725,9.502159,8.477311,-15.397353,3.7293282,0.008906778,5.290966,-4.1425123,-7.2018476,2.623779,0.7826213,-11.842033,10.594348,-0.37059122,0.4693312,-5.191144,-3.201911,-5.361386,-1.317984,3.9376385,-1.118412,0.24211974,0.2970873,3.3458128,0.47583562,1.4863453,-0.08153488,0.9617043,1.5659515,-5.724025,-5.263219,2.495376,-1.097372,0.25185797,1.2475241,1.344863,-3.6580627,4.3021884,2.9883034,3.7901192,-0.6867488,-1.0185018,0.5399095,0.6542327,1.469645,2.119969,3.0345805,0.8948505,2.0297356,1.500913,2.2602787,-0.4291965,-0.61371475,-0.33770108,-2.517112,-0.6043092,0.80733407,1.8752705,-1.50955,0.2793221,2.5407927,-0.5231838,-1.4778177,-0.48207316,-1.2083566,-3.5992565
IRF4,-7.51643,-23.713451,-11.003208,-4.3630166,7.338357,-2.5278676,18.28411,2.988592,-21.280872,-0.462181,9.612099,-1.2980728,4.900671,-6.645748,2.2814534,0.67813694,1.1890302,5.6921554,-2.1820502,-7.1719785,-0.0013802431,9.168757,-6.8465996,0.37008265,-0.13460043,2.7972176,-1.1705943,-4.013602,4.7216883,6.058174,2.0077245,3.9140198,-3.9346898,-1.246893,-4.926459,-7.3778872,7.0702667,5.4654613,-10.186812,-3.1956832,1.6593127,-0.6395801,1.9158397,2.4700177,-7.2162623,-1.3676053,-2.2901945,-1.93983,-0.2577115,0.908888,-6.3522725,0.10438717,2.392768,6.9167447,-5.7649918,-1.9587936,-6.356385,-0.96402645,-3.1231132,-1.8276758,1.991356,-2.8133092,2.4065473,0.99832577,1.6926708,-1.93279,0.43148717,-2.4697769,-0.18728653,2.1926901
ISCA2,-6.027029,6.0370727,-9.37986,-3.477551,6.538807,3.9199533,0.7754832,-4.8391194,2.383453,-4.056752,-7.986029,1.8458856,-0.747915,-3.2876441,0.11751927,0.7798137,-2.6358588,4.671835,4.498461,4.396087,-4.116387,4.7710066,-1.3320019,-5.3005786,-2.931166,-0.1715598,-1.4233571,-0.6204178,2.322599,-2.0411563,3.8992336,1.3699018,-2.1586308,-6.034346,3.1442297,-5.031574,-0.12882291,-0.41190177,3.9453351,-2.1140153,0.41377315,9.989272,0.6883519,7.032135,-4.0815167,4.078843,0.24399765,-3.0172808,-0.11271315,0.26559734,1.2891005,-1.7672386,-3.0382378,-0.3675524,4.3013935,1.9080541,-4.3163857,3.6360488,-1.7827044,-1.8311124,5.7635155,-1.3531153,3.5285597,3.563307,-1.3555044,5.3397956,-0.96446544,1.5850291,3.5715814,-1.6155338
IST1,-2.750484,4.8358736,34.337753,-18.551237,2.6134489,2.705161,-0.45480683,-8.602755,2.3340814,-4.277793,-6.60324,-2.4838533,0.64187306,1.9074914,0.5590037,-6.9784465,0.112937674,-0.26791418,0.73118246,-2.3368697,-3.868392,-3.8983364,0.020889433,1.9492766,-5.852635,-2.0677586,0.41313013,3.8276224,0.18655534,-1.0256863,-3.4759135,1.8857759,0.0398452,1.155023,1.108114,2.494993,0.7113012,0.43134263,5.3216534,4.410854,2.3361814,-1.9526742,5.2657995,-0.1129454,0.026584905,2.192145,2.6201844,-4.865523,-1.2630244,1.6989001,4.124986,-1.9190342,1.9117728,2.5352874,0.78364265,1.3159254,2.8982983,-0.18591602,0.89935005,-1.3777362,-3.8165016,-1.2662643,-0.9371162,-1.2101144,2.064229,0.62744284,1.9644452,1.3294721,3.2547195,-0.754603
ITK,85.36438,-18.62317,-17.279568,-5.719042,-0.51565963,-3.6164412,-3.4169657,3.7490344,0.6435085,14.514192,6.5245776,-1.0199536,1.264922,4.3655257,13.595464,2.598623,3.151441,1.8200035,-0.83458227,-2.8560095,4.983208,-2.9534461,4.76032,-4.332162,7.918614,-3.1834342,2.0244904,1.8055472,1.2920164,-0.17199564,3.8685412,2.9918332,4.328112,-5.393686,1.9926367,2.5671604,-5.8726506,6.186486,-4.5975003,5.577551,-4.946305,-4.679834,-2.2732337,-3.0282192,-0.20013091,0.7211612,0.0070570586,1.6726413,-0.69874024,-3.5038521,-1.5748303,-5.20664,0.12317843,2.7096179,-6.7801633,3.4481685,-5.6079063,-3.4398437,-2.6872845,0.9970713,3.3311257,-3.153896,-3.5138764,-3.9853768,7.184153,1.8131179,4.3271604,0.36656916,-0.26965287,-0.15809664
ITSN1,-5.644691,-13.754111,-14.808864,18.219496,-4.3644557,-2.4158366,-1.1684611,6.761514,0.57519186,4.98522,-1.6551281,-2.005377,0.008701001,-4.0793324,-9.764252,4.0903535,-2.1135268,1.8719245,-4.3036876,3.9088445,-3.346612,-2.0199146,-1.0320057,-2.548293,-1.1249832,0.10405841,-7.1377277,-1.7208643,-2.6133661,1.5324439,-1.8331097,-1.4058224,2.240861,0.024758436,-0.3221573,-1.6820358,3.0401552,2.8902519,-0.28484812,2.424116,1.0616723,-0.7642606,-0.55127084,-1.9686518,-0.48270667,0.8013362,0.74632245,0.24130121,1.1888207,-0.3336772,2.8745174,-0.09897387,-2.6928108,1.5587248,-0.20268318,-1.0006756,1.1757153,-0.6480917,-1.2015775,-1.5099692,-1.8656343,-1.1894609,0.7760111,-4.5554495,0.8193852,-3.9950325,-0.94564414,0.16010958,-1.1261183,0.3413588
IWS1,-16.122684,12.279817,-16.58382,0.4348582,-10.341904,-12.394887,-13.792771,9.142267,-4.958906,-1.6071637,-5.366206,0.4596241,-4.0232997,2.2427862,5.972846,-6.3579097,1.4990135,-2.8406699,-11.59189,-6.940987,-1.5373484,-3.023205,4.3164997,1.5952728,-2.9627821,-0.89184564,-2.8422272,4.0150776,-1.737354,-3.3846068,2.3686821,-0.5949178,-0.40259063,5.14046,-1.2631292,4.024299,-2.8072948,-5.7187138,3.0907524,-0.48766744,-1.8246108,1.5887722,-3.2811708,5.2825403,-4.377847,1.8691311,4.3191686,-1.5421456,-0.14642246,2.5146341,-0.6700066,5.0057015,-2.91184,1.2312428,-0.2892969,0.07344196,-2.034964,-1.4452295,-0.8662281,-4.194088,1.6635262,-2.7212448,-2.2060373,-3.5090053,-2.1085296,-1.7165846,1.1456567,-1.0349425,-1.1920958,-3.8642724
JUNB,-8.426053,-25.00636,-1.0668288,-1.7224102,9.864969,-5.6016912,19.375612,3.1302943,-7.541753,1.5609558,-1.0885484,-5.046177,-2.764383,2.2190323,-3.651661,5.629055,-4.637065,3.8390896,2.190283,1.5453752,-0.72945905,6.779132,-2.5356667,-2.3821528,3.266481,-1.1625985,-1.6129324,-2.1346977,1.9484565,2.8112657,-2.1711438,-1.901754,-0.71023744,5.467334,-4.964326,-2.7138011,0.37655655,0.1270495,-2.1279838,0.67150056,-1.5956622,1.1789885,-2.4238925,-0.14278977,1.1809124,-3.9706926,-1.0022322,-0.8159745,-1.105656,-2.7696264,-3.954823,-2.133361,0.51038325,-2.6394415,-0.47711736,1.8822458,-0.46995455,1.0741898,0.09587945,-2.6619182,-0.546222,3.01722,-0.3710563,0.6623619,-3.081787,-2.610246,-2.5772614,3.3620484,-1.7092179,1.8055243
KAT14,-16.05936,31.09847,-12.285773,-11.114663,11.285381,1.6139463,-3.502244,-2.178268,-5.9932594,2.0280392,-1.336744,0.64931303,4.743696,2.8448932,-3.7645388,1.1690489,-1.421946,-2.1009984,3.136753,0.46401924,-1.3347588,-1.2475753,4.864123,1.3203737,-3.1937346,0.07747963,-0.17124544,0.8820883,2.939482,1.8424484,-3.0408475,-2.3114529,-1.1899427,-1.1905824,1.8301612,2.301817,-0.17056115,-6.354374,-1.3054653,-0.54836637,-2.846308,2.1037035,-0.20364007,-3.9715464,-0.5271618,2.9622765,-1.6786065,0.33022875,0.19456795,-0.8738721,1.3313708,-0.5730002,-0.43207356,-1.0487304,0.060584713,-1.3015487,-1.4425491,-3.528212,-0.78245646,-0.21537296,0.0054754103,-1.1212584,-2.715024,1.274019,2.358357,1.1532598,-1.793738,1.5512388,2.1422234,-0.57213795
KAT6A,20.515024,9.904361,6.9426312,-0.8376868,1.4140055,-6.0751057,2.1952934,14.1211405,2.1765068,23.42023,-0.024088202,8.46753,1.7562059,4.4398723,0.45958537,-4.6886353,-4.322512,-3.2162752,2.9178424,1.114943,-0.09083853,-1.5984138,2.6951683,2.0881426,4.9388704,-1.5826494,-0.651604,-0.10377121,-0.6962725,-0.9925678,2.7937806,-2.6941183,-0.34862277,6.730301,3.4019015,0.6554194,2.198728,0.11091092,-0.18092296,0.5284195,0.5393786,-3.304239,1.2126892,-1.2234583,7.9166145,-0.8345228,2.0624025,-1.842808,-2.6558042,-0.9175161,3.9555285,3.7084947,0.31314358,-1.169453,2.4235165,1.511781,-0.7468207,0.9378614,-4.2419715,-2.6361783,4.180507,0.49207067,-1.0224677,-0.9518425,-1.3977991,1.3967828,-0.23861052,0.19402692,-1.6478226,-0.728925
KDM1A,23.391972,-10.546909,-12.280793,11.683748,0.0077556004,16.430832,-1.1399629,-5.0212464,-12.023459,-8.862295,-6.571342,-20.738792,10.130255,-22.279673,10.132572,14.216076,-3.3487864,-8.660263,10.253014,-9.216101,5.4778275,-13.666164,20.50833,-7.490322,-2.5147524,-6.4748387,2.1560328,-9.712829,-9.428305,18.276255,-3.0125663,0.2642959,6.412296,7.048879,-0.5306039,-2.147075,-3.6210246,11.669286,0.38214847,11.595232,-14.556237,8.471591,-4.2391777,8.645789,9.780863,-3.297057,-4.6392326,-2.6987624,-0.8354578,-3.901135,-8.680127,0.007243728,-1.2351538,-3.3160305,13.57804,4.8370295,-1.154197,5.1691556,3.9912052,-3.6441863,-6.373319,-12.317353,-0.3573667,-3.63648,6.098653,10.030441,6.0232396,4.1286273,3.8981507,-2.7676108
KDM2A,-13.651186,-6.032531,-5.942442,-1.6793851,-6.35277,-6.1426105,-1.0678076,-0.8955972,-6.825033,5.617272,4.6186934,6.0670795,-7.9592023,6.9167576,0.6506609,-3.9417415,-6.0061426,-1.3514744,-2.5904875,-0.9531604,-2.2984183,3.862317,0.68374914,2.0310798,5.587207,-3.7984061,-0.9845965,-4.76112,4.017367,-2.5643017,6.1905775,2.5508993,-1.0100373,-2.1495364,-0.17851959,4.0559187,-9.999548,-6.4297075,0.70655894,-2.8075075,6.1395793,-1.1813145,3.0695422,-0.11715355,-2.7642941,2.8346052,-6.301645,-0.33949766,-2.1056197,0.27144036,-4.8215237,6.175034,2.557737,-3.3488495,2.9648616,3.1050777,-6.731952,3.0806835,0.829661,0.19118242,-2.0577796,-3.2300625,-3.3290145,1.3353016,2.7914567,6.8306537,1.1215127,-0.057419132,2.4064617,-2.6463258
KDM8,-7.286022,-8.870042,2.5562553,-0.7607498,-0.30086687,-0.8070004,6.5523076,-11.4497,7.9784856,3.0136113,7.5827637,-1.4924313,5.1699786,5.6586914,7.4931564,-0.46913847,3.734442,-5.0801916,6.4571586,3.0102935,5.422304,1.9671944,4.454835,-2.1245935,3.816145,0.91723543,3.752622,8.0304985,1.4205863,0.09448759,-2.8961518,-4.2993464,1.9373424,2.269113,1.04115,1.7663559,5.701156,-1.2863239,-0.09165473,-0.19389343,3.6373847,-3.9390042,-0.49213687,2.0827584,5.9663157,2.5799615,-0.9510157,-1.3923993,-2.1769793,-1.3807327,-3.526776,-3.2015674,1.8549073,-1.0747803,0.5018209,1.6602744,0.16096134,-1.1097808,-1.8913655,-5.8789306,-1.7549217,6.680312,1.5836965,2.040925,2.0420945,1.6987239,-2.4476807,0.083771996,0.48897892,-0.3639578
KEAP1,-13.829912,-2.213523,-3.8883524,2.451291,-5.471123,-10.655691,2.0763922,5.544423,3.2041645,1.323591,-1.9456481,6.1969304,4.0664744,-4.7241764,-1.4470229,-5.5488176,-1.9394826,2.4868586,-1.6553557,-12.670385,-6.1187496,-5.5917344,-5.5697927,-1.7802025,-1.4646139,0.63241136,1.7206824,-7.6077642,-0.5198216,-1.3556154,-2.3416584,-5.433481,0.8071911,-2.1125417,3.1139028,1.3751673,-0.06307169,-1.6821405,4.0197606,3.4954603,10.746301,2.554811,2.8837395,-0.8933783,4.0459933,-1.7204189,-4.8694177,-6.811172,-1.0817147,-2.8492877,9.054894,-1.407917,2.5184007,10.130825,-1.3191593,-2.6759605,-7.989529,1.1011304,-8.306642,0.28635654,-1.7435745,-4.748223,8.849543,-3.235425,2.3400197,-4.319415,-2.752006,-0.309508,0.29352057,-3.0365367
KHDRBS1,-20.641706,25.483818,0.027811224,-5.4668903,-11.470202,5.064568,-8.51703,0.7066949,-4.0451784,4.5967093,8.837859,-3.6632574,-7.875738,5.1203957,2.2647583,-9.044734,2.8917751,-1.0703825,-0.9841958,-1.4700346,-2.272714,-0.21089849,-5.1924314,3.9782205,2.4221344,-4.1090245,-0.14355347,-4.3538866,-1.343602,2.6000538,5.057607,4.015124,0.5689248,4.445209,0.93881124,-6.2263136,-1.314866,-0.7121587,2.3265755,3.033708,4.9596553,0.004461778,0.18168338,3.7730408,4.03404,-4.559696,2.1411128,1.1955642,-2.0874536,-0.62640595,5.5136847,0.8723869,0.34838885,0.8162505,-1.2386327,1.9692025,3.918701,4.4890347,7.477175,-0.19786015,3.931309,0.4349203,-2.049708,-1.6295937,4.1676,-5.310975,-0.9773701,-1.6180525,1.3920871,-2.2030785
KIF20A,-17.967224,25.047356,3.387342,-5.342086,-6.7147746,-10.664941,7.955162,-23.020554,21.94907,6.7411985,-0.7289416,-2.6809418,-15.110524,4.4592676,5.904619,1.0668937,-11.764845,-6.035318,-19.521282,2.0750299,10.659439,-4.339795,7.2771955,2.1338665,7.9316406,20.332386,-2.1916654,9.909112,11.56695,4.480842,-3.0891304,0.8746499,4.4668527,1.6903883,-5.696763,-7.807213,-7.344305,-3.6785696,-8.493627,3.0636244,4.2387657,9.422538,0.8519174,3.8602788,-6.2037983,-0.49332252,-3.311791,3.0670414,0.11735231,3.83204,3.2801492,0.08846084,0.69640183,0.68024576,-1.7755991,-1.968892,3.5432446,5.9037104,-1.2053841,-0.65563947,0.21135524,-2.2105262,1.5098236,-0.7715031,-0.9240257,-0.6576481,5.9547715,1.7904936,7.404426,1.951911
KIFAP3,-25.419846,3.5313194,-7.5866604,-6.02171,-6.43885,2.2879913,8.9292,-7.4424205,9.0601845,-0.66110724,10.247,-3.8261704,21.868437,4.114081,-13.033824,-14.607133,13.500408,1.0036637,-4.615401,2.5124433,10.87508,-7.07285,-5.8518276,0.9267593,-8.687975,2.9070914,-3.673301,5.6889067,-4.689199,9.44829,-1.0656173,-0.04635941,1.911429,2.501146,-4.607394,-1.5011674,-2.534796,-1.9664688,2.597237,2.83802,2.5630324,0.44217402,-5.8655267,-3.1841471,-3.4107792,-7.2007422,1.7632662,2.166367,-4.4177265,2.9206634,-6.6692224,-2.207287,-4.101315,1.7511264,1.5030843,7.511957,2.050264,1.0138174,-1.39935,6.0430903,6.0832977,-1.1414659,-1.5815227,-6.4133024,-6.4515038,3.9626026,-6.2699347,1.7435588,1.5863125,-4.3860455
KLF2,-21.142923,-14.348329,4.327712,18.923498,4.4898353,-19.20208,8.499169,-7.844299,11.338123,-2.1486251,-3.1118944,1.9202082,-4.2981524,15.746413,7.1217756,3.226553,11.173859,-5.0632963,2.4865139,6.1507382,-4.9461446,3.2856221,-3.4197173,0.7413899,-6.3261957,-2.93946,2.2019708,-10.971878,4.8756146,-7.1352606,-3.092699,-11.177794,3.4039283,4.921641,-6.3301635,3.2042446,-2.436444,1.3553561,3.7526953,4.6155033,-0.7275535,4.3790755,4.7601333,-5.2448006,1.4842076,2.46868,-1.9710836,-0.84450173,-1.5037434,3.1162722,-1.5783033,3.9099102,-1.1077505,-1.3381854,-0.8032121,0.8899922,1.4869751,0.43879968,1.1969342,2.8826778,-1.0114927,1.0427113,-0.62286556,-2.4797945,-1.6388322,-7.161435,2.2933748,-0.47594807,2.8227758,1.3607974
KMT2C,-27.852406,-13.290648,8.317924,7.022239,-4.2394786,5.036911,-16.015293,-14.262919,7.910272,-8.422354,-1.5011209,13.195572,0.47266635,-7.024293,-0.8142097,2.511227,1.0920706,1.738129,5.6836224,1.058048,-5.78485,-0.7688176,-2.0040848,-1.9179873,1.6242461,-2.3038301,1.6155097,-1.9459585,-2.4970126,-5.243174,6.5830126,-4.627954,0.97553056,-2.8297098,0.92332476,-2.6115816,-1.5970446,0.8576687,-1.8041211,4.7801337,2.3177242,2.9239907,0.7899,-0.69726944,-0.25923702,-0.98624027,0.25936463,1.8354906,4.380095,2.939405,2.663761,1.6546326,0.12402971,-2.6454117,0.054466184,-6.454699,1.8000772,2.9031563,-2.8448486,-1.255346,-1.1110421,0.46340257,0.888129,-5.7196016,0.9154365,-3.8214197,-1.6112881,0.81261045,0.9060592,1.5966059
KMT2E,-7.7030287,6.08896,1.3978523,1.0140074,-11.479313,-2.9914505,0.23267697,1.7914587,8.77489,8.880204,-5.2536464,-3.6150594,-3.9333613,0.2110508,2.0997171,-12.454791,5.5881653,7.0971937,4.5165887,-5.9125094,-7.860457,0.77660704,4.3863344,0.5788641,4.779858,4.3173614,-1.5512128,4.1401296,-1.134251,-1.6088017,1.8533062,-4.6460104,-9.376356,4.6653433,1.250344,-0.67925847,-0.25431135,4.955997,-4.1060963,-1.396564,-4.9792137,3.340979,-0.07370134,2.538482,-2.0694163,1.1244289,0.89747185,1.6600007,-5.147414,2.905095,-2.271169,5.4110703,0.6543195,1.0271522,0.054138847,1.6746802,4.523815,-3.03057,0.42407688,1.7262096,0.37046131,3.0424125,1.0152522,-1.8878822,-0.8761678,1.2105929,0.26934943,1.3021916,0.24523509,3.1386418
KMT5B,-0.6063857,-9.108189,-3.156549,4.9432487,2.2643003,4.801892,18.128128,-3.389106,5.843045,12.142842,0.62209797,-18.49869,-0.72675353,-0.55327874,-3.2687457,5.0247087,-3.3728182,1.3226871,-10.133403,-3.1294322,1.903179,-0.09510068,-5.955004,2.5553832,3.4617999,7.167866,6.77526,5.8711424,4.7477274,3.3557482,5.2839236,-10.212754,0.34004557,-0.7577995,3.694265,-3.4571483,3.326479,-0.77345085,-1.4581153,-4.252349,-8.848666,3.8360155,1.2630941,3.7593966,-1.151878,-3.7577043,-3.020206,3.2202303,1.4702923,-0.44390762,-1.1407068,2.8724074,-3.6197155,0.36630964,1.2869242,-0.10988022,5.537695,2.490798,1.7760583,-0.7429287,-3.538741,4.2737446,-1.8009303,5.6991477,5.61426,3.0241816,-1.8027197,-4.7009687,-0.73304796,0.25386265
KPNA1,16.416285,9.24224,10.761145,-5.673379,-0.3046045,-20.4675,0.7509172,3.2683992,2.7173889,-0.009053021,7.0757284,7.725258,20.675959,6.809909,4.3465257,4.965718,-3.8580515,3.1047153,-0.84139025,-4.9682484,7.9421597,6.9628863,-2.0302,4.8567424,0.5414114,-2.041981,-2.3849497,4.721837,1.2106832,6.8391485,1.2366099,-3.2412522,1.5492766,0.20457503,-4.0899067,-2.7999406,-3.7534242,4.3394794,-0.70085526,1.5987364,3.3600662,3.035015,-0.79682195,-0.36428636,0.7355219,3.6919708,1.2112477,2.5922217,4.581828,1.664145,-0.5385034,-0.7722683,3.7948797,-3.803013,1.3216213,0.38022092,0.37809977,-0.8766536,-1.1211562,-1.445301,-0.7390844,3.0254498,1.1260896,-3.944619,-0.21889381,0.6847331,-1.3618315,-1.2091838,-2.0475042,-2.2422314
KTI12,-30.20226,1.6649138,-1.439044,-5.174211,-3.702543,19.246344,11.905983,4.435887,-0.12631662,1.2613522,9.245763,-12.549189,3.689011,-1.1673198,19.58668,6.719695,-8.5347185,-9.911006,6.850452,-8.23717,-4.9539914,-1.9307883,-3.5162418,0.6160678,1.7462982,-3.650374,-0.92000544,-5.6163225,2.6763203,-7.1148033,-6.7161155,3.622308,9.371381,-2.8468592,-5.944048,0.12861593,3.1595411,2.0452986,4.2092175,1.2285314,6.2214403,0.376582,-3.5417485,-3.4060156,-5.964639,-3.4347556,5.132473,-1.5579289,1.5790453,2.565223,-4.725634,3.795264,-2.3066206,-7.126632,-0.74747044,2.133007,0.4592767,-5.197735,-0.96457756,7.9430013,2.9361825,0.48386273,0.9467291,3.830817,-0.006263591,-0.7122805,-0.41215453,-2.4669576,2.7737472,-1.561613
L2HGDH,-11.733269,14.045582,-9.758611,5.2773247,-6.430412,-5.3649163,4.592746,-6.8054914,3.5643444,2.689805,2.249689,8.512227,0.74470294,-6.7156243,-1.8757159,1.1808809,-7.094278,2.674981,-0.838776,-5.2045603,-4.8468275,5.0011764,-0.09645364,3.8635964,3.93393,-1.1462451,6.860166,-2.6833766,0.380709,-1.5705838,2.5848978,2.626676,-0.5363376,-4.666222,0.89727086,1.7322319,-4.817483,-5.7594547,2.3305614,-2.5424616,-0.8794011,2.586718,2.0446074,0.50775653,-3.8462303,2.9314117,-2.954106,-1.0589024,-1.9803728,1.3196435,-4.647075,0.78761995,-0.6110829,-0.31412885,0.2966735,0.53231454,-2.2469747,1.2729689,0.5835339,-1.8450233,-1.1560079,-0.4347203,-0.2594906,1.4833959,-1.1284543,4.593439,-1.2800612,2.6854453,1.4532616,-2.2521324
L3MBTL2,3.3667603,-4.5876656,-1.0462369,6.334631,3.6446714,-16.40792,3.9380457,3.6106098,2.018292,-3.8639517,-10.816416,0.15929006,-3.1579607,-1.8706473,-4.142341,8.886358,-3.5246952,1.4096566,1.4210536,6.8705316,-2.3733404,2.8752072,-5.2557163,2.6019025,-3.1034617,1.5376945,1.099656,-1.5412279,-2.2766871,0.17826954,-0.45839593,1.0959728,0.56973886,3.441162,-4.7013164,2.6904988,-4.5931835,0.16724756,-1.1022936,3.0465894,-3.4039505,0.8622789,3.348652,0.98450035,4.512608,-4.4716277,-0.23208211,-0.90234697,7.1405406,-2.108882,-0.77646387,1.248679,-3.6431546,-2.3261693,2.7260575,0.013824016,4.217935,3.766985,-2.9382558,3.698992,3.4552016,0.13854122,5.225391,-4.7462435,2.4547079,-1.6232842,2.0105226,3.8677747,-0.5688017,1.0463271
LAMTOR2,1.479306,11.259025,-1.9911584,-1.0533158,4.0185385,-9.4795,25.660358,-7.1106277,-0.7621493,0.7860629,-6.260611,-1.056284,-1.8771982,2.3796754,-0.59099424,5.174275,-1.9306687,-0.28800958,1.6352944,5.243601,-0.26902583,-3.2619777,3.94389,-2.5393386,-4.4493947,-12.305351,2.693692,2.7691376,-0.77705026,5.9676933,6.918364,-3.2817223,-3.1654909,-2.2719533,0.80753624,-9.126549,-4.2513742,-4.9833093,5.2172227,-0.2683426,1.6175052,-4.8716626,-3.5913703,-2.8147488,-8.686755,-2.4728997,3.2191222,3.6174157,2.8692045,2.8112507,0.31852335,-3.1225874,1.9077734,3.8907044,3.7470524,-1.0339544,-2.1155846,-4.8493576,3.2373211,-1.3387914,-3.0600832,4.2125425,0.47684282,0.93810624,0.7663757,0.83094937,0.2123607,-1.1738098,0.26573122,0.14946215
LAMTOR3,-1.7203481,-0.82184863,-7.2418838,6.6865444,-0.06605149,-9.561277,19.24902,-1.1057692,-1.3315914,3.810938,-7.785407,-6.172185,-2.5331483,3.249318,-2.330531,7.002955,-4.1760044,-1.2792512,-0.7298572,2.3847706,-5.1472206,-5.4384413,3.0655243,-2.3244479,-2.9017544,-8.980956,-2.087854,0.31897208,-1.3048955,3.308092,4.363287,-5.3901396,0.3015109,-1.8322188,0.09500432,-5.99689,-1.3002094,-2.5377238,-0.12528637,-1.4128133,1.777071,0.11303813,-2.0509908,-1.3901675,-7.1249313,-3.8739057,3.8468988,0.7638402,1.5729955,1.1395643,1.1723442,-0.30058756,-0.28715646,2.805366,1.6858118,-0.59793085,-3.6118336,-5.397503,1.7297175,-1.7539195,-1.1458212,0.9940601,-0.3366865,1.7640142,0.6461146,0.7037663,-0.050525356,-3.2950802,-0.09335925,-1.1962196
LAMTOR4,4.9911275,-2.6421394,6.6472807,-4.274012,10.7463255,-5.3738003,22.957958,-2.3772438,-4.5803213,4.891538,-8.049705,-7.1555443,-1.1485673,5.1363845,-1.2188549,6.003509,-9.653388,-5.2957783,0.13621667,1.5709772,-0.3697337,0.20249176,4.211551,4.9623017,-4.1102533,-13.432181,-2.0397367,4.7767715,-3.6394613,4.613745,5.322217,-3.101662,-0.59519047,-2.348896,-0.7900947,-4.8794627,0.08022917,-3.4389966,2.9830933,-1.0188736,0.7294364,-7.192448,-3.533306,0.9685024,-8.480396,-0.7149867,2.3066344,0.6291523,1.5437081,1.7004249,1.753466,-1.8051057,1.7566819,3.3082638,3.6725583,-0.7885364,-1.1531354,-3.6177564,1.4442401,-2.9437194,-0.9034076,1.3186169,0.9621011,-0.16554783,1.5155091,2.2562835,0.042910103,0.006039295,1.4890425,-2.3139594
LARS2,-6.5474653,17.829145,-8.890917,-15.540327,32.50783,1.1437469,-5.2769237,8.667848,3.8168886,-4.990622,8.091843,1.510516,-5.9563956,-4.586985,1.3534535,-3.727551,1.6733274,0.23672904,0.30193883,0.2504329,2.621206,-1.3448826,0.41381183,0.24019575,2.7048106,-0.033496164,-1.9259468,0.85516864,1.9816924,2.8130713,-0.11546311,1.6805997,-3.6406546,0.22077553,0.38790232,0.21527942,3.346516,-0.67120236,-1.2323556,-0.51957244,2.3478432,-0.26102534,-0.78329355,2.4534807,1.0917431,-0.95659834,-2.5215683,1.6964514,1.026009,1.1484343,-1.2701242,-2.0420134,1.8414522,0.685987,1.212592,0.3000033,0.40615052,-0.8153665,-0.9467554,1.5304657,1.717322,0.51396763,-0.596104,-1.2180758,-3.6894932,1.7699937,-1.0014135,-2.8006184,-2.0487192,2.1173236
LAT,162.08481,-14.877073,-38.20479,-18.335867,-6.138714,12.275408,-5.6349177,-12.442293,3.6895761,-8.022333,9.105101,0.6918395,0.71517587,4.8972573,-0.9141325,-2.1901047,-1.9938123,0.7889058,-1.0108936,-0.6499484,-1.0364503,-5.4697733,0.9743708,3.897279,0.69419396,0.5630461,0.69305056,-3.815691,-1.0745618,0.3416967,5.5553102,-0.21080215,-0.12110401,-4.630085,-0.4902234,-2.9510124,-6.092541,1.2846713,-1.5394808,1.4768492,3.5679977,-0.5308447,0.14666077,-0.6858906,0.12824053,-2.6573129,0.36477524,2.4218287,5.101385,3.3793576,-1.816453,-2.6260533,-1.5661438,0.15647557,-3.094871,-0.25626308,-2.4926155,-3.6922884,-0.97787845,1.8775665,6.320979,-1.6889215,-1.9724576,-1.0596617,2.7740088,0.58303005,1.8131797,2.9025803,1.3913587,-0.525563
LAT2,-12.404307,-18.31767,8.775845,2.3018289,3.698621,-5.1561604,-1.3217494,4.005766,6.353018,4.920822,15.183775,7.497268,15.594799,3.49118,-3.3004186,0.24813943,-0.24878028,-0.9956164,1.7787982,-5.0341554,2.378135,2.8231835,-1.1006985,3.1993337,3.1969047,-3.5299346,-2.9691062,2.3986828,0.8448964,9.445787,1.2811966,-4.5677333,-0.57919925,0.30242476,-0.38588828,1.6709886,-2.669437,-0.28434166,1.7978249,3.458627,0.35220975,3.3151786,-0.85716414,-3.461331,-0.25806636,2.4406543,-0.422258,1.1437579,1.8380841,-1.6132445,-3.549987,0.154436,1.6099302,0.14006339,2.211466,3.0527825,-2.9519498,-1.0003543,0.25525695,-1.6045216,-0.20908195,2.5876489,0.90146965,-3.486788,-3.1596859,-0.24353394,-4.7046514,0.5713285,2.6808043,-0.85532475
LBH,-17.83737,-16.889639,23.50664,-4.4293914,1.2253879,7.2262864,-7.233121,2.4285808,-0.88783973,-0.4646146,3.4234273,-5.284057,-2.1855257,1.167011,-1.6151239,1.2558986,-3.6118627,-2.2124395,0.7191196,-3.466065,-1.492291,-3.1054611,-2.7772279,1.5225238,-1.7672539,-2.6039662,5.2104897,2.0635343,0.24069259,-5.3568196,-0.5933015,-2.6007047,0.6709889,-4.7473803,-0.09137737,2.0247707,2.6331642,-0.308541,-4.7995224,0.93099934,0.2684458,-0.80374295,-1.2734194,1.6633717,-0.272955,0.22137658,0.91868,2.9854562,0.21152373,-2.2705443,-1.4081204,-0.8114691,1.9914936,-1.6086866,1.6334605,-1.0748732,-0.5258845,-0.86553806,1.0662181,-3.7023382,3.8925562,0.41663364,-2.2111557,-0.052733097,0.7853883,0.4775191,2.2683961,-1.2304724,3.832308,-3.3113105
LCK,71.70333,-1.5421983,-33.796776,-12.180073,-13.334141,7.283968,-1.7723404,-4.804193,-3.7447083,5.5070796,1.5482678,-1.9089757,4.681294,-0.09592255,2.6462002,-3.8295865,-0.28186712,1.5181572,4.1001096,6.0407534,0.115542546,-3.9962723,3.4572563,-1.7153485,-1.4058928,0.935969,4.4981523,-2.6344051,2.482934,3.3186665,-0.46352613,1.1047776,-3.0782218,3.9958773,1.1154742,-3.5918844,4.568404,-3.5055146,-0.5220947,-0.16823229,1.3793991,3.702667,-3.548656,3.5178072,4.692433,-0.7444609,0.7693512,-2.8742783,-4.5048914,-2.076297,-2.1971369,1.4147115,-2.1829555,1.239448,8.912735,-2.0274277,1.6592624,2.7129145,-0.84444046,-3.7714016,-0.315605,1.9948475,0.76806456,4.0524454,1.3485698,-0.6361978,-4.9978137,1.1794962,0.39031965,-0.08670635
LCP2,162.82187,-18.208391,-35.41315,-22.35586,-8.31038,10.957317,-10.191878,-18.113304,1.1573021,-12.175697,12.737118,0.8417985,2.2764723,4.5304327,-4.5354548,-0.41661236,-8.273199,-4.657205,-1.6575269,1.1555672,-9.467988,-6.633713,1.3375086,5.264053,-2.35804,0.7801299,1.8948586,-2.9181588,-0.8519563,-3.0099273,-4.290006,-2.2029567,-4.4670897,5.9314513,-1.9966993,-1.1618223,2.6530228,1.856503,-2.4970453,-2.1158488,0.56266457,0.3036318,1.661446,0.28401935,-0.99557996,-2.0258913,-0.93428564,-2.5755231,-1.0758764,-1.3330876,-2.5842724,-0.42879322,-1.2914717,1.3181753,0.18709669,4.466436,1.5340276,4.1525493,-0.37679276,-1.195893,-1.8235574,0.2013356,1.8218827,-0.16800304,-5.90914,-1.8074325,-1.2012131,-0.90483403,-1.9560393,1.0547167
LEO1,-7.7427726,17.291262,-22.267519,0.09675175,-13.500658,2.9635582,-19.935417,14.836705,-11.8599205,-1.4324077,11.485457,-34.57495,-9.288814,-13.124119,10.090962,-16.281109,13.954025,8.755149,-6.472634,1.5006138,-6.404355,-3.0106776,-6.4785438,11.92843,-7.8096666,-5.7190046,-3.9651306,22.804035,-4.7669144,-8.662485,4.2239804,7.1272116,9.9279,18.97584,12.124086,-6.563517,-8.339403,-5.375455,0.6922326,1.3375317,5.0635233,1.5523419,-1.1009015,-2.3805804,-3.041166,-4.337842,-4.722981,-0.94394994,0.9464233,5.5021324,-6.57578,-5.2199063,4.9130425,-1.8855183,-2.943401,6.3487387,-5.4896927,-5.3894506,5.2795553,-1.7756159,-1.6444435,-1.5921748,12.976361,-3.5033019,1.8986288,-1.3406208,4.26461,1.4002879,-6.7368603,0.9913877
LRBA,96.44783,-13.561496,-17.711506,-24.785126,-2.885354,8.742045,2.4165413,-2.073951,-6.003669,-1.140555,10.756208,-4.909097,-1.0744805,3.725619,-9.833253,-0.9003345,-9.651311,-4.211012,0.12746142,4.0919023,-2.5726078,-1.4708267,0.3597343,7.6609354,-2.9341931,0.04203935,4.9696283,-1.2223704,0.27511302,-1.4705378,-4.2183075,-3.3335724,-5.139331,6.6109657,-0.6567705,-1.5439073,4.591693,-1.785253,2.2819076,-3.2289252,0.20759717,0.8011775,0.5410372,4.123565,-2.5697048,-0.44340223,-2.050092,0.5627202,-3.529,-2.0975568,0.19394901,0.8191288,-4.778729,0.311551,2.909777,-2.252123,0.42983928,2.825487,0.34946728,-4.091747,1.4801103,0.12623458,1.7941161,0.97315246,-1.4621903,1.5540255,-1.5686045,-2.7649193,-0.44205022,-1.7695667
LRP6,-0.29784405,-9.451557,20.87815,-11.496169,6.817744,2.5492783,1.7120076,-4.3395367,3.5721316,3.1406782,-1.0927225,4.5705786,0.39124286,1.9353393,5.8407,-1.2649068,7.953885,-4.094235,5.1155095,11.23843,0.13266434,5.4148026,-6.672261,-2.8831556,4.1094637,1.6756444,0.58535045,-3.055603,-3.1693594,1.7948726,-7.130197,-4.537548,3.900313,-3.0233157,-1.7047241,3.4900644,-0.033776533,-4.215278,1.8151721,0.8384183,1.675387,-0.4783349,-3.4412117,1.4218696,0.41701207,-0.49492776,1.1921583,-3.9073648,-1.5995222,4.3742003,-0.43952498,-6.4701395,0.10370308,4.3587112,2.3157763,-0.8274013,-2.108449,0.5299312,-0.9387827,2.054587,-1.522448,0.9788856,-3.466578,0.3238314,4.196371,-1.2901818,-0.93017274,-2.2792873,-0.6307267,-3.0377426
LRPPRC,-12.98225,16.35167,-25.93738,-9.08676,28.984116,-3.7376254,-7.8964524,6.816555,-0.7815846,-1.6224294,-1.7779473,-1.6586541,-3.7207794,-3.7887957,-1.3319,1.8155164,3.4408505,2.1266406,-2.0486116,-2.0648332,-1.1076015,-0.15591604,-3.709233,-3.6339724,0.19342604,1.429217,-0.39792055,-3.1262133,2.7527006,2.8715835,0.09662083,0.76468194,-2.312636,0.66450447,-0.6895876,-0.5765319,-0.08773707,0.20024115,-1.6101034,-2.594739,-0.8213192,0.41625836,0.186786,0.29816496,-0.5739806,-0.6924124,1.0480907,-0.21858254,2.0438895,-0.80740905,-0.39016676,0.5120723,0.8984349,-0.081420824,-1.3504596,-1.1233089,-0.81631553,-1.9959095,0.9060845,-0.22972889,0.79931945,-0.12454188,-1.6299058,0.6753446,-0.6993973,0.969762,-0.27507463,-0.9107601,-0.75623596,1.7744515
LRRC25,-16.564096,-18.801544,-1.0369309,12.024495,1.0685407,-7.7376947,6.7305894,-7.6097307,-1.3163549,-5.9159846,2.940172,-5.2395134,1.1372318,-3.6819434,-1.0647986,5.3621974,1.7962353,-3.1199358,1.5573729,-3.1697218,0.97766626,3.2369406,0.052985225,-1.4291345,-4.0246716,-4.054955,-3.339472,0.54473734,-1.2714763,-2.1163578,1.1467007,-7.7262115,1.3632107,0.05889789,2.4150167,3.6499248,1.6629276,-2.5131876,3.9592402,7.3344135,2.6054254,-2.361889,2.4406757,-1.9585588,-4.009571,-3.811793,0.06580529,1.2041891,-1.204181,2.4237204,1.5823815,-1.2131261,-0.86941683,-2.2806828,5.2251263,-0.05664883,1.2389303,-0.31968558,-4.2494583,-3.9546244,-2.062555,2.1921465,0.62822187,1.1106391,1.6854987,-1.093465,0.311222,-1.3813773,1.5874189,-0.41860503
LSM12,-1.4269706,-7.701742,9.321944,-10.073973,0.84946394,-2.1681402,4.9192004,-3.6489682,-1.5141594,-1.4039875,-3.3131254,12.001707,-9.363793,-1.1239852,4.673672,-6.208874,2.3877034,-2.149318,2.9754877,-14.205088,-1.6968044,1.1260982,7.6377378,3.1209714,6.0892053,5.861478,3.2533975,-0.92575157,1.8085922,0.36286274,-2.7715085,-0.63217396,4.974583,-4.9114556,-7.476357,-4.3113747,6.0715213,4.970899,7.9923368,-2.7497027,0.23300186,1.0120834,4.6787024,0.44793394,-0.7220004,-4.308969,1.085473,-1.167808,1.21018,-0.82842696,0.37135747,1.4679419,2.7364743,-4.401429,-2.287863,1.5063404,-6.348722,0.03573918,0.5657789,2.2556467,-1.6119502,1.0457878,-4.670814,2.0741088,-8.22924,-0.18936417,0.9079272,-3.8242054,-3.334447,3.354095
LTB4R,-7.2239447,-6.1615186,2.2166178,16.199186,-7.596518,-5.9236484,-12.139551,5.871513,4.4773803,-6.7642717,-2.9548593,-1.0209998,-7.491116,7.77733,-2.2198548,-3.2043812,-9.466143,0.7408555,10.681329,-1.0034134,7.1335354,-2.4731283,-10.124497,-1.7846164,2.2980382,-2.5430534,-2.375539,-8.285396,-0.99051714,3.7529082,6.4746566,6.0470076,2.7070134,3.902924,1.6584196,-3.0625458,-3.1942365,-0.64162654,2.0865097,0.456905,-2.7583835,3.844597,-8.117544,1.0489632,0.88380194,-0.5866252,0.7707018,1.3482978,0.7006844,1.0415108,2.8443084,-4.9206843,-0.6361566,2.8084943,-6.1765237,2.0098412,0.97096974,0.8153072,0.67221546,-0.35033202,0.04940856,1.6762693,-0.29953125,1.4578936,-0.4047243,0.22667578,-1.3054366,2.6077285,1.0184457,1.5352567
LZTS1,8.887771,5.0891523,9.16799,22.392258,-1.3360927,-3.6135662,-10.170507,-0.09696213,2.3217208,-8.290232,-6.213261,-2.5938647,-11.010993,9.079532,0.53578895,-4.9556932,-4.703208,-5.046217,3.5721262,-4.408134,3.7893724,1.0488589,-9.732831,0.5294413,-2.4395237,-1.2148515,2.0393174,-5.9208474,-0.50631505,4.192605,-1.6702303,4.976855,-2.854223,-2.2266254,-2.1915379,-1.941532,1.4910879,1.6381207,1.8651724,0.38123086,-1.8266395,1.0323546,0.60846317,-1.1499738,-0.2630769,-0.3886895,-3.9342463,-1.0167451,0.49285614,1.7810999,-2.495592,1.6561079,-0.62255365,-0.8719996,-0.6445776,0.8556167,1.3078846,-1.5733874,0.8336934,-0.96250886,1.143669,-2.966837,5.6946034,2.4338198,-2.4141746,0.021104002,0.1555277,1.5502188,0.19099978,1.7989006
MALT1,45.435387,3.2036085,-6.3973002,-16.386206,-1.913986,-3.7335978,9.670532,0.054866534,-2.3284862,10.934513,-14.8293085,8.972196,1.0780278,-6.9877777,6.0105276,1.7924496,10.556757,-1.872224,1.0623444,-2.8597722,0.71003413,6.491898,-2.0340464,-8.189264,3.3662345,-5.437347,-0.96463114,4.198181,4.9570007,-2.9556017,4.907175,6.5132556,5.001691,-2.1163757,-4.834949,-4.5241017,4.40195,3.7268665,0.24518003,-3.9134963,-1.268752,1.1626639,-1.7687606e-05,0.13541287,-1.2779357,3.3826022,1.0542455,2.0970175,-0.7662461,-1.6149634,-3.4037027,-2.9033825,2.2767396,2.1620257,0.90618765,-2.087396,1.1397245,-1.8114787,-1.6166837,0.08478694,2.2756135,-0.5697271,1.6492074,-3.445,0.11724749,0.8085475,-4.3345547,-2.1845837,-3.633529,4.115569
MAP3K5,4.266934,7.7849975,-1.288402,-1.8943392,-2.6713605,6.506443,7.659341,-9.279547,8.232575,3.0651324,-5.4275174,-2.0714376,1.9019929,-3.17126,-1.8477162,-3.4670198,-0.5727258,-0.51258147,-2.4045815,-9.186667,2.18603,4.3524156,-4.6123962,1.1441514,5.9880958,2.0247107,4.776001,5.6776714,-0.31763,0.325788,2.685177,-1.6016276,0.66006565,1.8178537,4.467453,1.4677805,1.3606019,0.25458992,1.2094183,-0.5052248,-5.2403555,0.22748943,0.74624497,5.318046,-2.5644467,-0.057075147,-1.664648,2.1156652,-0.8281132,1.2033708,-1.5628458,0.07124828,-0.40534672,0.368029,2.5499287,2.0078654,0.23381408,2.2229536,-0.77700883,0.34614286,-5.01827,1.9303719,-2.043791,1.4779409,5.031987,3.1691341,-1.563593,-3.891867,2.6741312,1.5883478
MAU2,-19.31965,9.620491,16.993147,-5.67055,-4.8170314,13.554329,-6.62368,-10.90563,-5.5123367,-3.5534334,4.6096077,6.480096,-8.224793,-5.731663,-0.9848599,-5.6444774,7.383926,-1.3747507,0.43145403,1.2402335,1.556781,-1.1627171,4.125475,-0.38122725,-3.1243002,3.4242642,0.6015466,0.16515966,-1.4082202,6.48262,7.8992352,-4.6532264,-2.7041583,0.59184694,-2.1133986,-1.6079187,3.5263407,-1.0201701,2.0300207,-2.1408327,8.445817,3.9348433,0.3759365,-2.0601857,1.389389,1.370763,1.6337609,0.7770239,5.087049,-1.1729909,1.1032324,0.16685136,-1.9896581,-0.17679392,1.0107837,2.0528088,0.13038968,0.32215005,1.115794,4.5924845,-0.964346,4.2688174,-3.6207561,-3.7013342,1.2124984,-0.1395595,-1.7639495,-1.2449952,-0.683631,1.5586097
MAX,37.88555,26.414495,22.93381,-12.124772,-5.831549,5.2926865,6.878686,0.7102687,6.269779,6.3608594,-9.110727,-9.537933,-3.9228363,-1.5305566,-12.011704,6.8412604,-7.9536543,-0.5670029,-7.82519,-1.0009962,2.1943898,-1.2171106,5.4749427,-3.462758,-0.8235169,-10.996735,-7.790919,-0.52184,-5.2491474,-1.8625326,1.0384785,10.690114,6.3369493,-2.2352157,-2.5741098,3.1466918,-5.265764,2.572381,-3.196923,2.8382955,1.6339084,-1.5469929,-3.806711,-2.7573307,0.98280525,0.09913544,0.667577,1.5082726,-1.9728054,-0.37305564,5.1118383,-4.4367146,-4.0154657,-1.5036168,-3.3815324,3.835686,-2.2670863,2.1525183,2.7886078,-1.2128805,-2.843324,4.0882907,0.2408198,-0.7502387,-3.7680051,1.8806214,-0.022863235,1.9492745,-0.8701449,-0.6322161
MBD2,17.917688,9.304426,-2.8584926,3.0342498,-11.178495,-12.227197,0.27979767,9.703854,1.2881483,-1.8070447,6.1420846,5.1385503,8.01995,8.437587,-5.527074,-4.3580637,0.9425165,10.193723,0.70089686,-0.64685214,0.20823619,-6.3819637,5.090028,-4.1262164,-6.4870725,2.834602,-4.324573,4.2576284,7.9537163,-0.69653535,-4.1032114,-0.24984647,-1.8999857,7.9982133,2.3146176,-0.5364728,6.368881,2.9254956,7.2869034,-3.2768877,-0.39256677,4.966441,-4.8643284,-4.974143,-4.0207677,-5.1092796,4.589807,3.368985,-3.20044,-0.029858548,5.532667,-1.2608541,-3.3016863,2.2150598,-0.5182303,2.0839014,-0.27149907,2.6272454,-6.0521445,-3.0770767,2.0598044,-0.75051594,-0.49988508,4.699322,5.72964,-2.141825,1.0982779,-2.9013355,-2.0620499,1.0440253
MBD5,64.09502,-4.606435,-11.958641,-10.849586,-3.6715071,-5.3936133,-1.0787687,-3.83475,-5.268031,-5.8106117,-3.6823297,-2.1182296,0.27480265,2.8650417,-1.5259448,4.663629,-3.1197808,-2.5991209,-3.1074808,4.155638,-3.4458702,1.384333,-2.5329516,-1.1760595,-0.28399596,3.9614506,-2.8760164,-1.7970282,2.5039032,2.9907124,0.17927489,-0.21070911,-1.5907899,0.9193476,-0.37423038,2.7841017,-2.3727841,2.9956083,1.2566667,3.145878,-1.3332412,-1.5267495,0.13439798,-1.6871392,0.07923028,-1.7751123,-1.4012655,-2.8798258,0.5329213,2.559935,-0.19267705,-0.03667165,-2.5029848,2.4795833,-0.29121572,1.0446367,1.3404318,-0.52539366,-0.72976595,-3.1098728,0.83303106,1.2974371,-1.5332787,-0.1808313,-1.0756344,-0.09146041,0.35526586,-2.6284552,-3.0193326,-2.2706614
MBIP,-16.302092,10.052569,-2.8067892,3.8688226,-8.047373,10.839313,-1.8460623,-3.0899904,3.2663267,8.289505,2.4607687,3.7978609,1.3900934,-0.90808564,-2.6418447,-2.747512,-0.43849915,1.6157404,5.5151916,-0.9814774,-3.5990465,2.7506099,3.0418665,5.4576316,4.008472,-0.5733351,4.301755,-0.3101449,-0.805182,2.3357224,-1.3515614,0.31019402,-0.4923103,0.20008942,1.0316049,0.33519527,2.7150137,-5.1524734,1.0359535,-0.58950067,-3.73091,3.6226695,-0.9818821,-1.8423529,-0.16729525,3.0520256,-1.144172,1.1267645,-0.8972621,-2.171739,1.2136555,-0.54809505,-2.0640972,1.39702,0.35085526,-1.6773794,-0.2441508,-2.342714,-1.2043734,0.12851478,-1.441853,-2.4309418,1.3273414,-0.15655272,-0.6206489,-0.59382826,0.14791088,2.7210257,1.9458293,1.6137197
MBTPS1,-32.332462,-30.42766,-12.477851,4.360832,-0.7528746,8.713239,1.2043282,-0.11676509,-7.8226023,6.1361074,-0.26222375,-6.3356786,3.4393158,4.2874413,0.22126925,4.9634,-3.3575277,1.1915722,-4.6709175,5.2248077,-1.8864442,-1.2942768,1.6777722,-0.84498054,-5.1056957,0.9084848,2.6123314,2.0739071,-0.8209709,0.14028957,-0.27744213,-0.054385424,0.6166909,-4.2517724,0.7023072,3.7750587,-4.7339044,0.5342103,-0.2874925,-0.24845457,0.61607414,-4.507913,-0.9543967,6.937106,-3.1607933,0.7480028,2.4221768,-2.3288121,-1.1839808,-1.7797989,6.8505406,0.03408154,-4.157215,-3.4066396,-2.3301141,6.127178,-1.3464248,0.7675078,4.2038193,-0.31575102,1.9382484,2.2348788,-1.0777466,-1.5181944,0.9462001,-3.7501352,3.441833,-2.1461995,1.7104614,0.037676457
MCM8,-1.4113035,15.80716,1.219499,1.1200286,-4.8633375,-0.03026742,0.5081853,0.37175855,3.1594806,1.4099897,-4.6166067,13.461066,-0.9053586,-1.9134357,7.0205445,5.0470767,0.3175442,-1.4214166,1.7876016,4.9650693,1.8765342,-2.463463,-2.372612,-0.30673525,2.1342287,-0.15872489,-2.6515121,1.2095754,-0.15216261,-0.75289327,-1.4575444,3.8428288,-5.9486594,-1.7796506,-5.3425546,4.1194396,-1.0582877,0.17063698,0.7558676,-3.6464872,0.21064398,-3.272953,-0.17203109,-0.9022364,-1.1110426,-0.25429624,0.74268377,2.2496066,-1.970685,4.507708,-0.41971418,-3.8762977,-1.0492127,1.2241837,0.71576196,0.6232713,2.0350127,0.32801062,-0.6639974,-0.5919964,-1.0078405,2.1338074,0.50427604,-0.5778908,-0.43405667,-1.3979273,-0.7130514,6.2058034,-1.5612053,0.69529706
MCTS1,-7.00229,15.086537,-1.3710104,20.670567,-14.71761,-13.586968,4.594465,-8.27403,12.9539175,-3.4329722,-8.610835,0.5864435,5.485948,-11.327415,-2.2523155,-7.759932,4.484561,0.15600044,-5.404468,3.8418949,1.8856686,-6.706292,4.544441,6.2100935,-11.034882,4.8765225,-4.175031,-10.63843,3.8139248,-3.953909,10.802508,-4.629995,-2.182572,-5.2947135,8.26721,1.6318835,0.66237146,-2.84451,-3.0280511,-0.026814701,-2.035883,-1.4799092,1.4084632,2.5652978,-1.323328,-7.3073125,3.824222,-0.8888478,-3.3003693,-5.092644,-8.903698,-3.3538952,5.181493,-5.655776,-5.097551,4.491975,2.2835436,5.4527426,1.483178,-3.1646292,2.1537058,-2.3878706,1.8156178,-5.725525,-3.1150753,4.952845,-5.691409,-4.789849,3.759995,0.6919689
MEAF6,-13.695565,-13.642073,15.712684,3.7313752,5.4246936,-13.063056,9.3532295,5.482999,10.237552,6.7713876,14.089053,4.210109,-13.621776,1.4127728,-0.58223027,-3.6738818,-5.4487405,-11.028959,-6.7360272,-2.2330854,1.0124371,-1.8027053,-0.8089853,8.145154,2.4770446,3.1445441,-1.9455932,2.2744687,6.7924476,1.3897902,-2.1072142,-1.3976982,-2.6204665,1.0854272,3.6646874,-6.1409974,-0.61533743,-0.8784198,-2.6505678,3.8062701,2.445901,4.253503,5.0757685,0.5458261,-1.1130737,2.6122882,4.445095,3.2903266,1.5305718,-1.5607908,-2.9534354,3.769229,-2.7558572,3.5462358,2.8559465,-1.8240782,-1.5602071,0.6886391,-0.4521771,2.7066805,2.885212,-1.1640347,-0.67256457,-1.6161921,-0.75769365,1.1360023,-0.92098725,-2.4093037,-0.8503974,-2.0852423
MED1,7.8722715,16.765696,3.1724083,22.919495,-1.8912246,13.735218,-8.428736,-3.0448353,0.9998356,5.0076094,-2.6546857,-14.057559,-3.5836463,-4.5697007,1.91923,-3.336898,3.0183792,-1.6587318,-3.7667756,-8.122966,-6.2808905,-0.2787406,1.9219327,-1.8125331,2.1523805,-7.2888846,4.614982,2.7444057,-2.3439136,-1.7402602,-2.5841084,0.25971743,-4.864553,-0.597624,5.7269607,-0.99825054,-0.32455227,1.6651353,0.013803821,-3.0175915,5.909227,-0.19896396,3.9322722,0.6819774,0.15051377,-3.7646585,-0.8303297,3.65816,6.868102,0.38707578,-1.1886529,-3.2262316,0.5392985,3.0202117,2.2585068,2.6291175,-0.5640478,-1.7926722,4.016647,0.09021267,2.9510684,0.9278101,-0.9477384,-0.046063494,-1.2848678,-1.5776676,-0.28120136,-2.1941097,-0.6650296,3.1560585
MED12,77.943695,50.818527,12.986693,56.11216,5.166384,26.944082,0.18626451,-12.655749,-12.705635,2.2222245,0.9195269,-22.746532,1.2171413,3.9677339,0.7377277,-4.7628827,5.885681,0.39030227,-1.0305145,-5.7046385,8.415974,2.859407,-10.477445,-7.6465592,0.805978,5.992995,9.301183,2.8988025,6.132348,7.1331983,-6.480831,-1.9742289,-10.324371,5.9854445,-6.673478,4.5446506,3.6716897,-2.7654247,5.0158615,0.29206124,-3.7066233,-0.7429311,5.333346,-9.676264,-0.09478608,8.493678,-2.5327308,-0.60414076,-0.83579046,0.39441058,-6.209567,7.409911,-1.4114392,1.5543972,4.6526217,3.0114317,-3.8465328,2.0208066,1.7715304,1.3629602,-3.74041,2.1129377,5.528314,-3.3954144,1.3830757,-1.1426992,-3.8699224,-2.8902948,1.2048577,1.9764543
MED13,15.331457,8.59234,3.4454966,20.972898,-1.0013314,6.632384,-3.5855742,-0.049178336,-3.546524,7.7962947,-5.0425243,-5.436613,-1.2320608,0.6511206,-3.7769709,0.7210037,-3.7632751,-0.5431677,-0.8214613,-5.97407,1.9042186,7.072965,-6.1898456,-1.1524706,1.3757553,2.5498636,3.1040764,3.8018413,-2.9375763,0.7164953,0.9836094,-1.1976426,-5.1463423,-1.9718784,-2.4664218,4.0233736,-1.1824229,-0.79394644,-2.3476212,0.13182409,-1.37337,-1.5752236,2.5997639,1.0040053,-1.2789866,2.243922,-3.5399039,-1.1098211,1.8700613,0.043206252,-1.3981882,1.3402191,-4.610994,-0.79747653,4.9206743,-0.774509,3.1748464,0.42442358,-0.2078159,2.5987525,-0.95398873,-0.19734642,1.0946088,-0.51587045,-2.5499902,2.2209413,-0.38092983,-1.9421141,1.6323748,0.66865915
MED14,13.268965,13.831647,0.14318278,11.618002,-0.71730566,5.6333814,0.19309102,-1.9404237,-6.085339,1.0041068,-8.430199,-9.713911,-2.97373,-3.2835774,-1.6962975,-2.624332,3.6302104,2.244244,-1.6873122,-0.7419426,-4.0585546,-0.6007888,-2.1087018e-05,1.460815,2.3282957,-0.07224146,0.8954147,1.3888217,-0.12171318,4.832768,-1.5676494,4.1059613,-0.48906994,1.1045579,1.3658384,0.3365513,-0.48410517,4.8089037,-0.77218634,-1.1299101,2.7669969,-0.0886124,1.0969516,0.23715153,-0.964926,-2.3753264,-0.9968944,1.5495676,3.9954965,2.4540708,3.6315114,-1.1613098,0.29294723,1.9411732,-0.36242935,4.2901225,-0.110737465,2.131169,0.26389283,-2.3500369,0.83715475,2.3053281,0.36658335,-3.352773,0.26211804,-0.30532587,-0.5193926,-2.40521,-0.7361698,0.011304656
MED15,-16.396486,34.825455,-14.449712,24.296755,-25.552237,-9.460536,-15.249068,-7.3180695,3.1124868,7.514573,-7.5692334,3.8708172,3.8999827,3.8733642,7.0541935,4.016304,2.8663578,-3.844009,-13.910202,-11.04492,-2.349715,-0.31726065,-1.7824191,-3.3129404,-0.9908778,-0.77434343,6.0740623,-4.6681376,-1.7760187,6.805008,-4.845432,-5.8578343,-1.3076668,-1.3898089,-5.175673,3.7841227,3.6923132,-0.8828479,-2.1300564,-0.026064139,-0.596536,-8.473906,3.2326503,5.4242,-1.3479378,1.9497232,-1.0715966,-0.9459697,-1.0915531,5.7226005,1.3226318,-0.75704736,-1.4262117,-0.8608921,2.6398957,0.862411,0.30203378,-2.7426033,0.90756613,-0.72572696,3.420214,-3.5258136,1.4786049,-1.8664991,-1.7103415,-2.4431505,2.2076356,-1.344657,2.105917,-1.9957068
MED19,62.71723,46.046062,17.612173,32.68693,-3.8775065,7.8649826,-10.884367,2.7458,4.07992,11.153983,-9.662768,-17.933777,1.0794199,1.791265,2.6480944,-5.051181,-1.3725945,5.4102592,-8.968469,-11.348794,-4.849823,1.7172874,-4.785823,1.341433,4.2688427,-3.7402277,-1.1498605,0.59666884,-1.238231,8.921118,-3.913712,-3.0084374,-3.9962935,-1.7789427,-0.7952323,2.6694214,0.9821644,2.8196669,-2.1255555,-1.407298,2.0579948,-3.1111948,3.5581338,2.408495,-0.38118577,-0.5213569,1.5031619,-1.8322914,5.4293294,2.8418958,2.1919448,0.31330445,-3.1784742,0.4873839,-1.7215635,-0.66067004,-2.0123196,-5.0999064,1.5137366,-0.8815152,4.823701,-0.47689202,-3.7117207,-0.80621535,-0.5806583,0.24840792,2.5560794,-3.08389,-0.4479419,-2.9653754
MED23,9.93029,-6.0452895,-20.9114,17.261559,-11.521322,-11.051954,-1.1825461,2.5528774,11.470809,2.9171846,-15.381351,-22.344313,-0.13541067,-0.17254843,1.9720273,2.3698907,-7.2756553,8.228102,-4.383001,-9.573669,3.633348,7.2699018,2.0279844,-0.8300418,-3.2058644,6.9519,3.7498467,-0.8302923,-1.2223653,2.6571512,-4.7974806,3.114028,0.35257816,0.7260119,-1.552086,1.820442,-4.0202127,1.6734385,0.71738887,-3.6815035,-0.3210438,-3.6029155,0.17267321,6.88299,3.2292352,-2.9008434,-3.5441563,-2.4291818,-5.947318,-5.6064415,3.916875,-0.16457781,0.8723693,1.8029095,2.7869644,0.34911233,0.8125928,-1.6845591,-0.52377015,-0.6049282,4.028003,2.2114863,-0.5150321,4.0631547,-2.4890962,-1.6548405,-0.3009717,3.4190245,2.36046,-1.8490552
MED24,-4.761583,31.444668,-0.30245274,29.57634,-25.461985,-2.5211694,-5.393361,-12.990167,24.847593,9.372083,-17.354546,-34.293552,-14.379649,5.0512094,4.130018,-9.889421,-5.36876,-2.2906182,-13.245266,-8.185274,0.41458786,9.835441,10.665475,0.34304878,-19.462635,2.9630034,4.8318286,-11.176808,9.039256,3.615912,-6.469541,11.151389,-7.084861,-2.1011033,-12.472664,-2.7670016,-8.944135,5.2155547,0.8468801,-11.166291,10.008887,-3.2895982,0.63353056,-4.8118043,6.4313326,0.8356334,-6.2923636,-4.581445,2.9804816,-11.668511,3.7185342,-0.59501565,-3.7519746,1.7883343,15.6616745,4.822673,5.5732822,-6.0000772,-3.4763753,-0.91617507,15.783694,8.862747,-4.860499,2.7684078,-0.58276814,-7.417207,-1.5238079,3.3689437,-1.029447,-1.7238419
MEN1,11.614343,-2.2380958,-1.1905293,12.553545,-9.709419,-24.457558,8.208124,25.795473,-7.218981,5.242287,16.396893,8.777129,-13.69003,-5.3713956,-6.551334,1.3305044,-0.10050468,2.918564,-8.37475,4.576794,-14.614945,2.603927,-4.427566,6.7536826,-4.4290447,1.2592634,2.4456573,-8.342822,11.110419,-0.56504303,0.069511555,0.60803425,-0.3268988,6.1917357,2.970302,-3.0307682,-0.7664079,-3.9175951,3.2739074,2.2394745,0.67946637,4.032099,3.4140444,-1.7770425,-2.9958637,-0.51220536,0.6221924,7.300546,-6.651365,1.2599237,2.0810935,3.3022344,-1.0081469,-9.110261,4.5061426,-4.2912097,0.478041,-4.903525,1.59565,-0.47755364,1.9957957,-1.3976595,-4.914545,-0.7863559,2.814467,0.37374368,-1.6965019,-1.1623406,-0.7673313,-1.4026185
MEST,16.717846,16.300306,10.960908,21.724592,1.3020416,8.58879,-8.907137,-6.4755487,-5.9630804,4.5927353,-7.2930346,-8.695537,1.6292562,1.4997374,0.9508984,2.0419002,-3.168951,0.38680214,-3.7650309,0.871614,5.9955783,4.8570704,-8.430204,-5.156086,-1.1217302,4.964956,2.0996726,1.0390137,-0.46148872,7.0988235,-2.2219055,-0.89955354,-4.4422035,-3.0542982,-6.655889,0.17976096,-1.2993628,-2.4075048,-1.5162783,4.201111,0.44422528,-2.4673724,3.156894,-3.215365,-1.1554754,4.3764744,0.80592084,-3.2394075,-2.707971,1.757098,-1.1661552,2.2006893,-1.9235957,-2.4339972,0.7309492,1.6250093,-1.032857,-0.33001804,-2.9034703,-0.64275074,-0.62596893,-3.1929128,3.0732582,-1.8618883,-0.5091436,-0.746671,-1.2952402,0.2884578,-1.9339952,1.3467712
METAP2,-18.933865,8.536416,-3.5589588,-2.836409,-5.481142,1.1053271,8.7902,-3.9734838,-1.1839116,-2.717138,-4.769569,1.2283486,3.7709172,-0.6852149,-0.3328454,-7.149328,-2.0425076,2.872082,0.95136845,-4.6209593,-2.781737,5.38495,-3.0529087,2.0477016,-2.7971778,-1.31822,-0.48944324,1.0385945,-4.2393327,-1.3877525,-0.85768837,0.3291117,-3.0564332,3.536419,-1.7246084,-0.8350807,1.307221,-3.6181507,4.6034174,-0.16702497,3.9462414,-0.09359248,8.895679,-2.5558167,-0.34990233,-0.9579925,-2.384147,-2.1821196,-0.2489276,0.17860372,2.4794183,-0.93419755,3.627851,6.4790645,-3.136474,-0.6987677,5.2286386,-1.7834543,4.6301174,-0.32985237,-0.36382726,3.0433946,-3.6773605,3.4276412,-4.5239778,4.434199,0.911146,1.4437233,3.3933046,-0.7043542
METTL1,-7.9132366,19.740929,-12.483941,6.6487117,-8.341369,8.617224,19.534348,18.418419,4.717155,-0.6431598,7.858458,9.289813,9.229392,-9.118947,24.052877,3.9278545,-7.270101,-6.740821,-0.68095,6.722746,0.3456602,-4.4512525,-6.670847,4.2579584,-1.865231,5.7935066,-1.4723049,-0.25440332,-1.2770617,2.4045944,1.2367505,4.0275035,-14.980831,-1.2423292,0.72929126,3.8892472,-3.629935,-4.4676466,1.5377926,-0.7416686,1.1240158,-1.9580258,3.1631095,-0.7471908,1.2757212,0.36939725,-7.518633,2.4751053,-0.50965834,5.088903,3.499115,-8.255427,-2.8594172,-1.5927938,0.4886996,-3.3748891,2.7052267,0.39068758,-2.416556,-0.9017699,-3.3313982,-0.82404643,-1.2452245,-2.7875233,-3.218986,-1.5371412,-0.048211258,3.15631,-5.90834,1.4089253
MGA,-15.890874,-9.656427,0.3025612,7.006653,2.4000728,-4.98736,2.253187,5.674914,2.1207776,2.0595806,-1.8005071,-1.7517694,3.7697654,-2.746576,-5.3767357,8.677061,-6.0478454,1.7637862,-2.4280045,0.51024747,-4.022255,-3.2620642,2.050503,1.5578474,-0.7041073,1.640282,3.8456194,-0.7361728,-5.4346266,-0.21495646,-2.222799,-4.407231,-2.1500213,0.6597411,-2.0453212,-0.9677995,1.437249,2.164586,-3.435644,3.4557095,-3.381929,-1.3138323,-2.1503985,-0.55483484,4.259684,-4.178178,1.8104752,3.0876396,3.8324964,-3.2957509,1.2599288,-1.9119512,-0.36473176,-1.1144868,-1.3458576,1.261155,-0.8165078,-0.31433117,-0.113548584,-0.40966552,0.5981505,0.7328524,3.113567,-1.3502116,-0.8257926,-1.293333,-0.90290666,2.9795048,-1.3079449,-0.9286189
MIOS,4.485382,3.410321,10.493285,0.8198929,1.0263021,-4.5541034,9.5722,2.161832,6.3667774,-4.402783,-5.5722904,-5.3384295,-0.043067623,3.5485299,0.27227253,-1.60152,-4.4556093,0.5153944,6.4088273,5.7416706,-0.51758623,-5.296551,7.6534815,-0.18540075,-2.1009104,-8.521672,7.041893,9.464453,-0.45642972,10.169487,2.9329088,-7.3934274,-2.8507087,-0.58270967,-1.4852974,-5.162284,-2.9615376,-3.977801,2.1314328,-2.8714015,4.042099,-0.4896445,-3.21906,1.4904832,-4.7289033,2.1233034,0.835931,1.9665065,0.2393179,0.74584436,4.5620246,2.6936321,5.422917,6.6678596,-1.2871777,0.36183715,-1.0245138,-6.2490053,0.05657767,1.1685264,0.85025287,0.3151017,-1.2048684,1.9271468,0.80982625,1.6229854,-1.6362269,-0.40741292,1.9654474,1.9800042
MIPEP,-8.2515545,14.739056,-21.299541,-7.586891,21.60602,-4.914061,-3.703514,3.3648946,0.09962669,0.14224243,-4.961822,4.22279,-2.4200618,-3.9727974,-0.12359442,1.5494657,-1.8167568,1.4274321,-1.5922338,1.6201577,-3.578365,-1.1235942,-5.9310923,-1.6777428,2.611631,3.6045167,-0.060434707,-3.1278956,1.5333686,-0.31733963,2.4968386,0.24060644,-1.5269865,1.7691742,0.4588947,-1.2355917,-0.09183305,0.45011485,-2.6064014,1.2261246,0.76284426,0.7792254,2.1464465,0.5465941,0.6034566,0.8580903,-2.5336502,-3.4218194,1.3852768,1.7069801,-1.4526483,0.79169023,1.4225026,0.7860318,0.5086717,0.23491445,0.12932687,2.3179417,-0.5873291,0.23819663,0.03715637,0.8752533,1.5179274,0.14351177,-3.4312167,-0.48942745,-0.6177739,0.98766917,-2.511088,-0.42120653
MLST8,-15.964717,-24.0844,-1.145557,9.830698,-8.08201,7.392241,-15.316424,-5.209355,9.201869,1.7671772,-4.2827015,7.7518587,6.5927544,-3.1579742,1.3917572,7.6243916,5.365945,-0.59484136,-3.3071454,4.7576523,-1.792959,-4.619727,1.7029548,-8.660314,1.2947185,-2.6644387,2.6009457,0.10794929,-1.7800927,-4.443795,2.9273252,0.93086684,0.31026193,2.2085927,-1.0656027,-2.607997,-0.9859891,2.873386,2.4359095,-2.8982637,1.3647504,-3.05364,4.6870284,0.17962022,-2.180057,0.109937266,1.3275787,3.2444556,1.0611283,-0.20963842,4.290461,3.2459,-0.22066265,-4.3296275,1.7182882,-1.9393338,3.210088,-2.120618,-2.9977646,-2.3218977,-1.9210252,0.42222443,0.5848391,-3.9519517,-1.3301593,-2.1255298,-1.9631822,-3.6618323,-0.4382891,0.9124586
MMAB,8.390603,-2.7621038,-4.3972535,-10.195962,-5.0460887,-8.7049675,-6.2555475,-5.062825,2.955917,-2.789548,7.181493,14.266242,12.082894,-5.3569517,5.0546665,-6.2958126,6.8406687,1.3197281,0.5786327,-5.0598354,3.7037556,0.47859788,0.4162695,-2.3556128,-3.8325188,-0.18362038,-3.361102,-0.03883952,0.49429423,7.7468524,4.089436,2.3646917,-0.45466352,-1.6064777,-4.0529385,-1.1085242,0.9864014,-1.9755603,5.8615217,3.4227986,0.35496593,5.7409434,1.3639783,-2.793948,1.128544,0.6836556,2.3765724,-2.1715944,2.7136114,-5.229888,-0.5265854,-0.6847144,-1.8380406,-0.8227691,6.568593,1.1333876,-0.7854041,1.2949494,4.4252677,0.013577122,-3.4195433,-1.3481827,2.3024259,2.0704322,0.51304895,-1.528743,-0.08703843,2.1255302,1.459953,-0.70998377
MORC2,-23.51457,-10.944489,-24.54806,19.414436,-8.171461,-1.6947917,-4.2775435,-2.0023172,-5.2759585,-1.6699303,5.7435007,0.95585155,-5.0471396,2.3417969,-0.3582446,1.6516347,3.2551537,3.0534248,-2.5805638,-0.09193099,1.3388454,-1.2557786,-0.29307735,-7.649993,0.78711766,2.7540355,-1.4602647,-0.4659958,-5.1325574,3.2784731,3.0262806,-1.8290777,-2.2501566,-0.56337684,6.7042766,-0.99319077,0.0053139897,0.85804665,2.968388,-1.6048034,3.7345872,-4.2164035,-0.17050599,-1.1135845,-1.68145,-4.2095532,1.3334165,1.4472481,3.2915676,0.14648904,-1.1421767,-1.9732398,0.057519604,-4.4496503,2.9559622,0.71932805,3.5272381,3.2917142,3.9670718,0.044256173,-0.039539676,-3.8148687,-0.59487677,-3.499057,-1.6068478,-2.992887,3.9389973,-0.45197642,0.16158871,5.7659855
MOSPD2,41.176537,12.586707,18.603157,21.027855,0.019670533,-11.489561,-6.6944923,-3.4958482,3.0478864,-6.490696,-6.0706434,-3.970288,-4.248035,-3.2467852,-0.80820614,2.1972382,-1.6621768,-1.996631,3.5500607,-2.2677705,4.321256,2.7238097,-3.2964463,-9.124931,-2.4028018,-2.598151,-3.742669,4.102565,4.00362,2.8962755,-2.7566338,-2.1887567,-2.2043998,1.6834465,-3.8921232,0.69866824,-0.08307454,-0.075416915,-0.9422074,-2.280992,-3.2178588,-3.0179503,0.37464607,-1.6454254,0.6651564,5.3839636,5.1676345,2.8752227,-2.266329,1.6054547,1.5238445,1.2762623,0.9979986,-3.9324706,-5.1881332,-1.7782456,-1.3759527,1.6688491,-0.4924934,0.90309817,-1.1501583,0.22790459,1.1095088,2.0140622,-1.9723002,-1.4561732,2.2635634,2.1938875,-1.7962345,-1.9237207
MOV10,2.8666286,-18.320723,35.99543,-0.0015268029,1.6051546,-4.569688,-13.953398,2.0497997,1.4531006,-5.7655287,5.47317,-5.274038,-9.98751,6.235261,5.575471,1.2764131,-2.5323153,-9.31337,5.602705,-0.17772067,2.1698434,-3.3498576,-5.6309247,0.116398595,-0.55878854,-8.101472,0.76739067,1.594603,1.8085123,2.1824582,3.1227415,1.8960582,1.0008092,0.52726305,3.2754822,3.27406,6.6984906,2.3649828,-3.7002609,1.1809108,-2.3088744,0.88884735,-1.6248077,-0.11199046,-2.3133905,3.2250934,-1.0022755,-0.37897417,-5.783113,0.21801397,-1.3280556,-0.7458319,-2.0112123,0.37366062,1.8644884,-4.033389,0.97132415,-0.4329784,-3.480517,-1.2745845,1.7214928,-4.100308,0.5018248,3.4541488,-0.22791852,-2.3114586,-1.0669073,1.8822544,0.12550102,-2.687228
MPI,23.844158,15.265096,-16.660738,6.1468215,-10.628838,46.527588,31.138786,26.020695,20.646503,-29.332531,-14.056015,22.079039,-16.182955,12.226946,8.690178,0.539617,7.866824,-2.7311518,1.5482718,-4.40393,6.1191525,-4.8962383,1.2477221,-4.1069407,-7.4936,-3.867866,-8.851837,8.482248,-7.3115153,1.2476132,2.9733965,4.2408257,-7.2369432,1.6098875,-1.5045129,10.452956,0.33098736,-2.54671,5.467201,-4.2871127,2.3282802,0.33222252,0.4973111,-2.6821673,7.1326904,2.966642,-6.6070642,1.933375,0.36627075,0.0028440673,-2.0849993,0.5319269,5.079779,1.9664943,-1.3025968,-2.2809045,-2.394179,4.8911624,2.3376324,-5.083036,2.14336,-0.035469644,4.964852,-0.52089393,0.23121788,1.5845147,-1.7901357,-4.36258,0.46811515,0.56866217
MRC2,-3.5254023,4.6199055,-14.719262,10.921098,-3.2216096,2.0667357,5.9228673,-0.019948075,5.988589,3.7598865,0.15593623,0.3206151,-3.9017136,-3.1568794,-8.875796,-4.072292,4.5160704,2.3459125,7.89208,1.9730867,-3.6213489,-3.4977305,1.9146371,2.4309413,0.76024187,5.713091,5.130729,-4.0991955,-4.873164,-1.5938387,-4.685373,0.3157142,2.6726854,-2.9453368,3.2653506,6.515889,-1.318598,6.0830493,3.5671182,2.019688,1.7005867,-6.380719,-10.609686,-1.4573681,4.083638,4.182536,10.486576,0.42774257,3.4138174,2.6060255,-2.1512842,-2.916522,2.8714776,3.5087547,-0.28253335,-2.7301738,1.2806304,3.5571136,2.1265085,3.681168,-2.239858,-0.89044803,8.698246,-1.5849198,-0.81161064,0.5720406,4.5127296,-1.4253968,2.788136,-0.81749606
MRPL11,-10.679018,-2.7459102,-24.706814,-6.686866,23.424154,2.5694342,6.5367007,1.0743415,0.8459634,2.1003017,-2.6512563,-2.867786,-3.2662344,1.8725574,-2.335869,3.8078694,-2.4927132,-0.6614432,-0.33766857,3.6300766,3.1220775,2.8001797,-5.233081,-3.4694376,-0.8896733,-0.24368107,1.8286823,-0.23721257,-0.1019064,-3.3703876,-1.0939916,0.036273513,-1.2259063,-0.72331667,-0.3211512,0.4002534,-1.4067527,0.056584768,1.6518952,-0.057563983,0.15937085,2.4152756,-0.8515573,1.0508635,1.3896234,2.1510463,1.8121779,1.1584407,-0.8958367,-0.2280576,-2.8685312,-2.2460456,0.87339014,-2.290843,1.6765597,1.4438633,0.091000095,0.4310539,-0.22573645,0.8143926,2.9767678,-0.3094535,2.5397003,-1.0658343,-1.3136369,0.05236285,0.55179393,0.28424934,-1.7756802,1.6411262
MRPL16,-16.835926,6.2755575,-11.339133,-10.673499,20.819698,-1.438876,-2.6591063,6.2578344,0.8362592,-4.124676,3.4308715,-2.323739,-1.2617742,-0.4321718,-4.2382755,0.37532195,1.8043857,0.08093775,-1.7310326,-4.178557,0.72648513,-1.0826504,-1.3693981,-1.6747377,1.5763772,-0.52230895,-2.0077298,-2.5034094,-1.5292315,-0.802638,0.3051984,-0.47446597,0.5030519,-1.3936272,2.6845443,0.4806791,-1.9728347,-1.4029392,-0.18027878,-1.9432851,-1.6689492,-1.4191756,0.23432523,0.9195773,-2.6479619,-1.1336931,0.220379,-0.3835818,1.2130022,1.7014773,0.31736675,-0.19180223,-2.1028323,0.72728074,-0.87152064,1.1045012,-2.2455406,1.5363356,-0.9771702,1.281166,-0.1931651,1.2225755,-1.9024467,-0.8704874,-1.5444585,1.6856087,-1.2326776,1.2342604,-0.28845033,0.37445453
MRPL18,-13.608708,2.4773414,-13.706565,-8.310926,18.61604,2.6027339,4.377948,7.55792,-5.576137,8.939083,1.5969298,-0.13442709,-1.3210216,1.027841,-2.8185263,-4.354225,2.4472508,1.0276845,1.5917028,2.346163,2.9801357,-0.9092624,-3.1714392,2.428083,0.37697944,0.31325075,0.30197957,1.58105,3.089398,-2.028895,2.6593423,0.41980162,-1.9124787,1.1500939,-3.5396078,-1.7613523,2.3220801,1.0182666,0.11359795,2.5931604,2.6921024,2.433437,0.5263244,2.9078147,0.74336475,1.6222028,-3.981483,2.190719,0.63965005,1.1128608,-1.5324318,-0.57622206,1.12474,-1.0106245,0.9432499,-0.7402953,0.90721613,-0.17329107,-1.8399478,1.9691216,2.2865863,-0.57750064,0.60169977,1.9468132,-1.0989485,2.683776,0.95672697,-0.29214692,1.7324733,0.8730684
MRPL2,-13.010108,6.48429,-16.819155,-12.788078,26.012625,0.014199127,-8.771271,-0.05384035,-0.0044715246,-0.7492637,-2.03425,-4.0024447,-5.3427076,0.46579367,2.6727588,0.32950732,4.8386726,-1.2357299,1.1954747,2.5504737,2.205609,0.1293888,2.2626288,0.21065724,-2.9241612,-0.10414617,-0.75859225,-2.3043842,0.7249455,1.369695,-0.7658704,-1.2525275,0.38748932,-1.3604025,0.2949424,2.2205586,-0.23767984,-0.21122217,1.1122884,-0.9738199,-0.14362995,-1.0925837,1.0085759,0.052223995,-0.16818692,0.76654655,-0.14873248,-1.1769379,-1.9970284,0.56999856,-0.8722314,0.72935474,0.23480473,0.65089846,-1.3222028,-0.3277794,0.5693718,-0.3015684,-0.6895366,-0.10004007,1.0504296,0.36632818,0.30909497,-0.8807672,-1.0909665,0.6249158,1.0182619,-1.6849624,-1.6630824,-0.015197509
MRPL21,-5.8157525,9.796878,-8.492459,-12.466808,20.174042,2.866769,-9.660144,9.857831,0.3346992,4.923256,-2.1217477,-8.117698,0.5755575,-2.6521933,0.57494044,4.4539447,2.5141096,4.4154463,-1.0783892,-2.187559,-4.4691777,-1.7100172,1.5237719,-0.3397365,2.0134614,-0.14118347,0.3148367,-1.009514,1.435741,-1.1713763,-0.39664882,-1.9148905,2.1744344,-0.28259727,1.5972239,1.4793798,2.4679792,0.83737826,0.4506054,-0.22857262,-1.3842703,2.6059904,-0.90550715,0.16830109,-0.10145785,1.1356201,-1.8374847,-0.50932014,0.44356558,-2.197543,0.133861,-2.200201,1.9710207,-0.86192024,-1.2097235,0.7015245,1.8582214,0.26521555,-0.42895797,0.8631431,-0.65825,0.5185106,-1.2228719,-1.9160547,-1.8545192,-0.98773175,3.6464531,-1.9684912,-0.9623071,0.27011675
MRPL3,-12.2513075,7.1619005,-7.30167,-5.484228,20.524723,2.6893811,-3.5083945,3.383697,3.4837523,2.9680748,1.9898678,-4.8102036,-0.34539187,1.3722816,-2.2869985,3.781902,-1.3755351,-0.5803126,-1.9528303,0.41772476,-1.7389636,1.5223734,0.1354515,-0.41655466,0.8628826,-0.5595566,0.8792287,-3.090499,0.7033732,-3.4781506,0.23960052,-0.14888975,-0.6457565,-1.8702425,4.0316443,2.811481,1.4248197,-1.1145165,0.47639427,-1.8473465,-0.79629594,0.11814377,1.6318104,-0.6955535,-0.11268727,2.0694094,-0.5661906,-2.6904297,-2.080844,0.7103951,-1.0403913,-1.6675665,0.25555417,-3.2271235,1.9076374,0.94082963,-0.6563255,-0.10003522,1.074866,0.25071025,-0.74748516,-1.5838891,-1.1304219,-1.5428163,-0.4442887,0.6570359,0.8199464,1.0369457,0.33779636,0.07094408
MRPL37,-18.945177,14.312435,-10.059761,-8.899299,17.039919,4.3042283,-9.908995,0.93230176,3.261518,1.5200424,3.6618094,-3.3467245,-0.26391193,-2.4773085,2.4499369,1.4937586,0.36725286,1.67114,1.3113776,1.1994942,-3.5762606,-0.17319667,-0.9117082,-0.3251292,0.6812801,0.48715115,1.3724823,-2.1382132,-1.6567703,-0.13833162,2.2205498,-2.3589106,2.3624012,1.0342596,-2.0132873,0.5720879,0.68467593,-1.0872016,1.8177369,0.6534868,0.6633603,2.0320885,1.2240969,1.5266458,0.41343176,-0.12789665,-2.1939332,-1.4782454,-2.6353743,-1.5046233,-2.170092,-2.4287148,0.33231306,-0.33424056,-0.26301193,-2.9155207,-0.6723039,1.7016336,-1.1230916,0.06137171,1.6256369,-1.1072112,1.3911735,-2.9238524,-3.1154945,-0.26679465,1.4957824,0.342388,-0.28054723,2.106352
MRPL42,-25.10672,21.72281,-20.781645,-0.83407426,24.631311,4.146374,-12.165674,1.2579713,11.147058,1.3068326,3.5141726,0.28131077,-3.9816575,-1.2343978,0.46277395,-1.4536248,2.532989,0.26773024,0.86061966,3.076924,-1.833122,0.11105602,-0.35819542,3.2223675,-3.2098103,-2.1607614,2.2351182,-2.9738274,-1.5960038,2.2154741,-0.22681493,0.57507193,1.5802567,-2.4316905,-3.7880044,-1.5091952,0.43806884,0.56163883,-3.2052252,-0.10438885,-0.5420546,0.96500456,0.7042222,1.3236324,0.020774912,-1.3236768,0.24486615,-0.09671657,-0.29598072,0.6454319,0.4909623,-3.5023766,1.0114863,-1.9343247,0.90296906,-2.6127937,0.15948217,-1.545094,-2.1283996,0.31064296,-1.8755912,-1.113071,0.7632945,0.73176974,0.34831917,1.6362319,-0.37599096,1.1745468,1.3711076,-2.3278742
MRPL43,-13.340602,0.81344485,-12.283221,-8.746406,19.064323,0.34551406,-8.014403,5.826652,0.82199675,4.637122,0.28862762,1.929741,-2.6305723,-1.5697726,0.84314173,1.2771173,0.56664926,-1.9376342,-1.053338,1.9559411,0.96547276,2.6526847,-2.2442417,0.6280694,0.072024636,2.3483756,3.5476205,-3.2002206,0.13094291,-0.23881665,-0.045530185,-0.23192585,-0.7317341,-2.3558278,1.9609975,1.7843947,-1.1792719,-1.470818,-0.09311189,-1.8002659,1.5080644,0.0268563,0.14804778,1.3601912,-0.31495032,0.81395733,-0.31362784,-1.4652638,-1.2730027,1.8178288,0.47699243,-2.6732845,1.0164363,-0.43987602,0.8796903,-1.1399553,2.4197984,-0.8961525,1.5063927,2.597208,0.96382374,1.0529567,-0.68887717,-1.9861448,1.2916697,3.5421586,1.9743665,0.06948183,-2.260081,0.73355633
MRPL45,-13.49958,1.8471946,-7.3265314,-1.5645791,22.042019,3.2832968,-5.272246,1.7313609,1.9502513,0.31543472,3.4793894,0.48980606,-2.4460437,-3.1355262,-0.8587402,0.56770766,-2.662592,-2.6123729,1.6078312,3.626807,-2.1779447,-0.99237543,0.4213356,-0.13288277,-3.4067922,-1.9742569,2.8468013,0.26657084,2.5404975,-0.32090536,1.210043,1.8345423,-3.0928626,-2.8700066,1.4682493,-0.13859148,-1.123102,-0.09835761,-2.5296757,-0.5013808,2.246796,1.5045947,-1.9916004,1.1608175,1.7144176,-0.4228395,1.3107744,-0.9764028,-1.7456115,0.90449333,3.9049182,0.22990797,3.8298483,-0.43623415,0.17582555,0.7779,-0.3098693,0.22602175,-0.48783287,0.02377794,3.4046504,-0.707834,-0.63619804,0.80499864,-1.2508581,3.4565237,-2.281711,1.1618172,0.8427589,-0.82178843
MRPL46,-11.649337,16.083847,-19.08173,-1.342411,23.921762,2.3111997,-11.6890955,3.596253,13.752766,-1.4515854,1.2009635,-1.6286504,-0.38982028,-5.127079,0.83548474,-1.2133113,2.8387742,1.1776785,-0.55143857,1.5835243,-2.4149327,-3.1107,1.175954,0.7409208,0.7727734,-1.5909445,0.031669885,-0.97818303,0.94497055,-0.5491265,-0.60388565,0.0067410567,-0.73199207,2.0282977,-2.3658447,-2.1511753,1.7869914,0.43176845,-1.122266,-1.7490158,0.46300632,0.96111757,0.4752099,0.19990177,-0.007102546,-0.81617016,-0.7303595,-2.309211,1.7305057,0.9479069,-0.32398683,-0.292099,1.000976,-0.88374543,0.8301459,-2.7279925,-1.2308785,-0.6757988,0.04071781,-1.1981082,-2.898642,-0.7650744,-1.0082971,1.1590661,0.45149118,-0.16327344,-1.1985201,-0.18682137,-0.35582212,-0.3039983
MRPL49,-18.052198,19.314962,-12.479893,-1.1409322,0.3325593,-0.7138583,-4.2022085,0.42426234,1.5101659,-0.6734046,0.8792708,3.2803075,5.449132,0.00069314556,-1.5609082,0.5163686,-3.0058177,4.440084,2.7451582,-1.169196,-2.4261987,-3.113702,-0.4129933,-3.6204183,1.0473126,-0.9568671,0.097411826,-2.620353,0.8229677,-0.21057345,-1.7779562,0.52354,-2.9793477,1.6963415,-2.9508193,1.0885183,-0.9284552,-1.9292599,0.027906096,-0.052268695,-1.6105642,0.03297084,1.6292664,-1.6874782,0.41697535,1.02654,-0.13926879,1.1403593,0.30321744,-2.0749931,2.5470655,0.8990251,2.2555952,0.115724936,-1.5220634,-1.734929,-1.3066614,-2.0267003,0.6782485,0.41774607,-2.2515464,-0.28903818,-0.6579653,0.48656684,-2.9303985,1.0038004,0.13441665,2.1396694,-0.9706227,-1.7339116
MRPS11,-0.048888873,16.589563,-17.46376,-9.529077,24.827555,-0.19642623,-5.852649,4.4978356,6.4091206,0.70474523,0.023048207,-3.2061768,-4.5796566,-4.091887,-0.21155417,-1.8726712,4.2083273,2.0229456,2.461655,-1.4618542,3.3614838,3.5130422,3.320436,2.1041636,-3.5494812,-3.0741956,-0.8954963,-0.07537749,-0.07494251,1.0512344,1.3763303,-0.5757533,1.0573393,-2.2894003,-1.2786834,0.07667633,-0.22601482,0.7357213,-1.8073592,-0.67874086,0.97411567,1.4195035,-0.366816,4.990533,0.65894866,0.26244244,0.58718276,-1.2343334,-1.8238635,0.5186052,1.556066,-1.2481805,-1.9804559,-1.5545831,-0.19985949,-2.810875,0.6404762,-2.2838736,-1.1847376,1.5226182,-0.12433807,1.1223861,0.17770237,1.1842785,-0.30315816,-0.14211453,0.614646,-2.5021944,0.11973184,3.2062128
MRPS15,-12.9301815,13.66387,-25.264225,-4.8734465,31.70602,0.7120728,-9.292914,3.92878,5.7389493,0.9684627,3.871498,0.36061907,-3.5706723,-0.46726602,0.0106018735,-1.8594227,-0.13036291,-3.1672323,0.47772834,-0.083161995,1.8591497,2.200552,2.8875787,0.3265354,-1.2733345,-1.1726217,-2.008749,-0.15837184,-0.38227487,-0.4930136,-1.691166,0.36210188,0.6876143,-1.0108914,2.3592389,3.6822498,-0.120439656,-2.1911695,0.34101212,-1.8394775,0.743074,-1.5767934,1.1854844,-0.65050036,0.68221486,1.6628584,-0.49533933,0.012619244,-1.465658,1.6130792,1.208965,-0.28218704,2.4937356,1.621186,-0.7580606,1.6806264,0.6234645,0.60588056,-0.5596571,1.6495172,-0.6460198,1.0461204,-2.811906,-1.7414635,-1.797304,0.40616712,0.8060581,0.33535776,-0.410633,0.52634835
MRPS16,-2.2308686,19.247072,-6.922616,-13.894792,19.728136,1.8021373,-9.054511,2.259325,5.1049595,5.294902,1.8058327,0.93337,-0.35841024,-2.4516184,2.8560748,0.119438685,5.096837,-4.259514,-0.79504466,1.0592418,2.7912438,1.2036616,-0.045709267,1.885223,0.666367,0.25407287,2.34261,-2.271574,0.0984898,-1.4472713,0.11255156,0.15579882,1.6842529,-1.8719529,1.7355279,3.2864122,-0.29188672,-1.7204895,0.3069111,-1.3807349,1.3868675,-2.097612,1.8392978,2.836514,1.6699588,3.675745,0.022127766,-0.55122536,-0.06087837,1.4410102,0.73314065,-0.17473008,1.7078915,-0.7134126,1.0838101,-0.60646516,0.12704372,1.0836109,-0.40103835,-1.3182853,-1.9737598,2.2386093,-0.2614303,1.1092831,-0.20465165,2.1646748,0.6952352,1.2154751,-0.18858999,0.712359
MRPS17,-6.142807,13.314062,-21.042454,-10.564223,28.727997,-0.476703,-5.965168,3.5150173,4.5700326,-1.6228244,-1.5166167,-0.5821725,-4.493818,-1.8395827,2.2900252,-1.9711796,2.6899607,-4.7943816,-1.7829711,-0.2462359,2.7018986,-0.067550614,0.5462545,0.4630919,-1.3339732,-0.3507903,-0.50412405,0.12686054,1.8466177,1.9601007,1.5363156,0.78013426,1.7428949,-0.6985861,0.114693694,0.56346154,1.606672,-0.1876561,1.3551375,-0.6593351,1.8837017,-2.035288,1.3486149,-0.15319312,0.18991517,1.3632463,-2.272576,-1.1777385,-1.8611621,1.4510661,0.9183094,0.22970498,4.0550704,0.7974586,-0.75747216,0.7953301,1.263607,1.0060102,0.31689796,1.2513067,0.51183635,-0.27439573,-0.6699258,-0.13269043,-0.45523673,0.87516075,-0.006386815,-0.13868469,-1.5903378,2.061772
MRPS18B,-13.45546,5.3166504,-3.833339,4.75252,-5.5698547,-7.5175796,7.3356028,-12.85348,-9.314214,2.9113417,-1.9657937,4.0401216,2.67195,-0.7723156,-6.2899556,8.429503,1.7020981,-3.4194338,-15.373166,0.57292616,6.106113,-3.504606,2.796423,-1.4302856,0.18934903,2.943549,-3.1720774,-4.8088164,0.9755529,-6.2810445,5.736666,0.6192816,-9.226628,7.767584,4.313819,7.714578,1.180609,3.165213,1.4118639,0.43087146,4.9365387,7.874339,-4.8978677,12.708496,0.54740685,1.9442463,0.1022894,4.889706,9.55717,1.8719928,-1.0496732,-0.2405442,0.5863295,3.9564445,-3.9463496,-2.1799126,-2.830566,-7.3261395,2.3842793,0.75932413,-0.10841543,-8.765315,-0.11041397,3.5349143,-2.1222544,1.054963,-7.1082172,3.6202493,-6.084712,4.298225
MRPS2,-12.534469,18.324034,-27.19206,-13.844187,33.914635,2.1312761,-11.51385,9.30499,-1.749908,-2.7480402,-2.9520235,-7.611918,-0.19894266,4.1764035,-1.7868981,1.8245854,3.4116056,0.82751256,-1.7879671,5.0286655,1.8697739,-1.1862963,-1.2941355,0.7898918,0.2872702,1.8435559,-0.97517663,-0.16014881,1.8683044,1.159212,0.9924169,-0.00921051,2.48303,2.1762068,-1.029974,0.037463445,-0.31412792,1.1488212,0.09829325,-1.3768404,0.38403818,-0.8773494,0.18249637,-1.0061402,-0.28408507,-0.10319863,-1.0911303,-1.5212244,-0.120386966,2.3450882,-3.2404299,1.8049918,3.751404,1.4835799,-0.36592028,-0.40748876,2.8382235,-1.361287,1.3065112,0.94382215,-0.9177331,-0.76822823,-1.6929379,-1.6315969,-2.004231,0.6276935,-0.061787665,-0.37235683,-0.36232835,0.80843973
MRPS21,-3.8197014,21.502026,-10.270074,-9.383052,12.470935,2.2874577,-13.974052,3.5776336,5.791985,2.3667746,1.3165417,-3.1624858,2.1105616,3.0509524,0.24301042,-2.4379683,0.4663541,1.7779875,4.732935,-0.42220354,3.6245017,-0.43226,-1.5514889,-0.1950848,2.7736216,-1.5837678,-3.582162,-1.234582,0.2689983,-0.45668378,0.18958737,-0.7478664,2.9037273,2.1108234,-0.5159641,2.5642579,1.8453124,0.5784972,2.8061972,1.7364984,0.6296594,2.8621316,-2.246759,1.8291341,0.71809083,-0.11656953,-1.0153868,0.70299,-1.1853596,1.421513,0.35503212,-2.0630162,1.037458,-1.5069703,-0.67639905,-0.083037026,0.10346233,1.2374717,-2.3575072,1.4987458,0.55948955,1.1077951,1.662089,-0.14042507,-0.82859737,1.6276155,-0.7920998,-0.46701628,0.66919774,-0.29706413
MRPS23,-9.024201,8.90788,-23.114372,-4.4194736,22.98705,0.29094684,-4.003076,9.763473,-0.22437319,2.7934048,3.6848364,-3.0113254,-3.1360674,-3.5980334,-2.117918,-0.1134734,-1.737866,1.9897462,-1.7166665,-1.4384024,-1.4776739,1.7503004,-0.5923364,0.32406694,1.3855461,1.1138572,-1.1162946,-1.0337363,-1.3114825,-0.8141054,-1.1137112,-0.45064738,-0.029648738,1.3436966,3.47154,-0.9496887,-0.19049346,0.4279167,-1.3680171,0.41978687,3.1892233,1.6341393,1.0763803,-0.14519517,-1.8014629,-1.2506442,-0.20009696,1.3316053,-0.5683184,-1.4741204,1.9526074,-0.83396393,0.6060603,0.65784365,-1.8268079,0.09322041,-1.9743141,-0.20248803,-0.20721516,-1.0636706,0.53947455,-0.76028574,-0.28973764,-0.33207363,-0.45699415,0.9190654,0.1384071,-0.68594563,1.3128359,1.4500325
MRPS24,-18.673182,0.033606786,-17.28769,-8.613897,17.22037,10.010171,-4.8352933,-2.2308846,0.4224215,4.6129994,2.0672889,-2.8541183,5.354524,-2.8265703,-0.48926714,1.935533,1.6018778,0.70516026,-0.8892619,3.3746974,2.7741916,0.12464845,2.7868931,-2.125742,-2.728956,0.5515576,0.37017006,-4.2596903,1.6009295,-0.46201062,3.2015727,3.295463,-0.7234273,2.1380253,1.9377981,-0.17125708,-0.82500345,0.367703,3.640626,-0.6488926,1.6243498,-1.1130939,2.8046324,0.66637856,0.849924,1.8297284,-2.0347152,-1.9520314,-1.8268089,-0.92687774,1.5570184,0.5724774,-2.4907062,0.034898985,-0.5906965,0.39384767,-1.9787233,0.7900074,-0.6029504,-1.5479909,-0.075764954,2.0748222,-2.1454382,2.139254,-0.4204394,-0.25120533,0.0027351463,0.67988336,1.3182727,0.50819916
MRPS25,-11.7907715,5.647829,-17.372446,-3.3833094,21.603592,1.4851271,-5.327671,2.4164686,4.911592,2.372847,1.2811164,-2.3711002,-2.7451494,-1.4904824,-3.4525456,0.65287596,3.8113053,1.5957873,-0.9059062,3.6478305,-2.6376302,0.5033886,-0.304164,-2.0583363,0.230658,-2.1598446,0.26458988,-1.1033055,1.320862,0.84448594,0.6315188,0.6753454,-2.171471,-1.4671139,0.45804542,-1.4533135,-0.5218975,1.6168337,-1.2685125,-0.3042242,-0.23363636,1.6320744,0.3368605,1.8317125,1.0112408,1.91807,-2.7877686,-2.5566354,-0.06263614,-0.8106705,-0.48417875,-0.90977705,0.9426455,-1.7885345,1.4054289,-0.28578302,-0.6050154,-0.7791757,-1.5670925,0.87819797,-1.3882432,0.8995124,-1.1054682,0.82499844,-0.8413111,0.3911618,-1.4745877,0.587836,1.2124103,0.37940684
MRPS26,-3.400715,1.7277433,-8.916323,-8.564823,22.592615,-2.3506749,-6.9003053,7.754907,6.5874977,0.9136501,4.0813227,-0.41933808,-0.5101929,-3.4639509,1.9641148,1.4895506,4.742688,0.77716124,-1.1363988,2.713953,2.1376007,1.2173709,0.65149254,-0.8785315,-1.1594933,-0.95343673,2.3699064,0.54739535,0.03327427,3.8932717,-2.4488828,0.03837543,-0.15788013,-2.2347128,0.7601222,-0.45620134,1.2578403,1.4391075,-1.64193,-0.702558,1.1719854,0.80921423,1.1191173,1.2712021,0.1493778,1.3246181,0.2376329,-0.64084667,-1.1260564,-0.41022074,-3.3202934,-1.9442436,1.6155857,-0.20138991,0.90176755,1.6971179,-0.51383007,-0.9669599,-1.2395055,-0.1127795,0.7468106,1.0153079,2.3468394,-0.50832087,-0.55277115,0.31038618,-1.0522853,0.28196904,-1.4126343,-0.04301776
MRPS35,-10.95456,9.24614,-11.11931,-9.9630575,30.398142,0.78063136,-6.2313623,7.37322,3.9512203,2.6446748,1.7668217,-8.447395,-2.029585,-2.0774176,-0.066155374,2.8256671,-1.1883658,0.973227,-3.1224382,3.211422,-1.336972,-1.7245504,0.43962857,1.5295727,-1.961021,-1.1207604,-0.68242234,-3.6337597,-0.44370326,2.2044244,1.4812481,1.3533661,1.1995676,0.6303642,-2.4125645,0.0660567,2.4443383,-0.1100772,-1.5462389,-3.3844974,0.3559738,1.5777414,1.2928749,-0.5472524,-1.7642149,-1.319553,-1.9448601,-2.2229064,-0.6970711,0.5242382,-1.0182617,-2.2229204,-0.2232212,-0.007680391,0.33942342,0.7961717,0.27945742,2.1023612,-0.14541756,0.28906,1.4430622,-1.5790434,1.4936645,0.79263407,-1.3303955,2.053448,0.67884743,-1.3590581,-0.31582665,-1.387495
MRPS9,-14.393837,11.319053,-14.808061,-6.7907605,23.627985,-1.1133204,-10.278242,2.5338383,4.1356506,-2.9414027,3.0104334,-2.3282406,-1.2062399,-3.6211612,3.7312157,3.8842888,0.65386003,-3.2630563,-5.728959,-3.6358,-0.00068638567,0.4228812,-2.111612,1.8185232,-1.9440973,1.3399221,-0.23861922,-2.6734188,-1.213072,1.264128,0.5170614,-1.913395,3.3054488,-1.4371865,0.20959955,-2.0542035,-1.759472,1.1346558,-2.2193367,-3.836193,0.22505845,-1.0515903,0.9386277,-1.2742032,0.36118302,-2.2743886,0.748146,-0.98828405,0.5597179,-0.25109968,-0.60951185,0.6234309,0.99001664,-0.15753111,1.1448416,-1.6430863,-1.1572161,-0.70444155,-0.81884223,-0.39749864,-2.030457,-1.7425841,-2.3265812,0.50790334,1.8650372,0.04881609,0.994841,0.040031042,-0.9556544,-0.3737311
MSL2,-22.063284,-18.068512,-5.093096,3.8164992,-3.9574711,-0.39366063,-5.0834475,-6.394848,3.3310885,0.19234721,-7.45503,6.01518,-4.4508424,-2.5925956,2.7002442,3.2150059,-4.941171,-1.5187844,-7.397715,-0.9001157,-3.338722,4.8451934,-1.9614662,-3.07129,-2.5824628,2.0073786,4.6599407,-2.8808393,0.35280144,-1.0938843,-1.5483756,1.1243678,-1.7740127,0.51118296,1.562064,-1.6975286,-1.7873759,-2.4080675,-0.57767963,-3.3321066,1.2303367,-2.318151,1.0096767,1.3131945,-0.92515355,0.55947554,-1.3065399,2.2601602,3.1196563,2.1461635,-0.92470664,-0.9059163,0.48040316,-1.5689692,0.20162319,-2.10193,-1.3939267,2.224889,1.5777577,-2.0802028,-2.3412719,-0.51607066,-2.0862265,0.87437975,3.6779656,3.1805413,1.0395565,-2.9925282,0.584738,-3.6161852
MTA2,9.279862,24.444132,9.463351,-1.9774371,-6.8810096,-15.9482765,1.4656391,12.242308,8.504265,9.048733,8.881933,3.9270232,19.53825,3.6774056,-14.905434,-0.43442827,9.62136,7.3697395,-0.044690225,10.843869,3.295941,1.746762,-5.899363,-1.5057474,-6.4363356,6.206354,-1.447946,8.4238405,7.8983192,-6.315835,-11.431099,-5.0445557,-1.7467589,3.2360065,-6.125073,0.78872925,5.6452746,-8.498114,9.058653,-11.573109,-0.13256282,2.9394011,-9.012964,5.9056935,3.691346,-9.080128,3.3286438,4.307667,-6.5959435,2.9148493,7.59785,-2.5200164,-6.7764735,-2.375571,0.025092466,-2.3748288,-2.3755155,2.8128748,-3.306759,-2.5434346,0.77113444,-7.113446,5.7477865,2.8499832,1.5184926,-2.9282453,8.1265955,3.1492362,1.5105611,0.05021252
MTERF3,-8.896804,3.5219004,-11.362237,-7.2728796,22.012247,-2.1344073,-6.3935666,6.5716844,3.2307458,2.3813558,-0.3670671,-3.740885,-2.889863,-2.1611288,-0.56977946,3.5004458,0.007302056,-3.8492265,-4.0274897,0.23883139,0.3305843,-4.586824,-0.30969012,-2.386468,2.5565476,2.1595168,-0.79209083,-2.9937143,-1.1523538,-0.42760512,-1.944689,-2.310275,1.0612154,1.6174144,1.9086498,1.123261,-0.11205476,-1.0392005,0.4768287,-1.8441033,0.9494172,1.2685663,2.2937613,-0.20372991,-1.3980863,-0.07032079,0.65821546,-0.7765648,1.5989113,1.4509428,-0.40799302,0.7991561,-0.60149235,2.6614578,0.24587218,0.052045505,1.6172143,-1.0846792,-3.3084676,1.0880787,1.6997645,-0.6638002,-0.7727043,-1.5067221,-2.1004512,1.3965054,1.6708099,-0.1893439,-1.5668802,-1.3148904
MYB,-4.618728,17.210093,20.935104,-4.614965,-6.774432,-15.291144,-1.3529748,-12.317861,-4.203155,-9.340465,-2.9190116,0.66609794,-4.5496936,0.92162704,13.432863,-5.903757,3.862464,-7.9007573,-3.6804748,-7.3107953,-1.3058612,4.053064,-4.703306,-9.255889,-3.676338,-0.041679252,-4.080357,-11.780976,1.0337077,-8.5869875,0.74253404,-0.13591112,-1.975875,5.613724,-7.4285855,-6.3587003,1.399839,0.50831354,2.0658581,4.0569787,-2.726218,-3.7711217,1.020888,-2.4064257,-1.9520472,-0.3321742,-2.9364219,2.5349379,2.8590345,1.4948591,2.730244,1.102651,3.6897292,-2.5648303,-6.078423,-2.5259383,-3.4931383,1.2570038,2.5541883,-0.17715375,-2.2092028,-4.2341814,4.726906,1.6438879,-5.8478355,-3.1034904,-0.07340897,0.8164362,-2.5245762,3.9823647
MYO9A,-1.6826516,-20.964352,-13.459039,11.810738,-4.5488515,7.496148,7.3313317,23.500378,5.195965,0.51853716,-2.7195446,0.1331503,-7.298102,0.7348636,-11.207811,3.609027,1.6852415,3.4398234,-9.252175,-4.971028,2.6135213,8.993741,1.1930032,6.113925,-5.5710096,2.7540371,1.9755685,-4.166663,-6.022555,-1.3390187,2.3757288,-4.59107,3.9446907,-0.23653236,-4.7318907,-4.500974,4.219329,1.476424,-4.9913087,1.9890828,1.0027158,-1.749398,2.4750504,0.46878394,2.8379645,-2.6494792,-2.8061879,-2.3799014,-3.8646681,0.2441626,-2.38676,-0.1741131,1.4993863,3.224621,-1.8224897,-0.2721458,-2.878152,1.6373837,-4.228829,0.27432021,-3.0859838,-3.513634,2.41346,0.31870028,-0.060392827,0.63771135,-1.8014555,-2.305613,-1.2276337,1.4066051
N6AMT1,-1.9942584,4.6125627,2.9469817,-5.2524843,-3.8745239,-0.8739906,8.256974,-0.084820166,0.5402687,6.3646164,5.53206,-7.026774,1.4870923,-0.5480993,1.6922039,1.232621,2.031503,0.19739223,-2.346421,0.997601,1.3546127,3.1290913,-0.5533677,-5.9415593,1.0484257,1.2906137,-1.5299824,-1.3250436,-4.2688637,-0.8125827,5.4375334,0.65764517,-0.02469849,5.468216,6.868361,-4.2475214,-1.3396715,1.5319324,-0.6523317,-0.74691737,-2.3113163,-5.9768753,6.609375,-1.359031,-0.38387978,1.3695447,-6.200905,1.6533327,-0.4139183,-1.4887439,-1.3065566,2.2264395,-4.466737,-1.9712055,3.547767,0.8160521,3.5052714,2.3980057,4.087022,0.18699229,-0.15466341,2.598211,-0.36030442,4.111162,0.42474166,-5.762615,-2.0848742,2.3607423,4.3657694,5.957757
NAA30,15.418704,7.6360426,45.132908,-12.988656,12.011196,-2.9543338,-1.3878392,4.3133445,7.1779666,-23.193096,1.1331658,-7.2887716,-8.2058115,1.6535326,10.790476,1.1195952,-1.3949395,-1.7774225,-2.5039546,5.7381673,1.592222,-1.8617198,6.752982,4.7543325,-8.752923,-2.9644446,-1.0603596,2.470257,-0.31153935,-3.8402383,4.6425447,-0.6076996,-2.5627174,-1.9342033,-2.8047905,4.2959805,8.228776,6.56677,5.230671,2.5955527,4.331563,-6.4749985,-2.3710585,1.7846721,1.6849757,-0.8396432,-2.7908165,-1.104235,-2.5952914,-7.8733697,7.079706,1.7659857,0.027775817,5.0549684,3.014113,6.1380677,-2.2935877,6.1516647,2.9917238,0.3567557,-2.2850454,-1.9294604,4.3031664,-0.37034762,7.9709444,2.6102195,0.3753174,-2.9823427,-0.60776407,-1.0657727
NAA40,-9.239492,-11.250132,-9.013012,-0.86638635,-2.9859688,-5.220471,-3.3713064,-7.1164308,-0.26179418,3.555281,-0.8459987,7.3801465,11.190039,2.6199696,-1.8424151,8.75496,-7.2912908,-1.6917738,-8.528033,0.15880339,4.652921,7.1491055,-9.331598,0.52838516,-2.2609441,1.9510398,-1.8633273,4.7651577,-4.026654,0.39574987,0.7159514,0.21863107,1.9325577,-0.73950076,-0.32586938,-0.010355837,0.7295428,2.0894215,2.12017,2.9284666,1.846633,1.0300732,4.4695153,-1.6954305,4.067208,1.5653588,2.5263913,1.4817917,-0.7462732,0.80337507,-1.2286257,-1.9467498,1.8050139,-1.5659107,5.888392,3.2954104,0.96295154,1.9342765,-3.1878016,-2.6277,-0.08173058,4.953718,2.2734876,-5.894227,-1.7307975,-0.45049793,-3.5362344,-4.089577,0.18947051,-3.3112497
NAF1,-14.218434,13.982282,-9.860393,7.931389,-10.2887745,-5.3835306,7.3588915,-5.446601,1.0041264,-0.97636205,5.613081,-0.16182293,1.3280919,-0.39936525,0.19844909,-2.5443625,-2.3381572,5.8873587,9.244147,2.351027,-0.03607823,1.2730649,6.0851893,0.9518859,-0.40740868,-0.81097823,4.6946607,-0.16264589,0.52844673,0.57838935,-4.6010423,-0.49171627,-0.049291138,-1.1939577,0.0058922702,2.507618,-1.2062848,0.22370017,-0.20217471,1.301747,-0.3775022,1.927557,-2.1037216,-0.5428668,3.5277638,2.5821724,-4.0078483,-0.035659354,0.21610698,-4.4380913,-4.8259735,3.0601408,2.5738442,3.0412955,-4.126872,-3.9652889,0.24851549,-0.33240882,-0.80683786,0.83660376,0.48570293,1.2966063,-0.5098377,0.46002263,0.14281993,-1.525437,0.7481925,-0.82645476,0.04938617,1.1116475
NCAPG2,45.688255,7.672207,17.442488,-0.29254785,-5.125834,-15.871913,0.327258,9.670955,8.110504,-2.4264,-1.4764594,-5.339823,0.08538149,-5.911019,-3.64453,-0.13685226,-3.0808253,7.793127,1.9646984,-3.1755195,1.4383696,0.61433065,-1.1134591,-1.994497,5.890891,-4.335441,-4.9500985,-0.25779307,1.3988038,0.30241984,-1.075437,4.8515315,1.6538383,-2.0728002,0.28404045,1.8288325,-0.47799012,0.6356609,-4.29107,-0.9231675,-2.2372825,-1.670234,0.9415701,2.5133157,0.55190724,-1.7680627,-1.7534897,-0.783788,4.065803,0.54499364,1.8991116,2.0241861,-0.18170473,-1.0408293,-2.2827263,3.5142934,0.45909613,-2.0378342,-0.18079966,0.5745583,-3.559832,-0.38565615,1.3969349,-1.8044564,-0.87927043,-1.9918493,1.8205693,-1.8540722,-1.7484499,-2.7503734
NCBP3,17.083202,2.0203822,1.7741768,8.421206,-11.92042,-17.759314,-10.530479,0.03714406,5.8654156,-3.7002027,-7.833172,0.85838103,2.2185786,-2.0693338,-2.5192924,5.4162064,-9.091393,-1.3482381,-1.1185045,-4.8045344,3.9107084,1.5576211,-5.899239,-2.5943954,-3.2293189,-0.20958523,-3.170683,6.896628,-2.4406576,-1.9352393,0.32421362,2.9191036,0.95950156,-4.374108,-0.59008247,2.2495134,3.112763,-2.7354867,5.1726055,-2.0418534,-0.1487884,-0.7643412,0.7320569,4.122908,-0.13608143,-2.0146496,0.16186444,-3.4369638,-2.9043634,-0.06902131,-1.4755033,3.7183537,3.8658206,-0.6373083,-1.2383866,0.31172445,3.3777196,-1.9537605,1.9036098,1.2703862,-3.1233037,-2.5328372,1.358914,-1.0801291,-2.0150414,-0.7835129,1.6179774,0.6136814,-2.3715389,-4.6444144
NCKAP1L,15.403066,6.4484053,43.16564,-21.133495,-4.973306,-4.4961996,-9.201397,15.769294,6.895855,2.7310135,-8.303791,-1.2004465,-2.933287,-0.46194983,-0.48711377,0.10099088,2.618982,1.3940599,-1.5958058,5.6343484,-9.05418,-13.215364,3.6895256,2.634461,5.055601,-0.22521281,4.10971,-0.37833846,1.9122633,2.024898,-0.87682694,-0.7983419,2.659012,1.2538619,-0.88851345,0.7883178,-0.6930409,0.350907,-1.1017747,-1.6373357,0.49890754,-0.33774143,2.6897311,1.3039309,2.7314188,-0.57493216,1.0978252,-3.4002252,4.020487,2.9702458,-2.058484,1.8896198,0.12628639,2.6091132,0.16679236,-2.4743814,1.8828892,0.80166024,1.2440724,0.48290893,-0.27282885,-0.7980628,-2.9077528,-0.07767564,-0.6336181,3.7710044,-2.9800768,-0.7587102,0.029806243,0.38182107
NCOR1,-7.3914795,-32.978386,9.398067,-27.714657,5.7620935,1.6006621,10.9818945,6.481313,-11.373158,4.265985,-2.4840453,-19.128391,-14.5844965,-6.0323873,-5.6474743,-21.851822,1.0944308,2.8058593,-1.9479316,-14.196189,-2.1769319,-2.4714139,-1.2104083,0.12957229,5.9504614,12.467062,-24.440588,-9.567956,-10.341198,-4.860552,-1.2664968,-3.0111697,-11.966204,-8.818681,7.256786,-15.064251,1.5884672,3.3233669,14.668932,-3.4011037,-2.948423,-6.2460475,-6.248003,7.1264057,4.307519,6.984073,-4.704873,11.860987,0.5574562,2.8207967,-5.6299458,8.572899,5.9538727,8.00111,5.6055894,-4.163518,0.3355441,0.35907674,-5.6112585,2.0498967,-4.4173098,5.5977817,0.17591287,4.4706135,0.6249174,2.1005242,-1.4746412,0.6936599,1.3857899,-3.184359
NDFIP2,35.90128,-20.341417,-17.233072,0.40156868,0.88828063,1.1012716,3.0833416,-1.7869549,0.07625623,10.414802,-2.7239552,-0.90877146,3.3472414,-0.7387455,1.3006345,2.7827878,-2.8097427,-1.2724874,-0.6390589,-0.94857496,0.96140105,2.4377267,2.5542152,-2.0470982,2.1451035,-2.220478,2.5899937,1.8167415,0.5325104,0.40715358,-1.53291,0.9912561,-2.1362712,-2.009197,0.9191761,-0.34679818,0.33299196,2.4544024,-1.273103,-2.1437857,-3.8717427,-1.5393424,-1.6901853,-0.10886999,-1.7682081,-1.326722,1.4991806,1.6992059,-2.4239552,-1.8481429,-0.15755929,-2.1968231,-0.89829606,2.2784362,-1.9052283,1.2716204,-1.5108106,1.4768203,0.18288258,0.83648574,1.3809886,1.2561004,0.15801165,-2.5898407,1.8974049,1.4108378,-0.5518295,1.9161805,0.22908176,0.20840609
NDUFB11,-4.9493017,-11.23084,0.911662,-3.6615047,6.8306065,-1.4582292,-2.6886885,3.3816154,0.68556297,3.9009762,-7.159877,2.9855359,-2.2831378,0.4913982,-2.452818,2.955926,-9.628483,-3.2521582,0.34311187,-1.8053877,2.1722348,3.5862813,-4.0008564,-3.6022022,-0.8637461,5.112714,-2.598043,0.10262844,-3.0218427,-4.584496,2.4352698,-3.1872272,-5.3318553,-1.2515028,5.9835076,-0.096106485,3.3999062,1.0007887,3.2200236,8.926533,-1.4487762,5.131743,1.15087,6.9922156,-0.39588806,-0.584561,-1.4490312,-4.845132,5.0208836,1.1440629,-2.0615027,-1.4299176,-0.5723911,-4.470183,0.8043767,-3.1483333,-0.5914232,-0.77524185,1.8047572,0.8411594,1.6863743,-0.4380213,2.919335,1.1901617,-1.035639,1.7860373,-3.2584121,1.6804103,-0.49344313,3.633034
NEIL1,1.7568115,13.177798,19.056364,-7.0743275,-2.1837049,-4.785699,-2.2414768,0.5539275,-1.3764962,0.4644351,0.9381301,-1.4809717,-6.8148694,0.6015369,-0.6156101,-0.6175028,-3.824724,-4.076393,5.013232,-3.2695572,-0.090554796,-0.52376837,-0.20467375,5.7948384,1.4864886,-2.440144,4.874507,2.3768485,-1.4317406,4.481527,1.3253661,-0.21034743,1.4699744,-3.5218434,-1.5384564,4.632983,2.0314906,2.1924603,-1.9534228,0.8484684,-1.8919337,-0.20117979,-2.4354184,0.38864562,1.1463687,1.4519589,-1.335136,0.6499127,-2.6426868,-0.42944354,-3.2632027,-1.0044972,-1.132035,0.799389,-2.3765833,-0.2803429,2.0422168,0.54874754,-4.55548,2.947821,-0.33419397,-0.9485243,-0.71343005,-1.3518931,-1.2009206,0.4661763,2.328472,1.5733308,-1.2203348,0.88106734
NELFCD,-6.816125,15.208147,-4.36792,-5.7533717,-17.213427,0.28385386,-12.879701,0.13130318,-7.465517,4.1875567,2.4691215,-8.565115,-5.496784,-8.30687,8.809289,-0.068813354,2.6854038,-1.9457973,-5.387881,5.4839015,1.6761451,6.1706896,-0.8899493,5.512327,1.1702219,-5.913238,-1.9690473,7.945109,7.187035,-0.87679607,-0.6798101,-1.32181,-3.6324217,8.681906,9.386514,-4.6059847,-6.414298,-3.0027745,6.9398246,-2.1191862,8.588781,-1.9954967,-2.9349284,-0.549186,5.3800426,-0.3753644,-5.027331,6.6820865,9.947424,5.712472,-2.4104745,-1.6296742,-0.8122225,1.0223168,-2.5729535,0.039525643,-3.688891,0.20732322,7.2914166,-3.0098774,8.107301,2.1366506,6.7317495,-8.720641,-2.8769917,0.2062946,2.5658867,5.4497313,-1.9819291,1.0106603
NFKB2,-18.36294,20.227335,9.020744,-15.141849,-7.034784,5.037135,12.616307,-5.223228,-5.908526,-6.2210364,7.8242707,-4.2760277,-4.198307,10.809807,4.0994797,-7.039966,3.261089,9.255996,8.468513,0.51342225,6.7385445,-3.5231493,9.192108,-10.355629,8.084928,-4.3318663,-2.7139344,-8.358958,-5.2797074,6.465443,3.111145,3.791858,2.5972254,2.5542648,13.1236515,1.856016,4.6590114,-5.0010967,-3.6186297,5.9810843,0.30731302,-1.874829,6.525401,3.7852435,-8.243306,2.1127524,1.5935261,-0.65379477,2.0308483,-4.1197886,-2.3605125,-6.5847244,-6.988432,-3.9926658,2.0064893,-1.02766,0.96426654,-6.655598,-4.464812,-6.080856,-1.4655184,2.748946,2.0569882,-6.8548274,-0.3805313,-5.065409,-3.6744642,-2.2846172,-0.70234454,0.061928462
NFRKB,-21.674927,-36.52249,-7.847004,2.439488,3.1605017,-1.920844,1.5735008,-24.390032,-17.347996,-20.1115,-15.214707,18.282053,-15.056041,-16.266031,13.362803,-5.1133523,-1.5069191,26.610224,-16.535093,5.5652685,26.450203,-9.765747,-4.6197524,18.415333,18.142338,-18.531422,-2.2080657,-5.042475,2.8459694,-8.07606,-13.063357,-7.8226132,-5.7512937,3.2856295,-1.6126738,-10.237624,8.005491,-3.2138438,-0.10245875,-5.555369,-3.243667,1.0083479,-4.7753515,-8.203786,2.768682,-1.052374,-7.753388,-9.170179,-7.015047,5.4992204,4.236301,-5.185548,-2.8320978,-1.9873832,0.7009015,-4.596485,2.0746584,-2.3383436,0.5432423,5.5252037,3.4585748,-4.094961,-0.7835396,-2.5098734,3.9519138,4.744073,-1.4361806,-3.6059456,-0.82677287,-2.9727209
NIPBL,-17.025162,3.576123,13.466123,8.083439,-7.979752,1.50566,-13.687457,-2.616458,-8.876526,-5.0574584,8.660431,2.4532,-10.704383,1.2170495,-2.570136,-1.1789404,-6.500337,-2.6631813,7.6243916,2.219499,6.154646,-3.468826,-7.631632,0.9486185,-2.4749267,-1.3268497,-1.8982346,-6.2026663,0.90666837,9.755666,8.862229,4.089655,-3.064903,1.7318202,0.26106218,-3.8813457,3.9979517,-1.0270802,-0.11123043,-5.294704,1.4084512,9.655726,-5.4825635,-2.4792247,1.7310425,-0.9639021,-3.0372937,1.7258757,4.3328047,-2.426034,0.1655491,-1.8974744,0.96629316,1.5622543,-0.58781594,2.5012503,-0.812845,1.345958,0.52418876,0.3825362,-4.3400373,5.227419,-0.20395249,-1.1216363,1.1469449,-1.2968376,-0.9068019,3.262176,-0.9347621,-0.70592284
NKAPD1,20.051664,-9.383712,5.076986,-7.6545,1.2711946,3.8810863,10.963403,-5.3211083,-0.01934961,-2.0976825,-4.0034194,-0.18590806,-1.2394615,-9.01899,-1.7795324,5.8503637,0.80654323,-2.7329183,2.1942737,4.2478013,1.3479301,3.8006594,-3.1173732,4.6412334,0.843301,3.8286426,-3.8279026,4.1285114,-1.8795179,3.5141163,-2.1665316,1.926263,5.503638,1.4431102,-0.2364908,-1.0366176,-0.799478,4.221693,-8.696484,-2.6674547,-1.390517,-2.6023417,-3.0595238,4.708689,6.760768,-0.93983024,2.338378,-4.989885,-3.448223,-0.054156397,-2.139019,3.8972948,-0.19693537,2.132962,-2.4871273,1.1987115,-0.55922997,2.0988817,3.5772111,-7.271043,-4.5077147,-1.2230059,-1.5318623,0.818846,-1.1300287,-1.7718405,-0.62371725,3.591338,2.2369027,-2.198694
NPC2,3.3877337,13.879215,-10.92052,-4.8089495,8.39428,0.7809944,8.218558,0.41815925,4.085264,-1.8236393,-4.2055626,4.015167,-0.18667029,-0.7958,0.9369412,2.5950286,-2.8748648,4.850929,3.265633,3.4632897,-5.375983,7.87455,-7.6649847,-6.5658264,3.806189,0.9709832,-1.338168,1.5680099,0.6157098,-4.6447387,1.1142571,-0.26491046,-0.68141794,-3.926945,6.227607,-1.2555441,0.3076841,0.4902718,4.0250025,-0.014257785,2.0610192,6.1324744,-0.26044992,6.869873,-2.7917402,9.462664,-2.2197254,-5.457002,-3.1787472,-2.3946078,2.8170662,-2.2531712,-0.047358483,-2.3586385,1.7068603,3.8908768,-3.1006267,3.8970351,0.37506244,-0.14525917,4.1071925,-1.4807884,3.7580087,0.21043696,-1.4794108,4.46594,-2.384029,6.073313,1.909858,-1.9020329
NR2C2,-5.0560346,2.1484952,-3.9767761,-0.8589277,-7.498814,-7.0153804,-4.837354,-1.8656673,7.1967525,3.5224802,1.5497358,2.9281158,1.1036102,3.636641,-0.47434026,-1.5924572,0.388203,1.1440338,-0.060059935,-4.6219883,4.006556,-2.8789077,-0.6641637,-5.503431,1.5520784,0.5785948,3.5357149,4.9760594,1.0408571,-0.21087177,0.98561066,1.3025438,3.5142453,-0.075742476,-0.22474629,1.2584465,-3.7984555,-2.3703206,4.798942,-1.8678951,2.9413164,-5.3159285,0.123740256,1.0340896,3.6492915,-1.50737,7.638443,-2.5307689,-2.3075352,-0.025532123,-2.6660876,-2.9492152,0.6571816,-1.6822013,2.6715426,-2.897125,-0.35884887,2.475846,1.6741129,-1.7761252,-3.917274,-1.6350015,0.7676736,-0.57705647,7.50582,2.2270377,-0.34910318,-2.1113539,0.11594935,1.6146461
NR2C2AP,-15.234952,1.999416,6.8746614,-11.801445,-4.401282,12.35762,7.3425155,2.6087685,-0.66719514,6.6203175,3.1723852,-8.674637,-1.0362192,-3.1004035,8.830318,8.156002,-5.774388,-10.28651,-0.90244603,-4.238813,-4.1973586,3.5534048,-0.045712333,1.9539361,3.8970878,-2.8559923,-1.4629465,-5.1563125,0.88254255,-6.4128456,-2.172612,2.883024,10.925358,-2.4334567,-3.7918859,0.25195527,6.419921,0.39238733,3.3068595,-0.14959142,4.2034483,-0.88668716,-2.5826516,-0.26993486,-2.74595,-3.683504,4.724942,-0.80231315,1.2934256,0.33299983,0.54135674,6.973051,-1.7827729,-4.5022206,-2.1236975,2.1855214,1.1726655,-2.4733393,2.935161,4.3820844,1.5882014,0.5650029,2.128262,2.6464934,0.98359835,0.37347302,-1.3185668,-2.421052,1.8968712,-0.40036502
NRAS,10.645089,9.9029665,14.109967,16.89893,0.60414404,10.911951,-5.2731285,-7.145235,0.4200288,0.9531714,0.38023445,-7.124576,0.70348173,5.2495704,-0.5559982,2.8534482,4.4508114,-3.5274425,-0.5356952,0.23005478,5.4425573,4.417028,-2.7951653,-3.8933432,3.5307157,-1.8482937,-1.0805724,-0.6922885,4.70777,-5.6750793,3.404681,-2.4662113,2.3694377,2.4039145,-5.453901,1.8954803,-1.5027694,-1.9682678,-0.6279838,3.2326148,0.29708275,-2.028193,0.25913644,-0.79688513,-0.8525394,2.1032732,-0.09019505,-0.088485196,-0.30439073,4.7511883,-0.58889246,2.9771252,-2.1928067,-3.404679,-0.6663827,-3.6455016,-0.99293035,2.1343844,0.48884088,0.30575615,-0.5367407,1.659184,1.5097418,1.0512813,1.7979543,0.6724193,-3.4124427,0.08578319,-0.8988735,0.8975381
NRBP1,-6.358898,-13.368057,40.25675,-13.859245,3.5557177,-6.5697393,1.3907095,7.7769117,-4.377117,4.2633967,-0.008419947,-8.888002,-8.169065,6.258945,4.3463116,2.850545,-6.2912164,-7.85334,-5.783129,3.1003206,-2.5958924,-5.2668552,-1.154496,7.0795994,-3.1846852,0.094877355,2.4863312,-4.422438,-2.8210435,-1.1487317,-7.2539682,-1.3346618,1.022711,-6.3734474,1.5191002,3.7908854,-0.04373827,-2.8797646,-2.8801541,-0.9418722,1.3421304,-1.8164313,3.2440522,4.553186,1.37165,4.947027,-4.9019475,-2.4779744,2.8907127,-1.2290987,-1.7258683,3.0939565,-0.52068275,0.09682815,0.943312,0.2073632,-2.298896,1.3205203,2.6505764,-3.6826487,0.8595237,2.639901,-0.27279565,-2.656427,-0.050084453,-2.5748553,-0.33762318,-0.23141171,-0.8285462,2.223256
NSD1,13.403285,-18.959381,1.8593074,9.283062,1.1557239,17.990507,-17.417847,-5.1884828,-3.6854274,10.572186,-11.158697,-7.87878,11.769852,7.067318,4.818272,-3.340655,3.7472072,-5.2401114,1.300137,7.2432027,-4.1215544,5.775655,-5.1625566,-7.3726554,-5.564276,-1.2718623,-10.399377,5.4063716,-5.1614375,4.902188,-18.419844,-9.134728,3.303478,-16.356876,16.057362,-2.7122333,11.430903,3.3015666,-9.240025,-10.000266,-1.24769,13.258514,-9.739214,-5.209477,0.48933232,4.138922,0.9462032,-6.6205044,9.333638,-4.865184,4.201542,-3.4247773,-0.14945678,0.8715311,-2.5779607,-6.301143,-3.5999212,3.3222024,3.116074,-8.529485,-4.937399,4.932432,-2.9911492,-6.2471623,-2.0822864,0.6892761,3.2100408,0.37611783,-0.8401275,2.2687504
NSD2,-7.935504,-14.459324,-5.5052505,-13.502576,-5.3154044,-6.7105002,-4.265204,3.7752197,-11.888917,2.4563491,-0.5149657,4.8347178,2.318412,4.8200727,0.7584602,0.7638899,2.6130033,4.014404,-3.2291622,1.9838585,3.1590157,0.92948,3.9776886,-4.643236,-2.545007,5.6149387,0.27003893,-2.5706496,-6.943706,-2.040808,2.5370893,0.5113461,1.6998236,-3.4401116,-8.378112,1.9419032,2.396265,-3.081423,-0.36789167,-1.9121834,2.3347058,-1.2449645,1.2978808,-0.96622723,2.6863103,-3.3117104,-0.0322834,2.1089056,2.8980045,3.1604552,-4.8930783,-1.9272958,-1.8424145,-2.5851107,3.93165,-0.09152171,-5.1115937,0.31394765,2.3973827,-1.620236,3.1088028,-3.0274081,3.025897,3.8131864,-1.1191409,-0.5645188,-1.2429607,0.22668427,-0.5192499,4.0153713
NSUN4,-17.062037,-4.660204,-10.931732,-2.1051164,18.141195,-5.2729645,-11.283247,2.1432245,4.663475,-3.439243,-4.0758066,-1.6574637,0.6747439,-0.9033041,2.8788786,-1.3035847,-1.3825597,-0.33562636,-1.1469543,-0.12573935,1.5384389,-3.0699394,-2.4839134,-2.8082235,-2.0365717,2.129235,-0.19294818,-5.6918764,0.82518053,-2.4605594,3.6451256,-2.2554152,-3.3360512,1.2938591,0.17717801,-3.1217787,-1.340551,2.061297,0.48101342,2.9823856,3.807991,-0.42461932,-1.112174,4.7917542,1.9320056,-0.8321228,0.16643678,-2.3775558,-0.7269248,0.76287663,0.0063134395,0.9282371,-0.79130805,2.0420537,1.7363279,-0.2937765,0.39072928,1.6579821,3.4931176,0.98588413,0.5797635,-2.0894823,0.8508675,-0.045269996,0.5527453,0.5685677,0.6845937,0.86022,-1.0324253,1.9586649
NUDCD1,18.651375,16.86679,-0.6923729,-2.7464843,-5.101103,-8.021225,-4.0257716,9.589191,4.5544763,9.845301,-5.010995,11.793609,1.6483727,-5.4777994,-2.1839073,-0.42732129,-10.443891,-2.3913777,2.3202558,6.970807,9.201127,7.1755877,7.0059214,-3.6014674,-3.7262857,7.647468,4.456809,3.3687146,0.2909396,-7.9350576,-0.9188082,-0.7465801,3.0764556,-0.06975642,1.1415019,-1.9018507,0.20450145,1.0378937,5.7166,7.8800044,5.9852943,-1.7368678,-6.5389824,-4.141705,-3.0650303,-1.1662502,-7.8422756,-2.023619,3.911205,0.7507244,-0.21918751,0.8606459,-2.4499187,2.7694788,0.93551695,4.8142433,0.8920156,-1.2331622,-2.609679,-1.5388917,-3.1041574,1.747525,-0.81245714,0.64297926,1.8723214,-0.41227743,-1.1673547,-1.5380701,1.0273267,0.8096691
NUP188,0.6121138,-8.229421,-4.998315,-0.4576879,-4.3474503,-0.84688145,11.91286,1.685866,-0.80791974,-0.89879084,-2.2399578,-3.337729,-9.523524,2.7845917,-1.2279575,2.0894952,3.6695838,1.2178826,4.2688274,3.019912,0.07907899,6.4766316,2.6361272,-0.9059754,-2.9557095,2.8173125,0.40193078,4.6679864,1.1913295,-0.52068317,-2.0356507,-1.5133634,1.9528093,-2.7080722,0.06117253,2.6580756,-0.0008836454,-1.2293588,-0.8259752,-0.09152936,-3.4560156,-0.7399727,-2.5724072,-0.29998773,1.0535884,-2.5258236,0.20538777,-2.6556683,-0.74838394,-6.65581,1.2271607,-1.3229643,0.61741465,-4.287107,-2.4327366,-3.604085,0.8031557,0.8229701,-4.9914913,0.5661827,1.0730637,1.8642527,-1.865858,0.9433255,-3.2891283,2.3101087,-0.6076126,0.91588014,3.6214018,0.6118358
ORAI1,30.457794,-6.6761255,-10.8987,-9.7170925,-8.956586,8.505927,-2.4958458,18.616833,-10.081656,6.690949,7.504236,-4.9989424,1.1321297,8.463559,7.656512,-4.6384335,7.1971154,5.0458927,-4.946256,-3.3424263,3.5820677,-10.423888,8.173407,-4.7415257,-6.910943,-3.133693,6.7219305,1.2726306,-0.9483283,-3.6312494,0.5523892,3.9875016,0.97569007,-5.153283,3.7850697,-1.1029488,-3.5064025,3.9921322,-6.717939,6.6580567,-3.1971736,4.1381674,4.0364995,1.0302421,-4.309185,5.297998,-2.103671,-0.9193434,-0.72418725,-1.8134633,-1.7500184,3.3232133,1.7188594,8.098279,-7.3838754,3.715536,-1.5605161,-1.7207413,-0.8539431,-1.7480656,1.4731015,-4.2728324,2.036439,-3.2652256,10.889938,-2.830865,1.3148309,1.8874027,4.594299,0.49057737
OST4,9.21767,5.161955,10.447163,-9.298099,-8.927074,6.8353705,1.1120021,13.931626,5.870549,3.1577783,-8.887583,8.398666,-5.2356615,2.9151173,-5.282581,0.07470559,3.2335823,1.4329286,-0.23894739,-4.9642577,-1.9793373,0.9657085,-2.7633088,0.8111346,-1.0856197,-1.9158517,-0.8275805,2.1055741,-0.75004476,3.3996272,-0.93410385,0.05897886,3.7014627,1.5718931,-2.8913019,-0.44046324,3.1881707,-0.7371927,2.2962136,-0.60197645,1.4374589,3.7879262,-0.41906127,1.5262722,1.2805277,1.9578084,-0.5568542,-3.0413375,-3.3376033,0.39014918,-4.9467545,-1.4927937,2.3002431,1.7498493,-0.89328617,-3.5390072,2.7529457,0.32530674,1.773896,-1.7686199,-0.45593107,0.50737566,-0.004701594,-1.1572846,0.44494057,0.5165178,-2.1768682,0.12587903,1.4388463,-0.51578486
OTUB1,-7.830239,19.169392,3.860722,-13.62766,-13.45419,-10.087771,-1.5410941,-0.19260582,-2.2521558,2.061069,0.31348097,4.5083365,2.8082483,-0.23314807,-3.1347406,-0.9580514,0.4120219,4.9574037,-2.646519,-3.220181,0.4742998,-0.056071483,0.31068254,0.19561936,-5.2838445,2.8605437,3.2456863,0.43674505,-4.52889,2.1009398,-1.9453835,3.5958319,0.5206438,0.8194959,-8.261672,-0.18276271,-1.2890652,1.2154137,1.9065948,-1.2368342,-1.7684199,-1.4697154,1.7796685,-2.4693136,4.0730968,-1.8209873,-0.5262526,-3.0577846,0.067431174,-1.7838738,0.7498427,-0.96085286,-3.1010795,0.7704202,-3.190584,-0.3120088,0.13537006,1.6867137,-3.996832,-0.030200154,1.2961329,2.5706105,-0.2874296,-1.8630958,-1.6755345,0.99068207,-1.4743333,-0.87570184,-0.028395893,0.69415903
OXA1L,-13.94733,0.8695446,-12.762695,-2.0875328,1.6831759,4.007128,1.5826924,4.850772,6.5137463,6.53666,-2.115918,5.946367,5.1918354,-4.333071,9.181953,0.27056357,0.3668898,-3.2614882,-1.7859415,-0.44266298,1.2664083,-8.056739,-3.173378,-8.823449,-1.7230612,1.9591486,3.0162156,-8.248147,0.45917696,-4.408872,-2.796116,-1.2822007,-3.5358236,-3.4403777,2.5921347,1.9108359,-2.3595219,-3.789492,1.9939358,3.6018212,4.401808,1.635795,3.862015,0.04561634,-0.6320791,0.44372672,1.9657807,-0.5965011,-2.9476864,1.8863213,1.5887984,-3.6782975,-0.43438175,0.25979438,2.6771564,0.30264035,-1.375486,-1.3665215,0.382595,0.48077765,0.7930795,-0.5532851,0.42554787,0.23267147,-0.7613617,-0.8351484,-2.0860658,1.9525014,0.78994656,-2.7193756
P4HB,-5.5755477,-7.5282283,-5.539202,-2.0065258,-6.6629505,9.573871,6.7884107,14.108002,-6.0643926,2.522294,-0.29157558,2.9887683,-5.370517,3.655088,-13.358021,1.6957883,0.07474826,-0.6270128,-3.7615633,-4.597214,7.709274,6.7168884,0.48419967,-4.905156,-0.060839523,-1.8034725,2.1462345,-1.21702,-0.3806006,-2.5363817,-0.04071796,1.3745345,-0.16251433,-4.378147,-3.0777464,-1.8051931,-2.1936078,-2.3925478,-2.9498398,-2.7273133,-1.0358175,0.71701646,-3.3124835,1.8866135,-0.10252435,-1.1130016,-0.27371988,1.6825132,1.4806689,2.0997534,-0.8585636,-0.42320552,0.15941669,-0.45970362,-2.505534,0.017490922,2.3268173,0.49867764,-2.6784475,-1.3175472,-0.8014817,1.2257792,1.0000709,1.6215903,-0.4034947,1.8216653,-0.7389489,1.2779025,-1.2348826,-2.0321817
PAGR1,13.326311,-7.8448763,8.063287,-2.7932274,-0.4271324,11.427053,-1.0323088,-7.066074,-9.614646,9.934588,-8.281138,-1.2329097,-13.735355,-10.19956,2.0242417,0.8975877,2.399755,-4.4924088,10.073841,2.7032058,4.948278,-1.123715,-1.3286,2.8513029,1.7225018,9.753375,1.413776,-4.06186,2.8410482,5.9096375,11.253469,-4.768216,4.9587364,1.4519969,-2.620363,-0.92755985,10.254225,-2.8390749,0.94677454,-9.88472,7.008644,4.5045533,1.8662902,0.46074507,4.815403,-4.1337333,0.53239477,3.0296543,6.35096,-9.390109,-1.0136185,-0.14751719,-3.5063746,-2.4342427,-0.31722414,5.951223,-1.8786695,-2.1188416,1.5098318,9.75244,-6.590477,4.4230237,0.4874273,-6.8747716,2.7563758,-2.1947103,-0.70443726,4.847353,1.4391177,-4.6559753
PAN3,-27.533548,-8.232232,-1.745736,-2.0134022,-8.881789,3.6277013,-6.5265346,0.049012076,-8.646037,7.7358255,4.6099396,-2.993655,-0.062432777,2.7882695,-3.557759,5.749796,-3.600611,0.40846953,-9.523759,3.356688,2.4145088,3.1505463,-1.8649371,-1.9760742,2.3333144,-3.354537,0.603991,-2.4828737,-0.44631997,-2.3895652,0.8534804,-0.76177186,1.0342878,3.9435637,-3.399475,0.61738867,-0.117009945,-5.595942,-2.0983799,-2.7827127,2.835974,-1.4401038,-1.2769212,1.2358441,0.40298387,1.5902201,0.4243087,-0.6601278,-0.013726211,-6.259743,-3.869505,-1.0202473,1.1563581,7.5491247,-4.206531,-2.3659062,1.9980124,3.0995967,3.0020885,2.8456268,-0.7659259,-4.1501384,-4.01001,-2.3383813,-2.9357247,1.0878783,1.0734892,0.42552942,-3.867349,0.9172686
PARP14,28.71617,-26.60062,23.5686,-3.337657,10.004726,0.2576697,-2.6789932,6.3327093,11.96378,2.6466103,-0.064596884,-8.60861,3.330143,1.6074337,-1.4099132,0.3256715,-7.0276036,10.812577,7.5975146,4.985411,-3.9909623,3.8409436,5.215474,1.1753037,6.6182456,0.25418773,-2.7020235,1.7515262,1.5807192,2.8074284,4.152187,3.6990075,-0.9384028,-0.052089352,0.8332862,0.46352875,-4.6067505,-0.39957654,-2.4942236,2.009683,0.0117696095,-1.8901578,2.9711285,-1.7124914,3.7935066,3.0863144,1.0341916,-0.61584055,2.2557673,-2.7577057,7.045321,5.255895,-1.4938936,-4.5625224,-2.5185294,-4.2791305,0.058118753,-0.9584786,-0.11792415,1.6869098,-0.92798144,-4.5834417,-2.3206873,1.4916035,0.36848995,-1.4466882,2.663917,1.1280175,0.27601072,-0.3456978
PARP2,-21.307722,4.9057164,-10.62546,1.5074892,-9.2097845,11.302512,1.3008853,-1.6154436,3.1158526,-2.6646876,-1.9046067,0.10443611,5.689628,-1.9174112,8.0368395,-1.9999063,-4.025541,2.8013916,3.0868084,2.9178927,-1.2384144,0.4372111,3.5399013,-1.9788537,0.25622544,3.0470636,-3.272144,-0.1759377,-1.7191169,-0.3100458,0.36818263,0.8446412,-3.2948818,-1.1253881,4.514533,2.5636644,-1.5778503,-3.3351033,2.859111,-2.7211351,-2.052409,-1.3682626,1.5144014,-0.4379259,1.4008726,-0.5616695,3.8754508,-1.5789008,-2.1502137,-1.5739003,4.230104,1.6352397,-1.0960743,2.6862528,0.93293464,-1.6164525,1.9354675,0.40167442,-0.7227442,-3.568963,-1.3271108,-0.015501847,-2.5472677,-0.81505394,1.9557784,-0.48488852,1.8201537,3.9136803,0.3412069,1.565599
PARP3,-13.747156,11.324308,-6.518544,0.8528002,-3.883257,-3.1093225,6.341123,-10.778002,-2.7594957,2.323116,-2.8701978,2.9314556,6.019052,-4.8333764,-2.9844248,-0.31901285,-2.585057,0.9811598,2.6082468,0.67465514,-1.0948968,5.0649915,-0.22697513,-1.4768451,1.7019323,0.48310903,5.065197,-4.189772,0.93356186,-1.5152618,-2.650573,2.2711835,-2.3618822,-1.5638884,-1.023497,5.0358825,0.31178647,-2.9916437,0.6169758,0.58297926,-0.8234886,-2.0459456,-1.0857624,-1.7475029,0.43115708,2.229966,-4.334289,-0.25955316,-0.6420212,-2.4179323,-2.101995,2.3125598,-0.5691514,2.9639323,-2.3635054,0.7111064,-0.14085506,1.736612,-3.094535,2.2694876,-2.1051064,3.2796414,1.9423954,-3.0169225,-1.2901723,-0.36320725,3.6816463,0.6014565,-0.41810328,0.6003523
PARS2,-24.34494,13.118126,-25.79253,-6.6531715,19.088997,1.62733,-11.7062645,6.9635344,-0.4687326,0.01591181,-1.6955886,-2.9269316,-1.630794,-4.3140993,-0.5061122,-0.5249076,2.1305852,3.198275,0.52859807,-4.309756,-4.1753635,-2.8847082,-1.1712924,-3.7684336,-2.6573393,-0.16757189,-3.360936,-0.65587825,1.6059722,0.5064929,-1.0167718,-2.3606095,1.8934969,1.8368462,-0.41499293,-0.2570861,0.50452846,-1.838913,-0.54694384,-1.2252967,-0.07417066,3.6031475,0.7509122,-0.83168846,0.34168246,0.85296243,-0.6370835,-2.3884542,0.083874874,0.20342526,0.05868218,-0.6645843,0.44124067,-0.4726742,-1.2509792,-1.454251,1.2244377,-1.3449918,-2.0472755,-0.5538474,-1.0765549,-1.4388758,0.41007724,0.9163299,-1.4324052,-1.6501168,1.4089711,-0.33496523,-0.47071174,0.4945553
PAXIP1,7.779467,-13.810624,5.9430866,8.724335,2.8130412,10.607445,-5.2744465,-13.728141,-11.864624,-1.4241776,-7.4325757,4.6896176,-18.51332,-9.016649,2.598045,4.107253,0.56400067,-3.2227466,10.52588,-0.762974,4.818803,-1.7844412,-2.1761587,3.2604463,-4.348792,14.568031,-0.8663832,-2.0134995,4.737994,9.689802,14.895554,-4.163458,3.292741,2.0858352,1.1253271,0.34800807,12.465007,-4.8793955,5.433926,-16.318354,8.871005,8.198538,4.273562,-1.6510179,4.0129213,-6.1913347,2.1086643,2.144276,9.49451,-9.298173,-2.697757,1.5593457,-2.8303497,-3.445157,-0.46136948,8.099997,-3.8399696,-2.9744422,-1.2000749,10.598425,-6.582719,2.4670594,-0.24035077,-9.354492,6.602199,-4.7292514,-2.4364026,5.172095,2.526805,-6.233495
PCBP1,-32.07206,-12.003912,8.05685,7.173771,-4.130116,8.554525,5.81327,-11.046518,2.0602634,-11.2024145,13.705382,-5.2672324,-0.21540967,-1.480083,0.2553982,-1.706705,3.337355,-2.790101,-4.1345744,-3.0431712,-0.62605536,-2.5052876,5.53763,0.57694376,-2.3312302,-4.332962,2.22166,2.3949006,-1.5052708,-0.9794695,1.0875875,1.4895918,2.2913055,-2.882742,3.7025795,-1.9064016,0.50857085,1.5172371,-5.989862,-2.2250872,2.4290442,-4.1942153,-1.2248346,3.7992196,0.37671012,0.56623924,-4.649619,-2.4555714,2.850889,-3.8351963,-1.6665602,-5.3242817,0.044884924,-2.5640433,-4.919928,1.5913607,-0.60219795,0.13621555,-1.809844,-4.576928,-0.34611577,-3.5724242,-2.7000766,0.4007137,2.3363957,1.4157654,-1.1059409,-4.9277534,1.6037045,-0.11211524
PCBP2,13.963635,-12.608492,25.82806,-7.757641,2.3527966,-3.1802123,-0.29745063,0.6199406,7.4374633,-2.9909277,4.6488037,3.3269439,6.603246,-7.2694645,-1.5616692,-2.739298,0.33242482,2.308368,-2.3891819,-9.92217,0.8349146,0.42166746,2.107716,-2.617857,2.378913,-0.9839966,-7.6326265,3.9925394,-0.5894693,6.128199,0.3085822,6.939549,0.6598831,2.407069,1.3688138,2.2492206,4.5846133,-5.523174,1.5302058,-3.0917852,-2.7399206,3.0804832,4.1361814,1.0225145,0.22004272,2.2959213,-6.727959,-1.103581,3.3626864,-5.360313,2.8592515,3.4704154,3.1650803,0.3838342,2.7269726,-2.0683844,0.8438841,1.0539654,-0.5777846,0.5093462,-2.357919,0.17886616,2.7870502,0.5548076,-2.3117886,3.4141521,-0.6726459,-2.484352,1.3836501,-0.13346285
PCGF1,-0.12463881,-27.508984,0.6227263,5.7079434,3.53314,-22.32159,-3.0824494,13.365918,-11.3249855,-7.0006075,-6.46799,-10.00392,-2.511025,3.9048362,2.139045,12.129175,-0.5577745,0.9235025,0.058318935,5.2240553,-2.3150158,3.1779926,-2.4786868,7.9925833,-9.104718,3.4369366,6.476702,5.6286006,-5.045839,2.4412782,-7.3973017,-6.7877526,7.904513,-11.7678,-4.6562386,-0.06722787,-2.6910858,-2.3756533,-3.638,2.0212913,-4.0374823,3.8607304,0.26411685,2.7807782,5.027001,-1.9886342,-2.584022,3.4007735,2.411477,3.7041357,1.0531615,-2.9656508,2.082003,-1.6826683,2.4338694,-3.8133237,0.11850326,7.4954896,2.0406837,2.9605346,1.4720675,1.4430412,-0.6046799,-4.542551,5.4928446,-0.41501662,-5.304847,1.8818609,6.4271164,0.76603115
PCYT2,-7.297364,6.1330314,1.9874032,-17.876842,-0.04661947,2.486127,16.9542,13.3332405,-11.360447,7.63698,-0.3132096,-6.4905477,1.7646023,14.221355,-9.209017,-7.883108,-0.89913917,7.42217,-2.7829373,1.3928516,5.740111,-8.48501,0.4555929,1.0076505,5.599557,-3.5358958,-3.7285538,-5.8602333,-3.4080946,-0.63558227,0.7352429,1.5386084,0.5079233,-6.4535656,-4.692037,-0.49106783,-1.937259,-4.050254,-0.18949895,0.6595944,1.671929,-2.149087,-7.7834625,0.9602157,-0.6749464,2.5978518,3.890116,1.0238042,6.7513385,-3.36256,-3.6829877,0.010786074,-2.1814737,-4.2488785,-0.15179615,1.7495008,-1.1220604,-0.2962525,4.9654512,2.7558892,1.2726055,-1.3291107,-5.057531,-5.730833,7.2379665,1.594666,1.1463456,2.2042377,-0.700411,0.9179393
PDCD10,11.826124,-7.595985,21.210045,-4.1221914,1.5747955,2.1865244,-3.7287357,-3.099078,7.932446,-0.9773249,-6.0014687,-3.252477,-2.74875,-1.7487441,-7.200282,-3.1272554,-1.3787925,1.0991137,0.8440055,4.402952,4.6641064,-1.5422577,4.1293497,-1.9041498,-0.93121654,-0.12733145,-0.5256186,2.6798787,-0.7220061,-1.3199666,-1.7854552,4.6195574,-3.4491313,0.009808713,0.6551395,1.6032107,1.2719363,4.713042,4.2327147,-3.7273958,-3.694614,-0.24898455,3.8760512,-5.272898,-1.9336903,-3.430155,0.85738343,-0.45844534,-1.4269643,2.4741108,-1.1998838,-0.37541986,-3.8592346,0.9240523,0.65403515,-1.6369685,0.59110886,-1.3846945,1.814579,3.500405,-2.9567528,-2.3725247,-2.3793094,-0.36162442,-1.9720588,0.3800618,0.9399025,2.5430768,-3.3827462,1.2177634
PDCL,-46.556328,-16.013731,-20.231422,6.521233,-15.639761,5.04097,-10.685716,2.4128466,-8.4114,-2.8452067,2.1601017,7.0413876,11.666921,1.2426766,-5.185792,0.33047646,6.183799,1.3462193,-10.017082,-12.4593935,-12.794162,-11.636272,-4.3606153,-3.8540874,-0.703748,1.9896665,3.5475817,3.321739,9.414882,5.6435075,0.47469604,2.2210722,1.7248666,-0.06856157,-4.495133,-6.7622,-2.9618647,-3.5770965,1.8851581,-1.8110023,5.7150745,-5.0273433,-0.5167929,1.5061258,-0.25632477,2.08894,-3.359379,-6.763362,1.174483,2.2829568,-0.041875027,2.7054913,5.918962,1.8542514,1.9039884,-2.7354321,2.9079401,-0.15538478,-2.4275994,0.60055256,-1.580036,0.5929512,-1.7255865,0.13243967,3.5968208,-4.2258015,-6.402946,-0.53920245,-1.0993712,1.1929609
PDIA6,-21.28246,-9.242042,8.606204,-5.066212,-5.21205,23.492188,6.109663,11.745731,4.0164742,-5.810024,1.6872267,7.815615,-8.019343,5.5524592,-11.197802,-0.018111495,5.6015277,3.055825,-1.9805567,-4.1034636,6.8096943,7.5608487,9.97976,-3.522636,0.12813719,-2.4382038,6.418554,-3.5384054,-2.9918547,2.2187028,3.4735951,-0.76647615,-0.29449925,4.685468,1.1288334,1.4018439,1.092654,-1.1329249,-4.487022,-1.1641628,2.613488,0.49102604,-2.2384074,0.88181835,1.2252253,-0.7786241,0.23276734,0.7577194,-0.32175744,1.4708873,-6.66704,3.2640533,4.1137133,2.1566017,0.28700742,-3.7200227,4.754599,2.4711823,-1.1591978,-1.9663566,3.7052069,-0.41532543,1.2590315,1.4499518,5.1187677,0.6799517,0.8622458,-0.52723396,0.2884665,-2.3636725
PDLIM2,-8.660546,18.34029,2.0974104,-3.8882213,5.519456,-8.326376,-13.02857,-0.39198563,4.1550674,-4.436983,1.0947329,1.2341233,-3.0897617,5.8748913,3.5702698,0.99480677,-8.762852,-3.2665844,3.010732,-5.223522,5.019667,0.9792906,-4.1822834,2.0712404,2.284377,-1.1560482,0.54373336,-6.2809467,-1.5422388,-0.77404964,2.060725,2.9565542,3.5362108,3.7501366,1.7444865,0.7113195,0.12661661,3.504968,0.31251147,-0.7055712,-5.4807053,-0.78921735,-2.1242743,-1.5951775,-0.4732819,0.5784242,-0.5610306,0.47624397,-1.5644764,0.49695265,-0.8174497,-0.641305,-0.07640138,2.0899236,-2.1140037,2.4014537,-0.28760913,0.46854544,-1.022609,-2.7653623,-1.275181,2.0057523,-0.011423762,1.33647,0.13922532,-0.4602,0.36359033,1.7965087,0.51240337,-0.7401923
PDSS1,-16.693504,9.578026,-8.877931,-8.784301,24.513672,-4.388771,-11.421642,0.110382006,5.9487004,-3.3698678,5.115461,0.3844658,3.0005271,2.7288501,3.675644,-2.7682152,4.32488,0.38735715,0.029837118,-0.37624976,0.39907175,3.6897633,2.416925,-0.111282185,0.77359176,-2.0543463,-2.5684247,1.3424376,3.3496876,-1.5069838,1.2755327,-1.8141813,-1.7503749,-0.3092223,-1.667776,2.3287523,-0.18073192,0.39068523,-1.5454067,-1.1806843,-2.272338,-3.383429,-1.534815,-1.5691928,1.0413387,0.27858296,1.5535417,0.29843518,-1.4821234,-1.6909486,-1.0191588,1.1572279,0.12659238,-0.29219323,-0.09659767,1.4037687,0.4406515,-1.3149824,-0.46408817,3.9073699,-0.18087848,-1.2407849,-2.1436558,1.4562271,2.4356847,0.4361027,-2.8062737,2.0359383,-1.0036172,-0.42095646
PDSS2,-26.832865,49.252594,-25.195631,-9.235187,15.767434,-7.1011677,-8.774245,-5.6621156,3.325623,-12.057014,5.7633166,2.4197428,0.73902303,-4.0572386,-6.1909175,-2.155265,4.952113,1.3855687,-2.227565,-5.5665083,-1.1466622,-1.9941909,-0.6421542,-4.6061406,-0.22913063,-1.5455868,-2.302888,-4.0989327,-0.9216298,2.0039518,-2.17912,0.5442772,-0.8511319,-2.799928,-2.969417,-0.4730012,-1.9477931,-1.7053089,-5.488884,-3.9468977,-4.1148477,-0.058034472,0.762045,-3.8797536,0.29409778,-2.5842373,1.131192,1.2760334,2.6685395,-3.0304675,1.7379255,3.842988,1.0390677,1.8034099,0.0427393,-0.8676222,-1.8061433,-3.9857965,-1.9878409,-0.95870125,-5.2834253,-0.43368542,-1.7831239,1.4734612,0.86452186,0.4659002,-3.117418,0.71128386,1.9864432,1.6810781
PEX5,17.345049,-5.7261434,-6.26646,-10.107643,-6.1034575,1.1895939,5.172339,-0.6558685,-7.5685434,11.69376,-11.513711,3.119077,-2.756433,-2.9498434,5.219355,1.4196305,4.1862125,1.3902591,-2.7450435,-4.128318,-1.9843242,4.1350956,-1.0742058,-5.055919,1.7952667,-0.07728503,1.3288293,-1.4612808,2.1040614,-1.054771,1.6311176,2.0791576,4.790765,-2.1594357,0.07337616,1.038069,3.2465005,-1.6850404,0.32869536,1.7952751,-0.030702047,0.6827891,-0.16907719,1.147097,-1.5352303,1.1175995,-0.37023494,-1.1489804,-1.6261134,0.21305887,-0.9763212,-2.9519591,-0.5169169,3.1175337,0.021878354,-2.6218612,-1.6960136,-0.30839655,-2.4813664,-0.5349013,-1.3765914,-0.8406146,0.4389385,-2.3132205,0.73982424,-2.677745,0.774916,-3.0518062,-0.5803552,0.79740864
PEX6,19.426258,15.303334,14.286643,19.861443,-1.0001454,5.8578863,0.23060624,-6.6221027,0.44259787,-0.37452585,-1.0767183,-8.68644,-2.257207,3.7154632,-4.171201,0.41065478,1.0315936,2.169913,0.70657855,-3.670302,1.7762097,1.2024114,-2.9725754,-2.3608072,5.140323,1.0519102,-0.09901789,1.7638874,0.6720954,3.6888707,0.51698214,-2.1438112,-0.5007017,0.3611335,-3.9492698,1.4006602,1.4738524,-3.280054,3.6400049,-0.6318868,0.2349835,-0.32932574,1.6493235,-1.5493076,1.8373057,4.258455,1.9420557,-1.4943565,-1.3365507,3.0391095,-1.1382344,0.91757995,-1.1777464,-2.2066035,-1.1321267,-2.2953224,-3.5111752,0.62229,-3.498476,1.203338,-0.88279843,-1.1285685,-0.16154663,0.82376254,0.91965085,2.3298745,-3.3358426,-2.1459339,-0.08837759,1.5814131
PGK1,3.9276617,0.72011656,-15.111364,-5.096801,0.22655793,4.7201047,10.23333,-13.79917,5.239693,-4.8710456,2.4877422,3.6486194,-4.194869,-4.55017,-3.322186,-5.9440355,3.4836247,-0.33122775,6.5457516,2.1628366,7.2351074,5.0615606,-6.238967,1.2897106,-0.31870526,4.226856,-0.1286077,7.8122725,-1.5586905,-2.4360704,-1.5887431,5.787814,3.107324,-2.533953,0.41745207,0.19340807,3.3232143,4.5977273,3.6775677,6.152687,0.37015784,3.118097,3.3658655,-3.0404348,-1.0896198,2.072527,-5.3698378,1.5549569,0.83736277,-3.5324936,-3.117622,-2.3787713,-2.8795273,-1.2583978,2.0022893,2.8410585,-2.332947,1.4475898,3.2859156,-0.66094196,2.7153633,-1.8894482,-2.2248638,2.8380265,-0.716415,-3.8968575,-2.5779126,-6.1508484,1.7381883,0.92979205
PGS1,-1.6062009,-11.797219,-13.892806,8.13071,-0.081814915,-3.1410294,9.4132395,8.464849,1.562355,-5.979349,2.1672823,0.3878512,2.3377872,-3.1846633,2.4512548,0.2772877,0.6146261,2.57131,1.5478392,-1.9584762,-0.06996517,-2.9489727,-3.484101,0.328779,-5.147128,4.3797264,-1.7035273,1.3573192,-1.4667388,0.6775256,-2.6184638,0.4719875,-4.53155,-2.9354782,-2.4606457,-0.57068896,-0.8723098,0.7243614,0.5761816,-0.29602665,2.829567,1.9676299,2.9245322,-1.5152961,-0.28983158,-0.16855891,0.68773764,3.338159,-3.1757264,0.782985,3.7865646,-3.2232165,-0.35643995,-0.28240326,-1.1837702,3.0046144,-2.0176842,-2.8642445,-2.1554224,-3.4644785,0.82182395,-0.8376525,-0.34107843,2.078297,-0.88845134,0.84212214,-0.5576885,-1.6145335,-2.0085118,1.263232
PHF12,-12.495617,-13.608409,-2.6397138,5.285633,-6.2415867,-4.7783237,-13.253351,-1.8805863,0.11861159,3.865522,-8.7109995,2.2964308,-0.97970295,1.6829207,7.2230763,-8.4665,-1.5477394,9.840707,-0.19663972,-2.1700091,-7.3684974,5.0440135,9.858914,1.9331715,1.8524086,4.8649178,-9.290361,0.0760541,-4.284431,-1.4382318,-4.670476,-4.7492204,-4.7700768,2.4727402,-3.9663315,-0.11998535,-4.894195,4.9209433,-5.757672,-1.8124888,6.1350226,1.3353201,-0.813971,4.8062716,-7.7215853,5.41297,0.23504212,2.6353729,-8.238398,-0.3128691,-4.325238,-6.024189,3.7690756,0.69215184,0.72030234,2.2192163,-2.102143,-4.9696426,6.3246045,0.9872536,-4.113164,3.781033,3.5614648,2.4156585,5.1765103,-1.5580981,-3.0519612,-3.4268281,1.749546,0.52017885
PHF23,-0.68513983,7.013698,-4.215735,-0.5848963,-14.747752,-7.6481066,-5.075224,10.178302,-3.0799034,5.575179,-9.131827,-5.924546,-1.838,5.0973344,3.897387,0.0692037,4.349106,-1.6934685,4.7092905,-1.6425239,-1.5021006,5.240008,-5.1720314,0.946415,7.211621,2.0011394,3.17621,1.2010002,8.28715,-0.5373845,-5.5317,-3.8077264,-0.15296207,-1.0325395,2.766857,5.230529,-1.2418376,4.0792828,0.58705807,1.026547,-0.563452,-1.1398524,2.449825,2.795679,-7.3169365,-2.4337108,-4.300909,-3.3894942,1.424803,2.1291757,-2.9967458,-0.52593696,-0.030159729,1.1477529,2.4038806,-2.1528177,4.0634766,1.0046855,-3.8404713,-2.0755455,0.1843294,-0.8416091,-2.1416194,-1.730996,-0.55357397,0.64305776,-1.6266432,2.7261612,-4.417311,-2.0419865
PHF3,-9.52742,3.9172993,7.7178817,3.42988,-4.535745,7.0159802,-7.512395,-8.390667,5.2693987,8.886049,-2.3667583,0.43933505,-1.7494034,2.864913,-1.1460444,4.749526,-8.32437,-2.601718,-1.527628,0.20946518,-2.4294214,1.4802448,2.8899176,-2.8077502,0.7532955,-2.7967823,-0.8115996,1.9209638,-3.3121498,-8.079743,3.2529042,2.240213,-0.1896644,-2.7579854,1.1052402,2.386293,-0.5293286,-2.4246876,-5.2602744,-1.1111939,-3.7115192,0.86694205,0.40847412,-1.6517688,-1.0278738,3.482389,4.921275,2.1866176,-0.6816274,1.1562169,0.5496064,-2.8104312,0.2133568,-4.018776,-1.1414301,-0.51945484,-3.075883,0.44628486,-0.20522806,1.315744,-1.8655126,-0.7579095,-1.3410265,1.0771071,-1.9536842,-0.9172112,-0.86348397,3.8935275,2.2362874,-1.591911
PIGB,8.246312,-22.19028,0.11815319,7.412507,3.1857097,-0.07837588,-0.75550675,1.4091991,3.2001493,-4.3197727,-4.6355743,-4.961172,-6.3801694,3.081169,1.1913639,4.566791,-6.7124844,2.8390772,3.1848595,0.29863468,6.2890806,4.9950323,-6.151085,-0.19513243,2.1535766,2.2380934,3.7117162,-0.88757867,-2.7799149,5.8326674,7.214935,5.663043,0.6013921,-0.32600173,1.7832239,-0.0566176,-1.3741839,2.851684,1.0923483,-2.0599668,-2.618825,2.483748,-2.8778367,-2.4584,1.0829535,-2.123903,0.74115616,2.1058433,-1.9222792,0.50577825,1.6250504,-3.0284998,-0.80599415,3.4528937,-5.301948,2.3611157,-0.09161816,-2.0731652,-0.42389196,1.6751906,1.1009296,0.72128516,-2.4181397,3.873408,-1.66198,2.1240308,0.37291998,-1.8915848,-1.1770575,0.2655766
PKM,1.9387411,6.545099,-31.035065,1.8070855,13.3904705,4.339884,20.499449,-14.437109,13.666851,-4.98366,1.3464551,8.924648,-6.1238728,-4.970159,-8.458667,-5.1785836,4.3043966,-1.8545665,14.099349,9.065837,14.924087,2.8031113,-4.701555,-2.3676403,-1.8807592,1.6077799,0.6926003,7.0563297,-2.372407,-3.1955125,-1.1824796,2.81477,8.776721,0.98419267,4.8961854,3.7372658,2.104839,3.8096092,2.974734,4.7687564,3.6009743,3.3058922,11.807402,-7.2371383,-0.9488346,6.8300147,-5.918426,5.165123,-3.2029312,-4.258996,1.9643005,-1.2994924,0.004586189,1.3789777,0.42844108,0.42228872,-7.6840053,1.7467107,4.9756246,3.9516163,2.8848424,-3.0774987,-7.3645716,3.5202346,-4.0794845,-6.4037952,-3.8229797,-4.1875453,0.8711546,-2.8529963
PKNOX1,-9.699552,-3.2115114,-8.272376,-2.7003798,-2.2516623,-5.206738,-1.7026494,1.4286306,-5.810324,0.96377224,-7.409,5.5451565,0.29331475,-1.9018589,-2.7572455,0.5376425,-4.6786427,-1.5718693,-4.1814938,-0.024395743,-4.294542,-0.42420068,1.1134012,-1.1489663,-2.1569705,1.6704304,-0.096909925,3.6071517,-3.3034852,3.5343108,0.08741051,0.39590713,0.49688974,0.45888594,-0.9446996,-5.024216,-4.273866,1.8962704,0.34425822,-7.855444,-2.1837747,-2.969934,-2.012286,-1.8298787,-6.919751,-0.22831653,-1.0572791,1.0716382,-2.964893,0.027721783,4.3856993,-7.3889976,-2.688485,-3.0037262,2.8173704,-0.19505735,-1.1929314,10.14367,-1.2924713,5.6145406,1.1303682,-14.589176,0.42634583,5.764856,-6.485189,-6.907161,-0.639003,-3.8179839,1.924732,-7.0889955
PLCG1,163.60155,-12.285599,-33.749,-18.063097,-14.844743,0.5531277,-10.403576,-10.403293,1.8934692,-2.6427565,16.982632,-0.5275885,0.24693762,0.87709725,-1.0147266,-2.1841793,0.72836703,-3.4259987,-2.6071396,-3.152301,-5.314464,-5.808427,-0.4330103,-2.1167493,0.88312274,-1.5563107,0.8357436,-7.343183,1.0110012,-2.3421192,0.23309597,-2.6489437,-1.4421349,0.49419457,1.8103541,-0.5189177,-2.0519009,-5.94979,1.319633,-1.2924889,1.5739641,3.0786364,-1.809305,-1.8573843,0.84224147,-0.67557573,0.1686183,-1.725806,0.309436,1.8312865,1.5051513,-2.01905,1.3150365,0.5807827,1.3617308,-5.2372265,-1.0294536,-0.45641264,-3.2084126,-0.15751734,0.72318447,-1.9870961,-2.629168,0.06921023,3.7569156,0.7787937,1.4794002,-0.8669335,1.6950651,-0.64136696
PMVK,-18.609234,-15.397624,-25.75899,4.219389,0.09255645,4.2532673,6.465001,-2.6924226,-5.098435,-1.7032174,1.5921838,-2.513802,4.297284,-1.55659,-2.1147885,2.803051,-1.8228984,2.6964312,5.2225547,1.1160412,4.4107957,4.113778,1.5990355,-1.5194504,0.21612553,2.919314,1.2251593,-2.2311459,-4.3274097,-0.4164106,1.4405872,2.5510554,1.9715854,0.8544087,-0.15597232,-0.7110273,-2.651645,0.21617642,1.6673818,1.7450167,-1.1180419,0.65173584,-0.52709657,-0.13289195,0.5767097,-0.26333052,-2.1200602,0.5736922,0.24083334,-0.58062804,-0.26456326,-1.4988717,-2.7890122,-0.07993146,-0.10030974,1.7366058,-0.11932253,2.273182,-0.7461652,2.7715042,-0.85207677,-1.6009591,-0.34390572,-0.41065934,2.6654058,-0.57220685,-2.6733987,0.06769344,1.4024131,0.48852682
PNPT1,-26.9498,20.272821,-28.957445,-6.070636,26.831032,0.7316377,-12.593246,0.36570626,1.3358322,-9.04342,0.50544703,-6.36619,-1.3311647,-3.400757,-1.0586697,2.8795195,1.6027887,-0.11669126,-4.469878,-2.9367008,-0.5536651,-0.06546361,0.12027247,-1.2468011,-4.215565,-0.12936278,-2.9300802,-3.6223695,0.5101644,2.007847,3.080721,2.8986924,0.97047496,-3.1850302,1.6760188,0.3398877,0.3619956,-1.7398671,1.2519964,-1.1233702,1.7444859,-2.126347,-2.7268329,-1.0794055,1.3997179,-0.41514146,-0.6941967,0.17112581,3.1119318,-0.13636388,-0.9910848,-1.805975,0.53202236,-1.9583305,0.1119322,-0.6836712,0.6008161,-1.372298,-0.58430326,-1.6168852,-0.40364408,-0.3563794,-0.7496119,-0.047566522,-1.4668226,-1.4985149,3.6968377,-1.6230824,0.33347717,-0.44228405
POGLUT3,33.040257,35.088768,0.77103424,30.564596,-7.7741046,13.791764,-20.606888,-3.485181,0.4653305,9.046887,-10.372515,-18.64942,-6.607021,-1.6558539,6.5055714,-6.458667,7.2003083,0.39705262,-7.564581,-10.710343,-6.4380455,-1.6433465,-2.904566,2.5214267,1.7637513,-5.955072,1.7509409,3.1905189,-1.0135108,0.88518846,-3.756286,0.31424323,-7.149459,-2.5455976,2.9095082,-0.98287684,0.45870236,7.393652,-0.29114646,-4.345653,5.39715,1.7090821,1.7908069,2.0730555,3.723962,-3.7735398,1.1240613,1.7736766,8.202286,-3.191763,-0.9934449,-4.038367,-0.113143034,5.037295,2.143256,-0.30756766,0.49324238,-2.3311543,6.6983566,-0.5308878,4.5424795,1.5471722,-2.8976686,3.1302512,0.6749367,-0.7913299,0.14659542,-3.5030165,-1.465589,1.1378564
POLG,-15.769068,10.960641,-17.886309,-2.3988054,17.39381,2.25512,-11.766765,2.3127384,6.618139,4.4183693,1.2466024,1.5774803,-3.8483233,-1.4605678,-1.8651206,3.2079442,1.661722,-2.5786307,0.9340424,0.29497176,-1.277513,-0.91729593,-1.2158227,-0.23104978,-1.7217559,-2.7361953,-1.0049626,-0.19388574,-0.059908316,-4.2767053,0.60955656,-1.3312459,-0.08640683,2.3260648,-2.1416976,2.1336725,-2.4721184,0.58593667,1.6992346,-1.5729485,1.6631093,1.749352,0.17256999,1.0317569,1.082324,-0.90621746,1.2492391,1.3781488,-0.3368116,0.4819672,-0.75554955,-0.47753158,-2.045337,-0.9766002,1.8063091,-2.3979838,-1.0396557,-0.14349109,-0.19377947,-1.5077114,1.46668,-2.4501035,-1.7491384,-2.400667,0.03490871,1.4118044,1.0436904,-1.2379276,-0.5655583,-0.74309814
POLRMT,-16.095648,0.4624572,-10.039999,-2.952665,19.428083,4.1670814,-10.782527,4.102632,3.7325644,-0.8884814,2.6846921,-3.0253565,-1.5820634,-5.0234175,0.33958057,2.3419142,-3.21826,-0.5775122,1.2318463,1.9316851,-0.7363457,0.069931544,-1.177418,1.6536778,-4.6758394,-0.35884583,0.22181384,-0.1410513,-1.1240926,3.2645133,-2.597323,3.4240255,0.67913926,-1.436847,-0.85997254,-1.0318538,-0.57670194,1.081748,-1.4962821,-0.25772914,-0.21121573,2.0170143,-2.3556106,-0.34899312,-0.8290524,-0.9904769,-0.72907394,-0.059660982,-4.318516,0.6358072,2.132216,0.53227395,0.89931333,-1.045397,-1.2528484,0.52459276,-0.844307,0.045055103,0.9821237,-1.0211459,-2.2496636,-0.3404933,-1.0326893,0.9467348,-0.124331005,-0.27160248,0.4351662,-1.4077877,0.3087068,-2.9532251
PPAT,-27.896595,-5.9898725,-0.783847,-3.1942403,2.274353,4.3216715,-3.1788497,-5.842597,-0.1962025,2.9240139,3.9011526,4.919525,-2.2202878,2.8273706,-1.4030459,-1.0582963,-0.9227637,1.0951207,3.207749,1.3031206,-1.3916589,1.6167958,4.089771,2.0981355,2.4629095,0.49419537,1.7338821,2.4382029,-3.6754696,3.215939,-1.4811254,-4.2353797,3.3095303,-5.0020037,-4.2821646,3.968766,-0.3731252,0.5855228,-0.27484185,4.1743283,1.6278414,-2.4031785,1.5245404,-5.806625,-0.54832345,2.9043186,-1.4547082,3.4868407,1.1038996,4.7020273,-0.7686965,-1.407136,-2.1193135,1.5895628,-3.9519289,-0.0902785,-1.5948634,2.3377059,0.8570091,-0.8657588,0.31138492,-0.7917189,-1.7265654,-1.6795155,2.511764,-5.3326488,0.61633605,-1.0095018,-0.9473322,-0.31456318
PPCDC,0.80259305,1.8498569,-2.5968833,9.393479,4.11626,9.881582,1.0485811,3.5919302,9.151348,2.2968965,13.042507,-1.2055438,-13.156916,2.4434884,1.9519203,-9.33666,-8.132301,-1.616305,-1.4541634,5.360668,7.664016,-2.6093295,-12.691037,3.2018275,12.930786,4.073634,1.6283513,-3.0028691,-5.452218,-0.34456763,-0.63545954,10.019699,4.7978373,1.3121688,1.1665531,-1.083915,7.7753386,-8.953995,-1.6252961,7.63206,-2.9082363,-7.438551,-4.4412518,-7.221586,-0.21870472,6.0707765,6.7461615,0.5301294,11.364251,-3.3245487,2.0162873,-2.8338666,4.253144,5.966843,3.8127685,4.9253955,0.8585673,7.7710347,1.4656097,-1.5972582,-1.6957717,-3.7853134,3.8190205,2.271218,1.61482,-0.105350636,1.8883153,-2.754556,-1.4884175,-1.7489618
PPCS,-6.6989555,0.8619616,-10.156049,11.027346,6.8316307,12.97765,5.3757887,-1.785594,7.624951,-1.1337548,12.536679,6.4327397,-7.087032,-0.48117962,0.2617137,-6.5251474,-0.59432274,-1.5462939,-8.389575,6.9397407,3.6961458,2.4655094,-8.795512,-0.63998264,10.336733,4.978724,8.10975,-1.9425739,-2.8549485,-3.1670578,-0.563478,8.067874,1.6046407,1.1639915,1.0225996,-3.2332866,4.1081004,-8.091201,-6.549785,4.3959155,-0.87906384,-7.505639,-2.8907843,-7.066996,-1.0390458,5.8556795,16.351269,0.976107,9.339249,-5.9148197,0.14804143,4.1585197,10.934784,4.71019,11.843759,2.7591276,2.0790715,6.850565,1.1986783,-2.9894574,-6.5595927,-6.217491,2.0889785,-1.0754621,2.0857315,2.400891,-0.004430024,0.49975258,-1.4549278,-3.3781471
PPDPF,28.032871,-6.5267606,5.6478786,4.7276664,6.6031384,-9.922834,7.7680993,-0.43290934,11.390134,-0.6694258,2.4919336,-2.7851436,7.5165005,-0.8713612,-3.1548357,-0.5426079,-3.9093802,13.390398,4.689277,2.5458376,3.0279322,8.193698,1.2458183,2.706113,9.535034,-0.2292841,-0.6828207,-3.8294494,0.2494193,-1.5020307,6.622302,7.8992987,-2.1332023,-2.5360658,-0.6880762,-1.4737196,-4.0555344,-1.1369101,-1.8237512,-2.5020247,-0.41268003,-5.358238,4.767313,2.3406105,1.547911,-1.59901,-1.9935205,1.0358009,6.5266385,7.46487,0.9190026,2.014573,2.780829,-1.7442043,-1.8091296,1.7808427,1.2712743,-1.2565289,1.3015126,-0.1305499,-3.2627115,1.2271127,-0.27505907,-0.7578538,1.5256249,-2.7821648,1.020013,-2.302103,-2.4649427,-0.0065560313
PPHLN1,-11.039102,-5.441408,-12.173958,11.7516775,-9.780093,7.5801835,-7.1791563,-3.8311155,4.985906,-1.8319882,-2.82689,0.827318,-3.1869395,-1.0751342,-2.0626009,7.432963,4.3641253,6.797709,-7.335158,1.4831294,3.167897,-6.19214,-0.24737655,-6.174402,10.705469,9.389692,-1.2306213,-0.8228802,1.7676414,3.8437412,-6.764107,-4.5800405,5.245652,-5.4761324,5.207674,1.2521136,5.398755,10.298811,3.0799215,4.6888237,1.4235084,4.331758,-2.7042663,-2.5531092,-4.7984376,-5.1021466,-1.559999,1.9618721,0.6966057,-3.9543324,-0.17949168,-1.5591228,1.4012933,-0.49785858,2.5978281,-2.138465,-3.5322113,-1.212674,1.2118204,-0.96575993,0.7001201,-0.13722609,4.7156944,1.2668456,-4.396214,-3.4849179,2.2703686,-2.2993453,-3.1935194,1.555009
PPIH,-32.925686,14.735458,1.7347405,-1.5252377,-11.886881,9.140732,1.5869935,-11.944652,3.8196592,-11.831158,8.174919,-4.0414987,1.4422561,1.2596273,-5.381102,-2.7181475,1.5918976,0.9978942,0.026183583,-5.2874236,-3.0530448,-2.9190712,-1.297895,-0.0942663,0.41469863,-2.2339993,1.3293937,6.3874555,1.8531026,-1.2890091,-3.8849254,1.6676553,5.408874,1.9880483,6.108717,-3.0777972,-2.1493232,5.7692547,-2.974237,0.68426114,2.47855,-5.437036,1.2158132,-2.274079,-1.549648,0.5478134,3.0616274,-1.4754412,-4.1800423,-1.9263601,-2.1988251,-3.0212588,-0.3260342,-1.527778,0.1881107,-0.86487854,0.29984793,3.1297753,0.4014554,-1.8534029,3.222612,-0.24936818,2.6991854,2.3380387,-1.9182398,-1.0781112,-3.1682026,2.8787334,-2.5039268,3.2712178
PPIL1,-6.177363,15.2166195,-0.08463343,-10.561417,-12.002497,-8.557701,3.1302173,-1.7083992,-3.3867207,-6.537886,-2.5265374,0.46596372,-5.950328,0.8878842,5.88698,-2.274779,-0.23837735,-1.663627,1.0844117,5.23285,-2.5625923,0.9765662,-0.88825893,4.0994587,-0.1021878,7.3316298,-2.3012621,5.4575114,-4.9707255,3.4486265,4.895336,0.53719133,4.521189,0.81933105,3.926886,-3.9158096,2.9157844,5.972544,-0.8048277,1.4418995,3.9264548,-2.9116066,3.320103,1.7736055,3.8097627,0.77044904,3.335193,-5.9656153,-0.40477067,1.3500475,-4.8928056,0.540537,-1.2418864,-2.4261763,-2.3440251,-3.8550951,3.1906552,-1.043914,-2.8645988,-4.973593,-3.1586974,-1.8398577,-3.5185084,0.71201825,-1.8029304,0.44726136,1.3176935,2.8434386,2.3776922,-0.72211707
PPP1R11,-12.382531,18.880753,3.207388,-3.506699,-13.50548,8.046104,9.858322,9.49675,3.7724743,-7.3887396,-0.918505,-4.391179,18.66776,-7.856025,6.3737516,-0.5974335,-8.812013,5.282799,4.6802387,-13.007735,1.8682178,-4.110585,-4.727394,0.113482565,-3.7826335,7.9487405,-0.61843127,0.76016885,-2.7820683,-4.3354435,-4.2718506,-4.4590483,1.1573199,4.9281917,0.2580083,1.714798,4.531275,0.538902,-5.1483984,-1.3125097,1.1353127,1.6384603,0.5036549,2.660772,0.6837182,-1.365609,0.85368806,-0.28767943,0.049074974,2.6461754,0.50031066,-10.987541,5.4336157,-4.7986493,3.0885463,-2.0229423,-2.5496545,-2.8710017,1.8457481,7.030707,-0.051838346,0.20417947,0.9305744,3.8729062,-1.7754903,0.65139776,-1.689485,3.5476444,1.7638009,4.9403234
PPP1R2,-6.2608094,16.125242,-6.4186606,1.2510617,-16.522161,-1.6150128,-5.2617555,1.1667515,2.6672077,3.2800817,-7.6886964,-4.0838604,5.997748,4.8389764,-6.4412246,-3.1722512,-5.43955,4.7481737,-0.31164205,-12.294482,-3.4535503,-4.5741982,-10.379952,-2.569019,1.8256894,-0.26452276,-5.8154225,-1.7238709,-3.5650659,5.24833,-0.2586622,-0.98504883,6.552041,2.2288253,0.49665606,3.1968424,6.048332,-2.8336658,-2.5828698,0.8010099,0.618026,0.74470586,0.25718588,-1.4846339,-0.21517742,-1.891731,-1.4997681,-4.876111,-4.975455,-0.666163,2.9358907,-0.7731861,0.98789346,-3.5735335,4.5054855,-0.7644926,-1.4190178,-0.9062071,0.4546793,2.2695425,-3.5623217,-0.69978726,2.9727042,-1.6006913,1.9114195,-4.17529,1.1646086,-2.483271,-1.3103302,-0.30937496
PPP3R1,18.942581,-23.156746,-7.566826,-2.2873936,-1.7172152,-9.4637,-2.7814758,16.461718,-9.771841,8.875273,7.213787,-4.5868483,-1.1486107,1.1543484,6.757008,-9.380613,5.6220655,-0.07259455,2.3994727,2.6180246,13.253891,0.7851883,1.6874043,0.15594816,-3.0521858,-0.37357762,5.4952993,-2.6102855,-1.0186797,-1.9452646,-1.232605,3.8443403,0.8556362,-7.660069,2.1212564,1.2588774,-1.4014183,1.1327165,-9.455497,2.977212,0.9357321,0.12774388,4.8365173,3.5261033,-4.1142344,0.8335599,-0.9530298,2.8520548,-0.2519948,2.995513,2.5253036,2.9428494,-2.9051986,1.2765573,-2.916968,1.8036487,-2.3862221,0.11935529,1.058092,1.1876347,0.7049298,-1.3810916,4.0451946,-2.478822,4.4006963,-2.2804663,-0.7293051,2.1941612,0.86770225,1.0569785
PPP6C,-14.783645,-1.3567657,5.9921618,-11.847585,-1.5456839,-13.384029,14.39487,0.8010221,-8.510007,-2.8874166,6.129638,-3.0026283,-6.6090727,13.946342,3.4886477,3.1003568,8.162578,-1.664231,-0.2828039,2.467582,-4.577472,-2.282425,0.048680354,-7.338779,-1.5346682,-5.897948,0.9667643,-1.3197294,2.0311499,-6.5070534,-3.7030816,0.8845045,-1.9583224,-5.4324036,-0.8345261,-2.0741577,0.52938545,-1.815296,5.34369,-0.8732963,1.3874222,2.2036448,2.6150093,-1.3884629,0.06930451,4.019432,-1.1372204,-1.3576082,2.520452,-0.13512434,-4.4694657,-3.5109649,0.7302911,5.9012218,-1.4316156,-0.44856396,2.3450804,-2.1321864,-1.404315,-0.14789721,-1.0602908,-3.81523,-2.5918238,-1.5249016,-0.8006538,5.874738,-2.4062786,-1.0534804,2.4373133,-2.354796
PRKAR1A,-3.8038833,38.392097,0.08219851,-12.496366,-12.441736,-17.064116,12.726724,-0.5846425,-3.0437467,-9.295297,1.7464503,-1.3780466,14.510201,2.3199604,2.0610857,-0.84167635,-1.0014197,4.631002,3.0059676,-7.4805584,12.364434,7.41113,-1.6562567,-5.1539745,-7.216356,2.8956227,8.645821,-0.10239898,-6.1831355,-8.790543,-4.17071,-5.53213,0.580604,-3.6529298,-8.678887,-5.061548,-1.5485678,3.1690729,-3.0536256,-7.1939816,1.2338511,9.380881,1.3100904,3.5359151,6.072692,-0.7378321,5.661624,7.4271774,-2.239985,-0.5055296,2.3360233,4.019044,6.1167016,-5.7865,3.3591995,2.4885223,1.8476464,-4.9861107,1.4015341,-2.6550975,3.8933725,-3.785251,3.120292,-1.276683,4.1847963,1.1142577,5.562684,-0.46137723,-6.4807496,-0.84651595
PRPF38B,-22.498613,-1.5975672,-8.560826,4.6265273,-7.4092674,-1.5660934,3.8723469,0.60920936,1.0268903,-2.2333813,3.4354496,-1.4155345,-0.0575646,-2.796026,-4.246204,-2.2033882,-1.5643556,5.304631,2.781363,-0.120368086,-5.3934064,0.16703337,3.8123448,2.712209,0.36850452,2.4827988,3.5351205,1.4568458,-0.77379596,2.996057,-0.37559852,4.895353,2.0207856,-0.13296366,-3.57462,-1.0550624,-2.071944,-2.225535,-5.25888,-1.307644,-0.0524197,-3.9059482,-0.2058755,-0.92521524,0.46699503,2.131902,0.6230977,-1.220574,-0.49721226,-0.6579742,2.08676,-1.4406852,-1.7683704,-1.597625,-0.6651015,-1.635336,1.0689827,0.20393795,-1.3310194,-2.1276314,-1.9381757,-0.55459064,-0.4735298,1.5436159,-4.4061356,2.0199695,-4.3183823,0.19940163,2.1682181,-1.1318907
PRPF39,-24.815956,4.3551135,14.269577,-14.0418,-6.2180586,5.6541367,-4.190364,-0.529779,-12.036749,-4.0776725,-2.7814972,1.3906842,3.9520347,7.7713675,4.2935324,-2.4146972,-0.27633688,1.9791622,-4.1198354,0.4423331,1.4612225,-2.6228278,6.4602094,0.60041076,-2.3602855,6.2260585,6.934933,-3.989681,-1.6557164,3.4624777,-3.0249915,-0.6064354,1.46338,4.03706,3.8795664,2.3948464,0.115799844,2.667817,7.1774487,-1.6422042,-1.6927648,-2.1541605,-0.8406672,0.84509873,-2.3982043,1.638987,5.4750056,-4.150871,-4.290947,-4.8066072,0.66004926,-0.2484369,-0.22357546,0.771704,-0.73936224,0.13516098,3.8525732,4.93347,-1.1083205,-0.7893169,2.3176157,-1.1482087,-4.664175,-3.6582224,-1.419944,-1.320036,2.3033388,-0.1645077,-0.47443652,1.8700358
PRRC2A,-17.17941,-9.682057,5.356417,6.9135203,-2.981764,1.6315309,-7.3555098,0.22146975,10.536568,9.3896675,1.1261379,1.437323,-2.248699,2.275737,-2.962862,-1.6549485,2.371845,7.2213793,8.167638,-1.4752997,0.77526265,-0.46989417,3.4461598,4.863917,2.4220445,3.8862584,1.3199956,-2.0263784,-3.1860878,-2.4949548,1.0921682,-9.102669,-2.5510752,2.9359741,5.2717032,3.6415498,0.5465975,3.3019545,1.3140074,1.0073686,-3.4495597,-2.25506,2.2671027,-1.3209419,-1.9256992,0.4096669,1.6165566,0.6754594,0.3933952,2.9540036,-2.2337492,0.8222207,-1.6061388,-0.05468116,2.009623,-0.79784673,2.5677257,1.3360596,-1.4610676,0.5981878,-2.1216946,2.1864266,-3.8281565,-2.3432877,1.1019738,-1.5236554,-0.24076627,1.7874687,-0.106161505,5.0508575
PSIP1,-1.229146,-0.8121995,3.7739525,2.0988655,-5.3666964,-19.662033,8.730098,15.34054,-5.8732853,7.207383,8.938037,0.70219266,-11.912177,0.055320766,-8.1168165,1.437514,1.9946201,-1.144947,-4.897385,3.4220042,-6.581982,-2.1225061,-3.5064073,4.15487,0.056161724,-1.9106213,-0.08101614,-4.0274053,7.389265,-1.1951215,0.19215836,2.3146539,0.91760945,-1.4395828,-3.7622623,0.7382006,3.805619,-1.898343,-0.05109158,-1.2855059,-2.8498874,-0.23350208,-0.07743652,0.12428652,0.75145054,-2.8193047,-2.460205,5.109063,-2.9848793,2.8144867,-2.1257591,0.33369783,-0.24948655,-2.2641263,1.8981335,-1.500903,1.6014372,-0.71104246,1.1039528,0.246028,0.8753214,0.6715427,-0.50334746,-2.5683382,0.51161784,-0.28450212,-2.3442724,1.8645818,-3.0447469,-1.7859247
PSMB9,12.515819,4.048171,9.864431,14.370419,2.7817047,-3.6983032,4.0755854,-0.8646541,2.7642705,2.3575687,2.0710104,-7.399274,3.2574449,-2.2536414,-1.0688168,2.8801563,1.6378542,1.0827656,-1.5908238,-3.3537462,1.2613206,-1.9752687,1.0414467,-2.8384738,3.6517277,-0.22134617,3.0944998,-3.2666733,2.8897793,-0.0129387835,0.42001104,-0.78250784,-2.3987393,2.3347225,-2.714987,-0.06921724,-1.3262448,-2.5733027,0.98716307,1.3666236,-1.8299102,-0.00079455494,1.4954937,-1.8556238,0.46911448,1.0501217,2.2296991,0.7607213,-0.08802063,2.2670443,-3.588421,2.3448415,-1.6553575,0.1355566,0.5108986,0.3946249,-4.4858785,1.1248792,1.1938312,2.009562,-1.6302474,1.7161866,3.6241176,0.50164443,-0.94954723,2.2380302,-3.2932098,1.3046457,0.20413096,0.4205252
PSMF1,-26.865452,0.9088021,-4.919433,9.730623,-10.283692,-5.979906,1.9948423,-5.323144,0.14831029,0.029811556,9.336241,-1.2668421,-5.9304795,-1.2425659,0.7839783,1.5875713,2.3710418,-4.967893,1.8462794,-6.153014,2.430557,-5.643662,3.6785066,-4.806897,1.6881722,1.3347596,-0.03165569,-8.409628,-1.0892415,-0.25523415,-4.642485,-3.5138066,4.104795,6.0245743,0.8552397,0.657271,-6.324705,-1.7562324,4.557578,-0.0344711,1.6426238,-2.8913705,-1.4409271,4.270452,3.467926,4.271801,-6.485538,-1.8336046,-3.682971,-5.8245635,0.8550662,3.3351932,-5.4944124,-3.6933997,-6.526692,2.9375284,-0.39668885,-2.906122,-1.6399645,-0.05630641,-2.6437893,-3.48787,0.19431768,1.420836,-5.255668,2.4498556,2.903079,-0.411872,-1.452075,-7.4146957
PTBP1,-6.47195,-12.723633,4.845287,-3.3367488,1.1176193,-13.970753,1.4372586,7.5620537,0.6357953,-3.6374044,-1.3032963,6.2734833,2.1003845,4.485796,1.0872227,4.219459,-0.29359528,-0.7133602,-2.3984787,-7.4860377,0.52472156,-2.7196522,-4.269376,5.247103,2.1174965,2.5996282,-0.1828684,-1.8750563,2.4654489,2.3935003,3.2994726,-2.6145468,-1.8935648,0.40001723,-1.1264067,-1.5984464,-4.710989,3.859078,0.6169224,-0.51875985,-3.6507242,-3.4921212,2.5587153,3.1604104,-3.1925228,-4.35197,1.6239221,-3.6326635,2.626336,1.0827113,-5.278175,0.8868717,-0.21668065,-1.5333891,2.5344055,0.17312057,-0.31204543,1.3117031,-4.1025367,3.4860168,2.5388017,1.0415769,1.8459578,1.3860482,4.739161,0.16581412,1.2325214,2.8460126,-4.7834387,4.1602464
PTEN,-23.521084,9.866362,10.238756,8.673382,12.358348,-12.579358,34.420605,-12.783444,-1.3215941,10.695884,13.260151,-7.102563,-15.384306,8.796462,-5.1990085,-3.9804902,-4.8531423,-8.368634,-1.74406,6.6515503,-9.890189,15.376572,-0.3290599,5.369607,-4.841941,-8.293065,-8.1479845,-7.190643,1.9762229,-10.604625,-0.72255385,-10.325151,-4.389608,5.393033,-6.4701295,4.5933266,2.7146974,-3.3098612,-7.368257,5.316917,-2.2415307,5.945364,-3.0600398,-10.437395,0.6781336,0.0075228135,-1.9477091,-1.9684225,0.7529648,2.4587073,-9.316329,0.6579438,-3.3276887,5.387977,-3.3328278,2.3762383,-6.367219,7.683995,0.5156879,0.10936741,3.1340237,-2.5613017,-2.001374,-0.33426678,-4.448486,-2.1854575,3.185968,2.5408154,6.085336,1.352577
PTMA,-5.19818,36.781185,8.435813,-19.695086,-11.357059,4.3757696,2.9042397,-8.916501,-4.5481315,4.758692,-3.0862608,2.3934858,-1.6749427,0.8781577,-0.874249,1.2658579,-4.3002143,0.27778646,-6.7116547,1.0544952,0.7576728,-2.1012201,2.6229253,-1.7550142,5.6717343,1.4231501,-1.3672272,-4.6052465,-5.0093307,-0.69186443,2.7267485,7.014829,0.44733813,3.5407717,-2.9690964,1.0153474,1.2305944,-1.0544995,-5.708082,-1.9715515,-2.252808,0.656072,1.5366015,0.15220003,1.111016,5.730781,0.29537973,0.440086,4.009659,5.968991,-3.0582259,0.24891579,-4.869038,0.15290873,2.4287868,2.316555,-2.2132142,0.4992005,5.1707807,0.13702764,-2.2361455,0.46731117,0.46690238,-0.8021649,1.4127507,-1.9166105,1.1761205,2.0474834,1.6331259,2.1530201
PTPA,-3.7684178,-7.8114386,0.39834592,-4.734427,-4.32004,-15.540687,5.11278,3.1198187,-6.06422,-4.826232,8.563815,0.43126264,-6.5659595,8.754435,4.835757,5.0650744,11.058231,-2.5219169,3.2021394,5.6905575,-4.7016554,1.7197138,-12.661075,-7.2776575,1.5145499,-4.784753,-1.0664196,5.725682,3.7912035,-5.9742913,-1.2010032,-1.1853238,1.25773,-3.9316137,-1.0912708,-3.6779914,-2.3200035,2.3559165,1.5232816,-2.8792367,1.2518417,-2.6666448,2.8852456,4.327135,-1.457698,2.1955569,-0.8667179,-0.46110314,4.477488,-6.284513,-1.1866151,-4.2849216,-3.9635212,1.846143,2.758369,-5.3523073,7.02075,-2.2335334,0.79179394,2.8372986,-0.70195794,-3.7318764,1.7329841,-1.1484771,-1.9987267,5.447056,0.46480605,-0.6415489,5.561121,-3.8412461
PTPN1,4.5857058,-1.4303954,18.516243,-5.213623,-2.8097034,-3.07383,-1.4448065,10.375124,3.4577062,0.884034,1.510804,0.20003155,3.019389,3.3358037,3.1528797,2.166202,-6.285007,2.7006974,1.6659482,4.3728285,-1.8746179,0.02623035,1.1508569,-1.871645,4.4959435,-1.0739543,-1.2990876,0.48109442,0.008211534,-2.1679084,-1.8392869,0.89379096,-1.7301427,5.717414,0.3307842,-0.52643496,0.90954995,1.4295903,-1.3538669,-1.7173668,-0.5779301,-2.014556,2.9458077,0.8854906,1.2633166,1.5986392,-1.6848357,1.758289,1.4931748,-2.1220305,0.28073338,0.52120113,0.20127013,0.5240362,2.5595639,-2.4026608,-2.5748959,0.2707602,-1.5430632,-0.69053155,-1.05554,2.6870909,1.3384525,-1.9021672,-0.5559824,0.37582597,-3.941841,-1.9829178,-1.1944159,-0.6279839
PTPN2,-17.63424,2.4216025,5.455045,3.3654492,-13.180167,3.8709638,-8.074921,1.6760331,11.099846,5.8955574,10.120299,3.8728251,4.9720654,-5.6027546,-1.8649011,-0.69093096,7.648011,5.3254366,0.2792662,3.6530297,-2.1964953,0.45597473,-0.3527924,-0.44635528,4.0349817,-2.0307178,2.4247804,1.2180841,-1.6011103,-1.8102005,-0.044944547,2.3360655,1.0463003,2.3241374,-4.4261427,-2.2188299,1.8629153,-3.4489944,0.8426558,1.775996,-3.234369,0.9564931,0.09868782,-0.46788427,-2.0225859,-4.11936,-4.867232,1.097349,1.4524208,4.1252027,-0.50358534,0.8245079,0.4402841,2.7956984,-1.7314628,-1.2627128,0.59600276,-0.23922619,-0.955533,2.701909,-1.7080694,-1.5208557,-2.18121,-0.27555153,0.09919422,-1.4453037,-1.5815852,-2.5184386,1.5252006,2.6815865
PTPRC,58.848343,2.0583522,-27.108118,-4.836382,-12.809871,-6.1801147,2.610388,6.2071204,-9.339294,12.701714,-1.0388525,-2.9729238,-3.496507,-2.0920734,4.5166574,-1.7227004,3.5580604,0.9216743,-4.5147657,1.5331364,3.2926345,6.071963,1.7249588,-0.39253682,0.3762322,1.7385362,0.5288039,-6.0666523,-4.09495,1.6120558,3.2490304,0.28821775,6.277931,-1.7846053,0.73716307,0.7868376,4.4451284,-5.498125,-0.4057247,-0.03908286,0.8778139,-2.124871,-0.016814923,0.6460178,-0.5520906,1.3977389,-0.71269274,3.2499423,-2.35556,3.570642,4.7715926,-2.2988608,-1.0393158,2.5511057,-2.0606074,-1.1548597,0.2992355,2.1794763,-1.7823709,-3.5918117,0.020527532,-1.2666959,0.3391302,-2.6803284,2.1522892,2.1462533,-2.8091264,-1.7640104,3.042787,2.2256067
PUM1,-28.784904,-5.572137,-11.9000435,9.038259,-5.5091057,-3.2281291,1.92235,-1.8699011,-1.9968249,8.442109,9.248884,-0.60663897,7.306252,2.3931882,-5.401369,-2.3022006,-3.255838,-0.16918766,0.91564316,-0.70229715,2.0926943,-3.953432,-0.61280066,1.9643236,-1.394237,-1.7963009,-3.007906,4.9143496,-0.26360762,4.353623,-0.889357,0.4002982,-4.301549,-1.0933819,-0.54069227,2.5187716,0.033494666,-1.310026,-2.3891883,-3.7277524,-2.7915978,0.21073252,-2.544297,0.31391189,-4.308818,0.5738417,-1.7340057,-3.1243324,3.5365891,-2.686417,-4.131268,-1.4407101,-2.820214,-0.65732056,-3.260425,-0.8233735,-1.721971,2.18779,-3.9689257,-2.697061,1.5943941,-2.442044,0.4508214,3.7150278,3.0455325,2.4552104,-1.8113774,2.2689712,2.2246451,-2.270326
PXMP4,-15.503032,-1.5794902,-3.8315406,13.161743,-10.657511,-1.6265773,-6.9205637,5.8133245,4.5065427,-0.81528264,-0.44210154,0.39959538,-5.0723,8.180608,-3.1398587,0.14918771,-5.848352,-3.102338,1.9979678,-4.7033772,5.492516,-3.9972897,-5.449259,-2.8144908,0.08910917,-5.390289,1.859396,-10.978285,-1.6197835,1.3050439,4.579763,4.644993,2.5450625,2.8735921,3.0782738,-2.1564262,2.3283179,0.9093156,0.43788898,-3.7121751,-3.167141,0.10297452,-3.9156754,0.98907346,3.1996257,-1.6006287,2.8277853,1.1192049,-3.3917456,-0.88386613,1.626337,-4.366674,-2.2375076,1.2769121,-2.6694703,1.5110635,0.013702348,-3.6125844,2.5976295,-2.9820824,0.112715304,2.0332172,0.97965825,5.023778,0.37985054,0.5381492,1.0948814,3.4983287,3.0073493,0.013311958
QRSL1,-7.5411453,-3.457647,-19.818302,-6.814723,11.808562,2.8119245,-9.552409,-1.6091529,-0.21148248,7.8654943,-4.9720116,5.0999074,-3.2334025,0.4709804,3.5290792,-1.6112183,6.380639,-5.160055,-2.0511355,-2.603719,2.0631447,-0.84699297,0.59214205,-3.861098,-3.273756,-1.255798,0.35700044,0.7287405,0.31172952,-5.0408373,2.139802,-3.583142,0.78369415,-0.61558026,0.66949725,0.92988956,-2.4673657,0.013914668,3.175634,0.62586546,1.2788941,-2.573141,0.45985627,0.30306527,1.8690153,1.3122128,3.828319,1.7626834,-1.1143143,2.9057596,1.0193582,-2.7926276,0.05503786,1.1278946,1.8949512,0.8678264,-1.434298,-0.694002,-0.8667503,0.3530274,0.029329553,1.6084212,-1.2310741,2.2648296,1.7254356,1.4526178,0.79647726,0.6185515,0.33537808,0.43456694
R3HCC1L,-18.840034,-7.796527,-3.7777586,6.4531517,-4.104945,-2.0897803,-3.9947073,2.068017,0.7313427,-4.3104196,-0.21051244,2.761438,7.55528,-6.7531943,-1.5207397,-2.8861969,-4.4642506,-2.1682782,-6.451161,-5.586647,-0.111453936,-0.5056457,0.330784,2.2325583,-0.5006981,1.6456482,3.8045878,-0.22727676,-2.413386,3.378645,-1.8246739,-1.0828139,-0.14932437,-0.714037,-3.8164403,-1.3253143,0.44566888,0.8297584,-1.2294278,2.2630618,-0.70610327,2.4357576,1.1815686,-0.015693597,-1.8571715,-2.9448786,-1.7923139,-0.74000555,-2.0402267,1.7516792,-2.2976055,-0.22531162,-3.0494916,3.0668843,0.050673533,2.0970194,1.3311541,1.9636757,-0.053333182,0.78755844,-1.7077779,-2.004684,1.0233107,-0.109295905,0.6143167,0.7662904,-1.0845417,2.4419088,0.7402514,1.8023236
RAB11FIP1,8.234813,6.4112086,11.425594,3.8378189,-7.457498,-6.872782,-10.535605,2.440358,5.8552523,-0.25975323,1.48159,7.078741,-5.610852,8.670832,4.971134,-3.0254734,-3.5108173,-11.150908,3.0009158,-12.96424,6.662188,-3.0877168,-10.685188,6.2399344,1.8081222,-3.9984412,3.7829146,-10.183214,-3.9312449,4.2819004,7.3959007,1.3831034,4.7064238,3.247324,2.247538,-0.5286363,2.7273514,0.8712134,0.07426583,0.40873224,-7.0160093,-1.5490348,-5.2404904,0.675095,1.3479275,-2.4027712,-1.0547963,1.2854404,-0.79332846,2.7610712,2.4304833,-5.3250637,-4.2404714,-0.17260157,-0.5826158,1.120442,0.31690106,-2.1583135,-1.5681262,-3.7680552,-0.14699838,3.8261185,0.779069,3.443212,-0.13172626,-0.75899565,-0.65185624,1.3785197,1.8709048,2.0425148
RAC2,11.811102,4.301624,5.323374,-8.353991,-5.088767,-4.428938,-4.92328,3.304306,1.0780773,-0.038741976,-6.894511,1.2795459,8.78111,-2.698077,-1.5410169,0.74881035,-0.99183476,0.7098504,-0.4991114,-1.8686157,5.248753,-1.4397558,-1.0264848,0.660888,1.874233,0.20849827,-1.3861773,-1.5020603,-0.24095887,9.044677,-5.9092083,3.1746354,3.0042765,-1.580796,0.07604429,3.2872815,3.261539,-0.10276755,3.5682068,0.94754183,-1.6168286,0.7342524,1.3631903,4.085218,-3.6900942,-1.7951438,2.2263825,-4.876895,-0.077239625,2.4627836,0.7067845,0.4039539,1.8935084,1.0542915,3.6580806,0.70269394,0.8962859,0.44387636,1.6588367,-0.0012924691,-1.195291,2.2397857,0.88312393,-3.8635318,1.5824724,-2.735993,0.56409836,2.7306056,-0.5032376,0.33812046
RANBP3,5.862818,-3.0638478,1.6772974,-6.772881,-7.887679,-12.186962,-4.455648,2.8310618,-2.1370573,4.4444866,-9.002122,1.4193549,-0.44992992,-1.4108196,-0.5739483,0.84459245,4.8759575,-5.2301936,0.13137475,0.25663462,0.9964037,-9.229704,-0.95621675,-2.0709324,0.30226606,0.019863416,-0.05388681,2.1712766,-4.493209,5.2283535,0.07289269,-3.4084976,-0.5083081,0.4197809,-6.986264,-2.364028,-1.8892505,1.7249103,3.1079388,-3.9992843,-3.9455733,-4.0425177,-1.3414222,2.2846541,-1.3956807,-1.7801878,4.2817173,-4.0891433,2.9100547,-0.18656562,1.2851995,2.6160035,-2.528709,1.1395017,1.4128026,-2.0860987,-2.3161895,2.9077647,1.3903012,0.6990196,-2.1657743,0.2852545,-0.8623887,-0.6237244,1.9710935,1.1941196,0.55652285,0.58919734,-4.1024914,1.9133941
RASA2,-14.080327,-8.652727,6.0447903,12.551418,4.221868,-10.08559,15.272486,2.8963578,2.896456,0.8721973,6.339741,-9.726088,-2.8128529,10.934364,-4.8017917,9.780102,-2.3134027,1.1230106,-6.714757,5.6521745,-10.02633,0.14038113,0.33185884,1.1596344,-2.3314674,-2.3865206,2.126531,2.132778,5.1566877,-9.9812355,3.188113,-5.064813,-2.5678024,4.9306045,-1.2277937,-1.6729274,-1.8469591,1.4065653,0.6412691,0.19886789,-3.3009534,2.4373856,1.2363579,-3.7352364,2.537771,5.537273,-2.5885198,0.41412228,2.557805,-4.1353993,-4.801098,3.8468642,-3.702806,-2.6766562,-1.2414511,-1.8106776,2.1004136,1.8628259,-0.51027906,0.24641633,0.90601104,-5.321042,0.06910474,-1.6946541,1.2929119,0.89657044,-2.63492,-1.2322819,0.43057168,0.48260662
RASGRP1,9.218586,19.749891,13.346616,1.8915105,-12.041536,-10.831786,-5.230841,10.290121,-4.0489335,-1.1457877,-0.81598616,-8.223705,-11.841212,7.3284564,-2.7320375,-0.5772919,-12.719942,-0.35911614,5.0607653,-0.35438925,0.63309515,-6.1476865,-3.3802092,-2.8165197,-1.3875626,-10.187272,0.58629274,-3.3017368,-2.0909636,-1.72496,1.8221806,6.382562,1.1310124,-6.330975,2.7557616,-2.4888391,0.6181158,3.3474076,-3.7439463,-0.6918698,-0.67885345,7.1142235,-1.7576805,0.027822224,4.6600685,3.340274,-0.27502057,1.0008928,-0.06315448,-0.45719245,-3.59565,-2.2401035,-2.323205,-1.042814,1.5719895,0.79424405,1.1414648,-6.620897,-3.6990805,0.9179873,3.1147962,2.2059677,-0.26828328,1.1936672,-0.461139,-2.324105,-1.9529303,-5.169829,-1.0711638,0.81541854
RAVER1,14.798093,-10.527821,-14.527563,-0.24226218,-3.2429883,-11.791027,-1.6021218,-4.1392627,-3.3159542,3.3909783,-3.166287,1.2768456,-2.1901534,-2.6347332,6.9457645,1.0924815,-1.2536227,-2.2000806,-5.0607276,-2.1115682,-1.5175972,3.359489,-6.182865,1.899044,-6.5449,1.4934442,-0.6671152,-0.8687866,-3.6205432,0.3022922,4.765384,2.413978,1.0194212,-2.6933641,-2.5891066,-3.089077,-2.0017998,4.104731,-0.77085817,2.7324824,-4.028533,-0.42784673,3.6127336,-1.9372406,-2.8276277,1.8706157,-2.8659754,-0.981606,-1.5574979,-0.91832906,-0.066705294,1.2279748,-1.2869564,1.7074226,0.7405285,0.7253611,-2.790377,1.8116912,1.1128817,-2.1156461,-2.7168782,-0.96056616,2.616877,-3.4298308,6.5301733,0.24129374,-1.2759439,0.36465222,-0.9814441,0.18670918
RB1CC1,15.619185,-2.2384145,20.327513,-3.8231256,0.5010111,-10.045391,-11.125237,10.244797,0.20299543,-2.0754657,6.3290143,-6.498601,-4.754857,12.454201,2.2088645,-1.7270563,-13.4449215,0.6246538,6.0122175,-3.1161084,4.1504436,-7.1293736,-1.1735505,6.864766,2.2855692,-1.7087681,3.9964821,2.963445,1.0176586,4.249193,-1.5137342,3.1396687,2.101514,-9.354463,7.1008196,2.3314724,4.5625095,0.7234208,7.237793,2.878681,4.2280807,-1.7461455,-2.364058,2.484431,5.208877,5.0671387,-3.3577898,0.10968925,1.4765142,-2.2013037,-1.1284411,-4.197966,1.9923428,4.965711,-4.644023,2.7818947,1.470666,1.2986948,-1.4158666,2.794711,4.234675,-0.23659395,1.9319407,-0.17176741,-0.15351836,-0.727307,-4.031844,-3.3188295,-1.6908492,2.134453
RBFA,-15.239982,4.675463,-17.695362,-5.0517206,15.325257,-2.2397602,-2.9706492,6.346985,1.2508804,2.1440463,2.3991,0.847547,0.8931583,3.469615,-3.3374434,-1.0145231,-6.319074,-3.8139658,-2.4389462,-4.2219005,4.109572,-4.8457804,-2.4126012,-4.248394,2.8547106,1.0645337,-2.4831274,-6.365215,1.0977321,-1.374413,0.61666733,2.635889,-0.6057457,2.0966861,1.3230762,-1.1923087,0.5916099,-3.0787706,1.002097,-2.039125,-0.15380555,0.2699399,-0.44418544,0.50645894,1.9870054,0.06211367,-0.347343,-0.7530381,-2.150407,0.84423405,1.4650453,-1.110407,-0.24710007,3.5915186,-1.0867726,0.12800093,-0.9406126,-0.26265326,0.21189481,0.4027036,-1.5773215,1.2888812,0.2271182,-1.3826295,-1.9668245,1.9063737,-0.8665624,2.2768435,-0.9488896,0.2060957
RBM10,-4.018103,-9.659052,3.1645622,-16.28557,12.227526,-0.11607057,1.6209,0.30174768,-6.3454323,3.0506258,-10.182163,7.266734,0.26231286,2.6536133,-7.896559,0.630002,-10.917521,-4.5962667,-4.1009016,0.30530417,-0.66546685,0.1994407,-4.3853,-3.9141989,-3.442264,4.5292726,-2.2095094,0.60966355,-3.8360353,-4.1392865,0.45430058,-1.5109679,-7.6807337,-2.6839538,5.6529202,-0.56559837,0.21603358,3.3068557,5.847789,9.806388,-0.39756122,6.0689483,4.4039607,2.5970442,1.8801578,-3.3311524,1.9173276,-2.5671396,7.556805,0.21508949,1.2847096,-1.014621,-0.871856,-2.4590094,1.4087313,-2.7145612,-3.564769,-0.5846823,2.5449553,0.78472686,3.1828132,0.2652713,0.31339967,-0.25691736,-0.6530268,2.4294658,-4.7827473,0.83258605,-0.16175725,2.7511215
RBM12,-8.930154,1.8223149,-8.276735,1.3448509,-1.8308676,1.2141045,12.982745,-11.168749,-9.843521,5.8097596,2.9188132,-3.5304754,4.430207,0.748624,-2.2038832,1.7042687,3.2857103,-9.90923,-0.07928862,0.95719373,9.301388,-3.777903,8.782972,-3.1981857,2.144663,-0.77447516,-3.000811,4.275719,2.4190607,1.5753639,3.3141205,-1.3434023,3.4229994,4.0113,4.072437,3.8994412,-2.24515,-5.499911,1.3753408,-6.2083297,-0.98044944,5.0032225,-4.032975,5.024368,1.8835946,1.5513383,-2.8397315,-2.0251448,4.23999,6.573856,-1.4696529,0.15192121,1.525974,-0.35465503,-2.7880728,-4.59126,1.6840342,-1.2054496,1.3551793,-1.0319886,2.362701,1.66288,-2.8560288,1.6822883,-1.194777,4.6452284,-0.22153942,0.10827806,-4.1947975,2.1032507
RBM27,-24.991598,1.9290129,-6.921647,0.58499515,-15.602375,-6.42999,-7.351003,0.21754156,-1.1968911,-6.1653686,4.8417253,6.2178626,-3.350949,9.063444,0.6785988,7.27663,-1.0372617,10.951879,-2.2139053,0.16160448,-5.9629383,-3.1173508,3.0369272,-0.7396669,-1.9609754,4.609214,-1.0703603,0.91188806,-4.040788,3.5167546,1.8537494,2.7272906,6.7719836,-5.00961,2.7771146,-4.933085,-0.3243769,7.128457,1.5381827,-1.7952076,2.375664,-0.7854393,2.3280277,-1.7345783,-2.6028855,-2.016065,6.656129,-4.1940536,-2.848177,3.6210377,0.19186236,3.3674843,-1.6085153,-3.100906,-2.0454438,-7.690701,-1.2480149,0.85592765,0.69118804,-6.9092364,-2.0830874,3.58117,0.6843669,1.3309321,0.8298603,-1.6788391,2.8589106,2.3894088,2.5775716,4.8434954
RBM33,25.361689,-6.7526507,-1.6451976,-2.2995758,-0.24510954,0.87568057,3.0773058,-8.814291,10.527606,-3.6832976,2.9720385,3.210914,0.57885045,-2.6274357,-0.0707615,8.366774,-1.9307078,0.85059524,-2.4427493,1.0661505,-1.5575268,4.0844803,2.4494195,6.4117713,-3.5481539,-0.13944279,-0.09356151,2.9276533,-4.3423,1.5539929,-1.1181369,-0.59599876,5.5902915,-5.8600698,1.589512,-6.021243,-5.870728,5.795431,1.2185494,0.7049971,-2.386873,-2.612059,-0.17664926,-4.321555,1.3809986,0.72573733,1.1187096,0.39862207,6.990486,-1.5200619,0.4054305,0.6713077,0.55344826,-1.8210645,-8.898685,0.4552591,-0.4717839,-3.828712,-3.0336518,0.73838174,0.23437274,0.11519725,-2.4780073,-3.6993258,-0.14906447,-2.020731,-0.18900058,3.794038,-0.3431566,3.7994854
RBM5,-16.971483,1.6690546,9.548847,-1.7092249,-8.36914,-0.009489669,-11.625253,-2.5537674,-1.5166106,1.3034984,4.8862643,8.159608,-2.6249542,-1.4449286,3.133205,-3.5364366,-4.4604716,-1.2764177,-1.152682,-0.054265264,-2.6509461,0.04883391,3.1958845,-0.6883398,4.2875705,3.541075,2.7279294,0.24776715,1.9255266,-3.1750333,1.7161803,5.8497024,-2.3970118,-0.85334104,-1.4736971,0.101586826,-4.754552,3.2335684,-5.463684,1.0349112,2.4251404,-3.8426847,-2.84837,2.1243641,2.6079354,0.5250412,2.6675596,-1.3274431,-5.7436233,-2.1084945,2.197855,1.9500513,2.3973262,-1.7061372,3.0914586,0.7201851,-4.572792,-0.10582321,-0.26249522,0.7085988,-1.1041281,4.3993745,0.09896246,0.56064075,-2.0736766,8.263459,-1.0267133,2.3961794,1.2661947,1.5339425
RC3H1,1.1574714,-15.663664,-16.817324,12.496419,1.5661414,-1.106388,2.053612,-2.0120676,3.040027,0.8995499,-7.287456,-3.6807406,4.102826,3.817564,-2.2325854,1.1478525,-3.5891447,3.027978,10.592336,3.275675,6.0498786,-2.3908544,2.6141026,0.974019,-1.1614392,3.5772111,-6.8389387,5.3278685,2.328351,1.1055557,3.877065,-0.16296065,-2.8945491,1.3251215,1.8148593,0.6832223,-5.0264525,1.6549507,3.1847923,1.8970569,0.63106006,0.82635486,-0.7281323,-1.1394866,4.1330028,-2.6879387,-1.3276898,-0.86161166,0.4729085,-2.0109935,3.3128202,7.289963,0.97253156,-2.4557908,2.2452433,3.5228503,1.8935703,1.2229823,0.7392671,-1.4515309,-0.28105098,2.0981822,1.5320055,1.6264126,0.10156821,1.0942438,0.6529654,4.120673,0.6007864,-1.9598981
RCOR1,4.2213197,-17.45398,-16.84616,8.576917,1.1417842,13.7486515,2.6558564,-2.1313097,-8.098157,7.4400053,-5.737907,-5.9160995,1.3212761,-8.464868,1.8056136,4.659242,-2.7918527,-5.1735516,6.6129894,-1.1466798,5.6887445,-4.1346116,11.045711,-1.4351504,-0.80045503,-2.1870089,3.6972127,0.1285571,-4.2591763,6.084833,-0.86517704,-0.34796634,2.7749126,0.39810666,-2.187455,-1.4264903,0.95392704,6.6449757,-2.329252,6.9963636,-2.9458623,1.5073919,-2.196686,4.807554,3.3113658,-1.6751724,-2.7000148,0.5332779,-0.46343076,2.2484984,-2.4795368,-2.5298986,1.2172391,-0.8470653,2.435787,0.06813022,-1.0655376,-0.5381635,-1.0923464,-2.4758298,-1.6692301,-0.91716236,0.75020725,-0.9103863,2.1612127,4.990127,1.8309436,1.6488079,2.269336,-2.425547
RELL2,-18.590845,-10.559308,16.94142,-18.02504,-1.0313854,0.31707254,0.8428509,-2.814471,-3.6480057,5.502602,5.63827,-6.2077813,-4.980312,3.0781224,1.4278328,-15.081455,0.18919772,-0.5934621,-4.2792635,-12.741565,-3.7101653,3.3534985,-1.2339778,-1.8926778,5.4778323,7.8389454,-19.922052,-3.8818855,-13.148897,-1.9814786,-0.30989504,-2.5728743,-11.859618,-2.3132796,4.8882165,-10.40335,5.0951815,4.440697,6.8025637,-6.6147666,-6.4939995,-2.0245893,-2.6167526,4.6567035,-1.8858801,8.174249,-1.7277919,8.855635,-2.0652423,4.5491023,-2.2221274,10.147182,9.674299,1.917975,-0.12117059,4.195109,-2.1227994,-0.698982,-2.4211907,3.123724,1.6393708,1.3878428,-5.23173,-1.3402762,-1.1636629,-1.895294,1.7901595,0.70288944,0.4098799,1.2728398
RFX1,2.6322057,-17.811146,-1.9232728,1.0451719,1.3094537,-2.1842012,1.5276105,7.608837,-7.011524,4.561647,-1.2782254,-1.762228,-2.9561963,-0.821424,-0.60968274,1.7942141,-3.1069582,-6.6457853,0.055992994,-0.48621204,1.9602097,1.8279636,1.4316775,2.2925546,-2.3279881,-0.058108542,-5.5667005,-1.5697079,3.0149772,-2.266463,-0.43640342,1.0675399,3.716696,2.6839736,-0.7781664,-1.4985851,2.138933,3.4633615,-1.7054878,2.4643245,-0.79147226,-1.0056869,2.2578244,3.0031443,-0.27205902,1.3850137,-0.24165358,2.8046358,-0.12237023,0.93546456,5.202624,-4.6903377,-0.22605065,-0.1906112,-0.74540854,-0.4316407,-2.761145,2.0869646,-0.8457577,-0.83473736,0.15652286,-0.60161537,-0.73808074,0.10975153,1.7244716,1.8487332,-2.4055786,0.080073535,1.7460604,0.9539312
RHBDD3,5.1423,7.8462667,-5.9321804,12.547572,0.10528707,-14.791418,9.603938,-2.8057766,1.2750478,-2.6998606,3.673104,5.062507,-0.6956971,-13.282649,-3.4328272,0.9609965,-5.078358,0.4113736,-0.7270026,-5.7878475,3.2624521,-0.93010026,1.7923974,-1.5048571,-1.9729358,0.06707352,1.1066507,2.8789613,0.6793664,1.6740522,2.5135775,3.2788112,-0.42913246,1.2477586,1.248175,1.3179,-1.9158387,-1.7776362,-2.5235445,-1.3799092,-0.7336972,-4.3058786,-3.135101,6.2784123,-0.536624,-1.4385532,0.07769946,0.02370756,-4.867073,-1.5933301,-2.1015584,2.447193,-1.7452462,-0.44345343,0.14480937,-0.2983467,-0.7532421,0.16064525,2.0197902,1.7633486,0.81886184,2.036996,-0.63748986,-0.9539248,0.30662206,-1.3252681,-1.8413846,-0.52069664,-1.8366951,-1.2875651
RHEB,17.03143,14.433737,14.662772,-6.8870974,0.57402986,-10.946336,5.9128613,1.0745208,2.8158927,3.781404,-7.140672,5.391751,-3.8264916,6.4642506,5.3224,0.7619092,-0.5732258,-2.4637892,6.758213,5.937089,6.4820743,-3.1699317,-4.532805,3.770941,-3.909253,-6.3465195,9.381155,-3.40239,-3.3986263,9.899592,13.363381,0.5317857,0.1712871,3.640953,-2.0782275,-2.9625323,-4.3650856,-0.036948822,1.7843238,-0.4216643,-3.174577,-2.886745,-3.765301,0.9631623,-1.8819356,-0.5560442,-1.4731992,1.383353,1.7839925,0.20984785,3.6583245,0.9802669,-2.1933544,-0.73555666,0.15823773,1.9782869,-1.4697407,-0.12273941,-3.1705146,-2.618017,0.6645858,1.9649234,0.14944255,1.2863265,0.4143233,-2.4496064,1.0731506,0.84192365,0.37776995,1.1663127
RHOF,7.571183,-13.28586,18.936712,-6.0252748,-4.1693206,-10.443134,-9.365254,1.6284817,7.187508,4.720605,11.857709,11.716026,7.083771,-5.545156,5.035879,-1.5597106,1.2330521,-0.3611303,-4.486401,-8.042627,3.523295,4.6668997,3.687234,2.3885777,-2.7583084,-0.69396967,0.17620616,0.5692553,-0.035565052,6.970836,-0.66748387,-0.50174457,-1.5228842,-2.9062862,2.4414809,2.7580357,-4.6518126,-3.187312,5.3549705,-2.315714,-2.120538,4.1048946,0.05767329,-0.6752299,-0.48418695,1.3066716,0.27535406,-2.1921043,3.5354962,-4.7529383,-2.7795448,-2.6246152,-0.40482137,-1.2145039,-0.3447169,-2.1008487,2.5911567,-2.296311,1.8691574,-0.9343422,-3.3000476,-0.43126035,-1.0270844,1.8324943,0.785249,2.230392,-0.96302,-1.6501932,1.1848623,1.4020292
RIDA,-21.192513,17.42024,-11.239927,3.6807966,-7.8567624,4.3535323,6.577423,-6.6671057,-0.5552539,1.6200062,-2.474067,2.6588407,6.4364533,-4.83763,-2.2118478,-2.028897,-2.3013918,4.7707715,4.4870777,-1.52778,-3.7522936,5.201505,3.0409224,0.5691881,1.3199414,1.0988277,3.4716141,-1.5893546,0.8392326,-0.032137822,-0.7031982,3.0854378,-1.3516303,0.84701055,1.1070457,0.26257712,-2.610638,-1.0647256,-2.3555346,1.3978177,-0.3383926,-0.49359506,-2.390476,0.12613222,-1.9656004,-2.4991598,-1.574884,0.21338189,0.57543576,-2.687409,-0.44615164,1.3376276,-2.6703315,4.756669,-2.118615,-1.0318089,0.6229321,0.5859195,-1.8071799,0.040889516,0.9851487,0.49949482,1.9997779,-0.34181795,-0.58366376,-0.18805079,-1.5848486,1.0170113,4.7645187,0.31948748
RIPK1,-10.741857,-9.408042,34.724064,-14.812413,3.5568335,2.3620515,-1.7969881,-4.6868634,0.7603363,-0.74291426,0.76855034,-2.4771204,-2.3280036,5.443242,1.985823,0.12463975,-1.2796838,1.9724187,3.323416,5.1118035,-0.99196345,-1.2832097,5.0883074,-0.57808316,1.0002173,-4.3169565,0.38384467,-2.7150238,-3.0916095,-0.3776794,-0.8015775,0.43400347,-2.992247,2.845214,5.3772154,4.8218536,1.0639518,-0.6616617,-0.89978176,0.57822984,0.9869566,-0.9122007,8.2710905,-2.894717,-2.1193995,0.5050571,-0.86574507,0.2511395,2.6788647,-1.0586346,-0.68542224,-5.3107157,-3.0516586,0.3503683,0.95127845,-4.8257413,-0.41178578,0.2071207,-1.6936325,-2.179639,-0.16530915,1.959517,0.48167017,-2.7903273,-2.6281304,0.09516238,-1.2363861,0.63850147,2.1647267,-3.0505629
RNF19B,27.847532,-6.3855653,3.2145839,-2.1857119,0.4193157,-11.462363,4.5908585,1.8144593,-2.8257513,6.448601,-11.036609,0.22144377,-1.5503837,6.0135374,6.9931808,6.1471534,2.327632,-8.060375,-2.6196396,-1.4213504,0.028103424,3.862186,-3.2515519,-2.474574,-0.5805312,-3.037165,0.6900217,1.99359,5.666609,-0.43677148,-1.3070189,-0.138669,1.4006716,3.0351882,1.1325066,1.949778,6.066641,-0.16388412,0.8385754,-0.89343303,-4.6677527,-3.2044823,0.10037417,-0.31814748,-0.519891,1.3402857,-0.10875242,1.123207,-3.2103882,-0.19720182,-2.8106713,-3.175481,0.8793934,1.5982713,2.2813313,-0.42954215,1.0621024,-1.0232555,0.87137777,-1.2048924,-1.9871886,0.92309654,-0.13154383,-1.8449447,-0.16866669,1.0883843,0.019628784,-1.1893679,0.2084751,2.076396
RNF20,-16.004564,-20.089828,12.957616,-4.504256,7.349775,9.174748,12.548792,-13.205382,3.275624,2.1144922,17.406675,-6.253286,-0.43965888,8.861389,3.2497137,-11.187452,11.217301,2.8172915,-1.4718846,-5.1893344,-3.8760283,1.1454142,-2.137016,6.649023,4.879811,-0.8960419,0.4935286,1.3544472,-3.632997,1.3884767,3.3803492,2.3777547,3.8678687,-2.6719031,-4.073102,1.1097231,-3.165928,-1.6382954,-2.2433217,-0.82642674,-8.566826,3.9910595,6.290199,5.170582,2.2594879,-3.9455147,2.8822045,5.278803,-2.7887824,4.0952697,2.191583,-2.067465,3.8621957,-0.6327991,3.5540464,-1.6242574,-0.11371869,2.2715037,-0.16823882,0.11170126,2.8020773,4.0293937,-1.7883471,-2.7423153,0.7269,-0.15555583,-4.1831985,1.7165408,-4.1843433,-5.9544334
RNFT1,21.772627,3.615998,4.8127995,16.300951,3.418308,9.148835,1.9806125,-10.9259405,7.824247,9.670413,-6.5471106,-1.3760642,-3.365308,-5.360203,-0.63063884,-2.0226164,2.7458193,-2.8739738,0.6074712,-4.335321,5.056945,1.1770747,1.5502658,-5.6599474,0.9299097,-0.034527585,4.435991,-2.2311096,-2.1512852,-3.152542,2.8707483,-3.9588802,-2.4886765,-3.0891764,-3.5038068,-2.7788005,-3.2309456,-1.1765703,1.7616055,2.156488,0.31025782,-1.0246111,-1.4031808,-1.1192627,2.7430255,0.87337404,1.0654464,-1.6223077,-1.4254103,4.3102074,0.2727274,0.59677845,-1.1406281,-1.6838757,-1.6668295,-1.5654747,-2.6349545,-0.46237618,1.4725285,-0.73009324,0.501457,1.4905515,0.6458642,1.3651748,2.6351802,0.8601099,-2.4777849,-0.45726728,-0.39705852,0.010928152
RO60,-9.577045,-27.870035,8.282861,-9.161614,5.271798,1.0157435,2.4459314,-3.5360146,-14.407515,1.5717329,-10.695279,4.798325,-6.2346344,-4.3692474,2.9922512,-1.6860254,-3.363583,12.738434,-4.9087124,4.443815,13.082969,-9.858744,-3.4688144,14.498336,10.758099,-6.9340086,4.2594194,0.3213897,1.5788924,-2.4935696,-5.530379,-4.152058,-1.1877444,1.0313385,-1.2435244,-2.2271507,7.3494153,-0.7950684,0.5552183,-7.5374355,-1.803842,-1.785129,0.7894771,-6.27839,2.2120042,-0.7429894,-1.2713721,-3.103845,-3.647633,1.977798,2.6490676,-3.007951,-2.8263495,-0.9139733,-0.75702,-0.6689052,0.33317974,-2.2808914,0.9347252,2.8860335,1.2856392,-1.628167,-0.2240936,-2.4177446,1.1187145,1.3348982,-2.273487,-0.62883997,0.71110797,-2.6158974
RPE,5.910439,16.199951,-4.5163193,-5.988973,-8.339224,-1.3837059,7.9581714,1.1394776,-2.0230262,3.0683398,-6.7354236,2.5211105,-4.873941,-6.000072,-2.8262048,-3.2710717,-0.046937082,0.53585184,2.1311607,2.1941485,-1.3840425,-2.2742171,-1.7351134,3.3146183,-3.2778094,0.94463193,1.7740722,4.078251,0.31174874,-1.5680693,-0.39645216,0.9682694,1.5306374,1.6172351,-0.69368345,2.9866512,1.204154,0.1991953,1.4763317,6.05765,1.4086531,0.714382,1.6273177,-4.850273,2.8884408,2.846102,-0.42104274,1.2357224,-1.7843614,-0.38367337,0.8210722,-0.4777164,-0.85615903,1.4174381,-0.16194504,0.78521955,0.58280396,1.1899366,1.6620841,0.17158769,-2.543389,-0.14495823,-2.60433,-0.034408882,-2.8910036,-1.6888969,0.44441965,-1.4147296,1.8248303,-1.0620954
RPRD1B,-7.8821177,8.211479,2.6315072,8.746482,1.537624,2.238522,12.426745,-13.345176,3.498565,2.9998987,4.449011,4.0728583,-0.08752363,4.2926884,3.7658439,-7.970617,-2.378152,-3.571311,-0.2589295,7.9556417,4.112924,-2.7181447,6.498074,2.703924,-2.0644946,-2.078827,5.636944,11.354203,2.0412042,-1.2893653,8.362347,6.7431087,1.3964769,5.845658,5.8995404,1.0413498,-0.618221,-2.6174812,-2.0177157,-5.108614,0.30571645,0.83293736,-3.3928819,5.943236,-2.843094,2.655068,-1.5468462,-2.159384,3.3051045,1.7819927,4.5707974,3.0410268,5.2079268,-3.218257,1.5802839,-3.1472845,-3.1412535,-0.38384834,-2.881793,1.7098806,-3.0969858,-0.057670645,0.35338017,-0.501963,3.0883915,-0.6087008,-0.8129663,2.4349859,-0.9047184,2.8498404
RPRD2,-5.9849644,12.443816,-1.802415,-13.058147,-2.7729385,1.5121613,-0.530772,-0.81965977,-16.864048,12.718168,-7.4612894,-3.040459,-5.304633,7.715911,-4.583767,-2.2418606,-7.0863543,-2.072702,-8.503948,11.251042,3.3055084,-13.471197,7.790488,5.2964463,-15.241776,5.026174,5.7305512,7.9271326,-12.990702,-3.9736588,7.399981,10.991704,-6.168098,6.382695,6.9561315,10.953391,6.2505636,-4.8990345,3.9606242,0.9636579,-14.235039,9.9810705,-0.20450993,-5.969217,-7.6146407,-2.8916378,-1.715101,-13.505382,-0.73742515,4.4564595,8.858283,3.7158153,11.270607,-5.3569007,-6.416304,-4.598888,-5.7495427,-3.4605298,3.35261,14.093955,3.7139473,9.654053,12.470807,6.0615234,3.2191398,-4.4829226,-5.050409,-5.264566,-4.1640887,0.50518465
RPS25,-16.379578,1.8166136,4.1106834,-4.1150217,-2.0929425,-5.2354927,1.4731983,-3.8300762,-1.6449697,4.7139,-6.888134,10.128169,-1.5935469,-1.7988423,-2.295341,-3.2800639,-1.5579991,-2.3396878,4.0912795,3.5501003,-2.2460737,2.7484748,-0.69161355,2.7069304,-2.590022,-0.26037136,7.6437397,-3.0930321,-2.4941013,3.8793924,-4.3334274,0.47024652,-5.397931,3.4391587,-3.8022203,-0.5917936,5.4419312,-1.6587708,0.39392394,-0.6088175,0.6044623,-1.9182471,3.6871152,2.0423002,-0.7810504,0.65509874,0.2741836,0.57384336,-0.9630047,3.319605,5.0013995,1.37321,2.0327811,-1.675092,1.0108379,-2.865278,1.2754905,-2.1229725,1.1785645,-2.28598,-1.3948556,-1.9178979,1.284644,0.20401292,1.516711,0.016304499,-0.49907988,4.4403605,4.0318604,-0.43922904
RPTOR,9.622111,13.812065,15.357314,-9.546706,8.413501,-8.860319,24.452808,0.58328944,2.0078764,3.2117383,-7.2189975,-3.032544,-0.89432454,5.478002,4.216653,-2.7704167,0.7938608,-3.1051965,6.0929694,4.527083,-2.7758722,-8.916735,6.6105065,4.7124577,-4.5350432,-13.473314,3.5080538,2.8926404,-0.6588024,7.4611077,8.159806,-6.9293866,-2.0100493,5.1521745,-1.8599068,-5.958726,0.6774905,-1.4310782,-0.29241678,-0.9454182,-1.3301809,-6.3427534,-1.2740952,-0.585713,-4.28689,-0.39077953,-0.48092648,-3.10128,3.645821,-5.0686607,-0.028365647,6.3373566,2.8495164,3.4076543,1.0124406,0.34427607,-4.277275,-2.6945415,0.96104175,-0.9237667,-0.44458503,-0.7069848,0.08056534,1.5676122,-3.8275557,-2.783373,2.5490253,3.0932734,0.4417931,3.2025034
RPUSD1,-4.3585486,17.086332,11.297584,0.3312362,-1.4659888,-6.197077,3.9864342,-4.5541916,-4.748313,-3.2229517,7.6639676,1.8735052,-4.2507973,-7.7436924,-4.006755,3.1331918,-1.5083656,-0.16308242,1.095566,-2.0747716,-3.2880828,-0.5026575,4.996194,-3.0213788,0.7563706,-3.0899282,-1.1816723,1.5156875,-1.3744147,0.8359153,-2.828474,-2.7860904,-0.6325706,-2.377418,-1.2090003,2.9280572,3.8917303,-1.107551,-3.7217667,-1.6780753,-3.788264,-2.807941,-1.2915723,-0.36366442,-0.07773291,-1.8203222,-0.93194497,1.3309412,1.6089389,-1.0188783,-3.6913142,-3.533082,-3.2462144,-0.5831292,-1.7682447,1.0269405,0.6597358,-0.31629565,0.35432175,1.2660472,3.2647858,-0.5064132,1.9818871,-0.21397227,-0.6172262,-0.76031595,0.65438414,0.2484409,-2.0765178,-0.4020044
RRAGA,9.454054,7.2002316,0.006187875,0.2556781,0.82042825,-6.8365855,24.447313,4.7312517,-2.1866574,7.1477056,-3.7598197,-5.016804,-6.331917,4.29085,-2.0682623,-0.35228142,-1.4227047,0.35842752,3.1438415,2.0101705,-3.2335136,-1.3053725,2.9696279,2.0613592,-2.2544315,-10.856359,-1.3508762,4.1068325,-2.4498644,6.935642,4.2339063,-4.8156195,-1.7792462,-3.2696295,-0.8748625,-7.354176,-0.53350115,-2.8499422,-0.5887312,-0.32524085,1.9431413,-3.3627992,-1.1897027,-1.4182025,-6.5916243,-1.5462816,3.4588685,0.039540198,1.0120584,0.38641983,1.0095829,-1.9190084,0.82413805,3.6264188,0.21038651,-0.42598748,-0.6554973,-4.7578506,-0.13501076,-1.3768927,-3.4177554,-0.40559733,-1.615127,-0.4748986,-1.3577209,1.9251089,-0.48912582,-1.0265094,-0.09537488,0.48031822
RRAGC,-6.5545,4.092699,3.4717722,-1.2646321,3.6754239,-5.427768,20.752981,-5.3586545,0.60853803,2.675849,-7.342089,-2.4205232,-4.4577265,4.7446547,-1.2067274,3.9199514,-4.055069,-2.8089197,-0.7535042,4.0420184,-3.2369018,-5.1045046,3.8104277,0.26533377,-5.412935,-10.5798,1.1808702,2.5848558,-3.9939036,6.1192455,2.946045,-4.1507087,0.7455025,-0.7268821,0.0038564429,-4.001047,-1.9991409,-2.9646404,3.8678071,-0.9052761,1.672958,-3.3883579,-1.6792102,0.6869315,-5.6732516,-2.6133456,2.7294686,-0.0179779,0.79386324,2.8290577,1.3168439,0.3224916,0.4118959,2.601372,-0.046278164,2.0555406,-0.34853297,-2.979218,0.96687096,-2.363804,-0.81717026,1.5739849,-0.19337453,0.003839091,0.05326284,0.54667526,0.33629364,-2.4333358,0.5923049,0.6058398
RRM2B,-10.273594,5.982393,-2.629286,-7.642032,-7.015236,11.007144,-10.945636,-3.0009704,-9.355224,0.3119256,-8.37195,2.4223413,-0.52237254,1.7752223,-6.9782987,-4.472233,-6.0215487,-2.8970647,7.402294,-5.8563004,2.7534602,-5.693646,0.055137686,0.63234055,3.2554836,0.05511973,0.6465748,5.3715234,-3.1721196,2.148929,-1.7336116,3.8541973,3.0006938,-3.4765842,-1.6645756,3.2285714,4.8512664,-2.021793,2.8357306,3.8961086,0.7387919,-2.1089993,-2.9422503,0.8754306,-1.8435129,2.108815,-3.2846065,3.9190838,0.41099924,0.9118559,-2.0158525,1.982083,2.2987716,0.16040555,-3.5900207,1.2467998,3.3873742,0.5514561,0.14919592,-1.2759429,2.0917695,-1.3847975,2.6336095,-0.7362449,-1.5441676,-0.2876247,1.6467159,-0.95463437,-0.94586945,-0.61598366
RTRAF,-15.130062,45.153267,-21.3546,6.2978516,-15.978094,8.531787,18.64493,19.350193,8.346885,-10.518418,6.6712804,7.8704653,6.7528625,-3.688811,41.58037,-1.39568,-11.439067,-2.6084166,7.1036377,8.67496,-6.003676,-8.563431,-4.3021607,12.0598545,-0.7813273,4.8670907,-9.278481,2.8595567,-3.4645305,1.8565104,3.0992234,0.60263634,-9.824742,-8.17753,-6.9897237,2.270144,-0.8727382,3.4020867,-0.6645765,-0.5128297,1.3939905,1.6386297,-3.4923077,1.1687984,2.57477,-2.0595825,-2.759842,0.66421676,-2.4149895,0.64559907,2.4065597,3.9356368,-3.0470061,2.211039,2.0332808,-5.234399,0.5513105,3.836569,0.3025305,2.593331,-3.8225894,1.7247037,-6.2677317,-3.562022,-2.1355512,-0.9044676,-0.38243368,1.475769,-3.2424753,1.6550593
RXRB,-3.891552,-33.274082,17.343277,-3.518717,7.180764,9.584007,-4.880481,0.58253586,-7.0919847,-3.562924,-2.3711185,-6.0089207,1.1780274,3.152209,1.8165824,1.97441,-1.7068791,-2.0762446,3.1691084,-2.6840904,0.20690025,-5.679245,0.46123222,-0.13951582,-3.3424845,0.2714447,1.672267,2.726764,6.0908275,1.2850896,2.8575609,1.8554326,-2.3183117,1.8374367,2.6777654,-0.8097539,1.6373605,2.9408145,-1.6159545,-1.8456261,1.5169269,-0.92278326,-1.2281693,-0.40296435,-2.2608926,-0.2621518,-1.2444705,0.43163568,-1.7141508,-0.908242,1.2617722,0.4571988,4.7476554,3.2366424,-3.0571964,0.5186983,-1.0534959,-0.004674323,-0.6695684,1.017982,4.3346467,-2.7752376,-0.76316565,-1.2919365,0.98549885,-1.9986256,3.4627566,2.2007875,2.9704432,0.6076926
SAMD1,7.075469,0.48185048,0.21161415,-6.045168,-3.344042,-14.106948,8.62944,1.8296572,-9.213797,-6.01771,-8.239849,-2.9262068,0.0742367,-1.5410838,-2.04596,4.7773714,-3.5728283,-2.0191524,6.4246807,-5.4876614,2.8214788,2.8198793,-7.492504,2.880027,-3.3509736,3.0153306,-0.2974972,-0.29068133,0.005977249,-2.293874,-0.040458515,-3.5360367,3.6906765,-0.43973204,2.075444,4.3106084,-8.78692,-4.778909,6.9317603,3.1860402,2.0867374,3.2766352,0.45451924,1.0498216,-2.2235312,-3.6880229,-0.28433263,3.3446329,4.189966,1.5330821,2.583118,-1.4428127,-2.460641,-0.41496342,7.560292,-4.456861,-0.5130755,-0.96103203,-6.201748,0.09052882,4.7336864,1.9762442,-2.0541058,-0.41242832,4.935999,7.592178,-1.3249946,0.85470456,5.0885644,-1.2725128
SAP130,10.571184,-17.097017,20.040348,-15.351529,-4.6384654,9.530723,-4.689395,-4.0711656,0.741099,-2.2733097,-1.6643337,-1.1368878,-5.316371,-10.36994,0.19582987,-5.0175805,2.122029,1.6960994,0.23582903,1.2786108,-1.8266941,8.417432,2.8353004,6.231813,-2.9841676,-2.629375,-9.851339,-2.2292469,4.462807,-3.2854772,3.1921601,5.686096,2.68833,0.76095176,-6.2763515,7.9500685,-0.59891504,5.780537,5.608205,-2.2214162,3.5694282,2.6477795,0.14793716,-4.0494986,-5.4347353,-1.0297725,-3.6381898,-4.1938763,-0.3272874,-3.334341,3.0084648,-0.55694497,-3.2443304,-0.6416655,1.0161568,0.40565845,-0.351766,-1.2185086,-3.0313854,-1.8859177,-0.36721256,1.9048275,-2.907367,3.7040265,3.1017754,5.4145803,2.5496848,4.5525856,-0.5212625,0.43580997
SARS2,-33.513508,-3.551656,-20.054977,14.457936,-0.36159807,-4.746657,-8.939137,-6.0672174,9.315327,0.14990051,0.80383795,3.595632,-0.4114247,-0.6681219,-4.073302,0.2045652,1.4807323,1.750345,-2.0303469,-1.367784,-6.671481,-2.8979487,-3.884775,-4.886358,-0.24929316,-2.5336676,-2.4285946,-3.2605267,-0.83849186,-2.8173065,0.16805628,-1.3983866,-0.10929478,5.2935038,-3.4870083,0.15752731,-2.5728765,-1.2552936,4.367922,0.7950388,0.44767767,1.9432441,2.6197245,0.18188012,0.7030984,-2.7578213,-1.1348912,-2.545032,0.91839606,-0.9995275,-0.3987279,4.036711,-0.77142304,1.0294069,1.704837,-1.8690711,-0.7468339,1.0129973,1.8485447,-0.41169465,-1.4270272,-3.512615,-2.2088296,-0.5588145,0.294219,-0.13423881,-0.8895045,-0.5842029,1.0628405,2.0633821
SCAF4,3.795104,-19.606056,-6.5718546,-1.8040596,-2.0055804,-0.5471662,3.5227973,8.1977,-8.768956,5.610909,-5.505401,-5.8205686,-5.266262,1.1901884,-2.4261374,5.1691732,2.3948627,0.89364433,0.3080174,3.3048313,0.21240634,-1.8189435,-1.3171586,1.1371824,-5.8588223,1.9650888,2.7003038,0.36645922,-2.4595587,0.5563882,-1.2793733,5.214191,3.5050075,-6.657336,-0.827179,-1.5551952,-0.32388943,2.2555757,-3.4380262,-1.626636,-5.354033,0.083224736,0.30403164,-5.6228037,-0.9988227,-1.0372006,-0.3308559,-2.882947,-1.1271485,0.45536128,1.8230599,1.7169797,6.290057,-2.5834322,1.2991592,1.137045,1.7853218,0.65112776,0.9340659,5.9627843,-2.5347798,-0.2820265,1.3687004,0.3068978,-2.4800131,-1.3867784,2.1470401,-1.9624991,-0.3937934,4.725598
SCO1,-4.714681,18.622316,-9.891968,-12.963958,20.001547,-3.8188684,-7.1377497,2.297681,4.664175,1.3257275,2.3736293,-7.633381,4.0260644,3.1075115,-2.91937,1.5109721,-1.0224179,1.3913893,1.8047101,-2.2672122,2.5677133,0.40302312,2.6664562,-2.2480865,4.4974833,-1.7788053,-2.4212866,-0.36634302,2.088623,-0.65797395,1.004215,-2.1052387,0.48851934,3.4612007,1.5276225,2.6748621,-0.21534213,-2.503075,2.6045265,0.07532673,-0.565797,-1.8221424,1.1300977,0.96898395,2.9849734,-0.49181,-2.393754,-0.9966,2.664633,-0.8311176,3.739995,2.1067126,-2.1182983,-1.5203081,0.5571802,-1.9573908,1.7189188,0.736779,2.1418653,1.3009537,0.31342852,0.2705174,-1.413773,0.37046757,2.440391,-1.1691408,-0.4981722,-4.760308,-1.0330764,0.808453
SCO2,-10.66686,20.669083,-10.604665,-13.787047,20.491516,-2.9111764,-1.2667114,2.8998117,-0.16472477,2.399903,3.2517824,-2.8031988,0.97153765,0.7322573,-5.318431,-2.9204314,-1.0738257,-1.8469774,0.699091,-2.2258065,3.437254,1.0594617,-3.0578551,-0.078532435,0.8944304,0.60676116,-1.3227923,1.0169568,3.372722,0.1280016,-2.1076524,-1.9286534,-0.22538067,2.2833312,0.720797,3.254615,2.3491712,-3.8041239,-3.7798662,0.93772155,-0.48315468,-0.74386036,2.4199302,0.99044025,-0.51467,2.5184627,2.4146452,-1.6213603,-1.4179956,-0.44303364,0.99004847,0.7807641,1.0172951,-0.22075155,1.9737821,1.0040029,1.1886766,-1.1668906,-0.3829689,1.1659882,1.8632715,0.38594005,-1.1161032,-0.87858635,0.34795806,-0.15628761,0.077389576,-3.7492619,-0.70944315,-0.37465584
SCYL3,21.879225,-0.62741596,19.347115,15.090381,14.5927305,1.7276584,4.6744285,0.6277299,-13.488019,4.376616,4.6961765,6.6964765,0.57509214,-1.3295707,-1.9642754,-1.0891613,-1.2915391,-1.2214934,-2.3560922,0.24680652,-0.96887773,1.6981815,1.20641,-0.18983153,-0.9413139,2.6927698,-4.007108,2.2780178,-1.2655402,-4.211362,-3.197619,1.6874869,1.6635966,0.66366255,-0.70731765,-0.63640404,-0.71485704,3.6597624,1.546009,-3.312125,-0.37032348,-1.5976435,1.7798682,-1.4259993,-4.118912,-2.469977,-0.9296199,-0.68381697,1.9439442,-1.9287485,0.88268155,-0.49485388,-2.8278604,1.8590505,-0.969732,0.82908726,1.0096887,1.4379932,-2.7629006,-0.4785908,-1.1381775,0.3083505,-0.31434643,0.6629066,-2.2465305,0.37559298,0.78296566,-0.25281456,-0.13125567,0.3272682
SEC14L1,-25.653301,-10.398637,-6.516786,10.905618,0.9793762,4.2260957,4.900069,-9.99154,5.6727886,-3.4082177,8.506778,-0.6100791,-2.3183444,6.4548736,-4.384175,2.9124916,5.1798587,2.5265331,0.5761758,11.076926,3.9919202,-4.7722282,1.2295712,2.2069287,0.58643776,5.7691674,3.2297578,3.833472,-0.5299345,-2.1118414,2.0127697,6.2572727,2.1877398,-3.7780104,0.9762677,-0.685756,-5.810407,5.029591,3.0927768,-1.3331871,-4.6082983,0.26436788,-0.53641427,-0.9249365,0.32457888,-0.15467013,-1.4193616,1.5491403,3.7851276,8.09484,-5.0619354,-0.641059,1.1989003,-6.0390067,4.8640156,-1.734606,2.9380493,-2.110915,-7.049415,-3.8359973,0.46968517,-1.8537372,-4.144308,6.9259033,4.829998,-3.6756344,2.4166234,-5.578262,-2.2508962,-1.081138
SEC63,-12.8393955,-16.896734,-3.4864893,9.533947,-0.8714521,18.023743,8.726769,14.370824,12.429589,-7.8033037,-0.8189224,7.931325,-11.752873,8.685491,-10.000627,2.7048392,4.5595813,-3.6540883,-2.9979131,-6.5236053,5.405624,12.423953,6.9958005,-1.1973497,-2.3109324,-4.3173065,-0.5024329,-3.369955,1.9468664,-1.737931,0.11179847,-5.641513,1.5780557,0.026828108,5.77439,-2.5416243,-0.017107645,-2.1688678,-1.1195623,0.49691504,-1.6157384,-2.7164047,-1.7555162,3.4285748,0.72173727,-3.1242034,3.31327,-4.6617937,-1.8940954,-1.0392238,-0.705392,0.24695927,-1.6753887,-1.6466844,-0.7719792,1.892953,-1.8487791,0.9190014,-2.6843958,2.7844276,1.7037516,2.233672,-0.98418355,-0.018463517,-0.14870968,-0.18509273,-0.7859017,-1.9027934,0.92483824,0.18605019
SEL1L,11.308875,-6.910203,12.769094,0.7109929,-10.40417,28.707119,16.284384,38.844208,12.460164,-15.762635,-0.36638474,10.994383,-9.102916,0.30121484,-1.6438661,6.079686,11.033009,0.6406325,-14.201907,-6.278859,5.9556136,2.8296516,0.2305956,-11.805063,-11.1991625,-2.2714689,0.92245233,-7.03979,-7.585774,0.116074875,-4.661685,3.0030372,-2.6706529,6.016688,0.23894878,3.9847927,3.3646204,-1.2827923,-3.620125,-5.8648095,4.012593,2.3297887,1.2528884,-2.48015,-4.112729,2.851113,-1.1085725,3.145514,0.06713233,3.8417597,1.715873,2.8049996,8.620083,-0.4326943,0.5318845,-1.7267739,5.525547,-0.37399477,-5.618939,-0.3583168,2.815697,0.35873368,0.41246203,-2.5715997,4.0068464,1.4835235,0.33302364,2.9864964,3.4399936,-8.574347
SENP1,2.605571,-13.298567,-10.091708,3.5913045,0.48580912,3.6021407,5.9651923,0.0123578,-6.1689997,7.2749877,-3.7510586,-0.28561053,6.0095587,2.8063886,1.2272612,-0.96486396,4.512462,-0.8023008,-0.1878164,-7.7583,0.46865985,-2.213827,-4.0125275,-1.7682844,5.247763,-1.8335457,8.525639,1.169517,1.922383,-2.4091074,0.35068884,1.331063,3.668261,-4.216399,1.0561681,2.801583,5.3675747,-0.98241436,-4.5040927,-3.24845,-1.4397254,-1.9186329,-1.7959714,-0.4063699,-0.74017346,-2.4106417,-1.5909187,0.1945146,2.109925,1.8922005,2.9089723,2.1695757,2.5946336,2.6323836,0.61065215,-2.5512056,-2.7812083,1.2843609,-0.14347027,1.5088441,-3.9918745,1.3942182,-0.64929616,-0.40120703,-1.3596488,3.943661,2.6938336,3.8024044,3.709589,0.12104636
SENP5,78.53077,28.938383,43.629322,41.489635,11.464553,24.273987,-5.519839,0.3006835,-3.8506958,-8.753748,-3.178149,-30.513987,-0.9978481,0.38921487,2.9806244,-7.818127,-2.1264687,5.27595,5.868782,-2.9516656,9.451114,-5.5108676,-4.3294144,-4.6572337,2.2996793,11.706706,1.8857417,1.3547095,9.840934,9.221845,3.152908,-7.53352,-3.4670088,-4.7534266,-6.5015593,-0.3673195,-7.690759,-7.137997,-0.21800372,8.559871,8.78705,-1.1136166,0.9223762,-4.9215407,0.8313241,8.153918,6.779338,0.5420989,-5.0669656,7.419374,1.4882674,1.25442,-4.4511223,-5.126039,-10.79393,-4.306816,-5.890903,-2.060146,-4.52233,2.3378098,3.080906,-4.260298,0.7812447,3.004323,0.53044313,2.8512528,-4.986232,-1.198102,-4.1812043,-0.7480879
SETD1B,-4.3437085,-17.410992,8.537481,6.4576807,4.675555,11.186818,-3.163944,-10.610355,0.032264374,1.708178,2.723896,-5.0477986,-3.7948356,-0.4574035,-0.9515604,-0.6564092,1.807207,0.2834013,-1.9588815,0.7025219,-5.469816,4.8578515,-1.6165235,4.5478663,0.70067644,-0.2898577,5.8508835,-1.8045856,-2.821036,-4.9449444,1.3886817,1.8086147,-1.2866632,-2.9900815,-3.475895,5.274425,3.096835,-1.7278537,6.320253,5.1281943,-5.152217,-0.72855735,3.7287097,0.6709967,5.993505,-0.4398458,1.4162675,2.4475572,3.6926012,-2.8933344,8.6660185,-3.9576795,3.0505447,2.782861,3.8548133,2.7834685,3.6209242,-1.8724726,1.1036994,-3.5046535,2.8685608,1.5864866,-4.5531483,-4.6027145,-1.1119694,-0.075412475,-2.5756707,-1.4710202,4.4339623,-0.17716749
SETD2,-14.118307,6.014663,7.592671,-3.6624103,-12.179188,-6.2661242,4.724893,-3.1725276,-7.653558,-5.049732,3.6248305,-4.461384,1.2212154,-0.6930124,-3.887204,8.162121,-6.0443573,-4.919365,-0.9191266,6.077775,1.9675481,7.637954,-0.91237557,-1.8078265,-5.716736,-2.063015,-7.6235905,5.005924,1.1371062,-2.2357655,0.44406652,-2.1407464,-8.612178,16.90674,-1.8881328,3.9950836,-0.14509165,2.7417345,0.13423279,5.039941,-0.660396,-2.4749296,0.87719,4.1409535,1.8019153,-0.22023872,3.124582,-1.4525523,3.0952716,6.9670663,0.68685865,-3.3015862,3.726681,9.608709,-1.0399975,7.9311213,12.9922285,-6.3160787,-11.713442,14.496434,-0.022274451,-6.833865,-2.7046063,4.3880725,7.8337464,-7.917951,6.2722945,3.3514473,1.4130507,-10.767383
SETDB1,-10.738931,12.774899,-12.016972,6.3541803,-6.940803,0.2888072,14.24767,8.415931,-14.353875,4.025495,5.7660236,-3.0523596,1.4161822,3.7866344,0.8221531,-0.25131902,15.028346,10.98888,-15.992273,5.755558,-8.7830515,1.7694634,-7.8959737,-6.2315125,8.154473,7.6765203,3.5954714,-6.6784163,6.4802265,9.018962,11.398915,-9.667255,-4.431825,-1.7604202,10.3582945,5.7627816,13.323848,11.608843,-7.6592307,6.88234,8.418753,1.6361371,-0.8794791,-9.87353,-4.5403275,-5.709149,-6.6680346,1.2940874,-0.8284905,0.9942854,2.1603491,1.7580541,-4.65413,-3.9771574,3.4494596,3.2998426,-0.1918017,-3.052286,8.597594,0.063391574,1.8831533,-1.5224174,0.99683887,4.719457,-5.707391,3.5170329,-1.0804086,2.2111914,-3.9605489,-4.9562745
SFXN1,-12.0242405,-9.747606,-5.761188,20.146086,-10.393943,-1.6580812,-7.800357,9.264119,7.439897,7.831613,3.0778058,-5.894584,-8.931623,-0.15597798,-2.0340393,-3.5743132,-1.6047076,-0.5724453,3.7837372,8.024114,-0.9448617,-9.779074,-0.48053712,1.4037635,-0.99629235,-6.889687,3.5076184,-4.8966184,0.4819872,3.7682893,-2.065213,4.0028768,-0.39594358,-7.8930907,-4.963991,-2.4662263,5.5172415,0.8971182,-3.6150627,3.1830134,-0.04749252,-0.12091073,-5.4177203,1.4930636,4.443844,1.0829002,0.20066442,-1.0679148,-0.17121007,-0.39442694,0.3865044,-0.8668847,1.3715492,0.33495727,-3.3654482,2.7445173,2.1284602,-2.683582,1.3436549,-2.501636,-1.6410468,0.17277955,2.1723757,0.20904273,-2.4086058,-1.0484388,1.1321201,0.9910236,-3.5379972,2.0645363
SGF29,39.979652,8.033678,24.599346,44.576912,45.149933,1.3953848,-0.4684803,-7.1133146,-20.2976,2.5528667,20.188255,35.263123,11.033788,-0.14460568,8.642279,-3.2338953,-3.8449547,1.5582747,-0.60075915,1.3058593,-9.616086,-5.3006773,18.986956,-9.449114,1.002291,-2.854982,4.9001245,-0.54153794,-8.206687,2.721701,2.937486,7.386251,4.769272,1.7462497,-1.0815842,-5.9463673,10.395145,-8.031077,-4.484426,-1.5992469,-7.0193186,1.3088216,-6.1681743,0.6771744,3.7005298,-4.1257153,-4.2272434,6.4013596,0.89954597,-0.13655472,4.301991,-2.3233047,7.033809,-2.820449,5.256964,1.0836571,0.43647265,-1.0214273,3.892782,5.316135,8.689229,-3.1204362,2.8973298,5.469097,-1.6029167,-6.2591286,0.9866936,6.1097536,11.3423195,-0.7262547
SHLD1,-25.247059,-0.16389768,24.327085,-16.90945,-4.2782273,7.688766,-0.6867726,-6.9653287,0.66263777,-3.9079463,8.459372,7.6950264,6.4794884,-2.9482646,-6.0642405,-5.875416,10.036295,-6.613554,-1.8627557,-4.4336805,2.932828,-0.42859277,-0.53220737,1.9018761,-7.383713,-4.042367,-0.91671664,0.8118633,1.8350425,9.119069,-4.4621954,3.982805,-2.2039218,1.3834102,-8.047074,0.31887624,1.9773186,-3.230032,2.4891815,2.782487,2.9878721,5.8798614,-0.85058,3.3851566,-3.5493524,1.2891827,1.3303559,-1.8011357,-2.0328162,-0.4526492,-4.299945,-2.2844496,-3.4272206,3.9411848,0.192516,3.4192276,1.4300703,2.7137876,1.8121436,1.6723789,-1.3980362,0.100932136,2.0735078,-2.8846087,-2.1477141,1.0262511,-2.4167604,-1.1526095,0.681153,0.08994676
SHOC2,24.72962,-14.164876,-0.06813289,-0.96896446,7.8150864,6.2133203,0.41804996,-1.95797,0.72591084,2.3774383,-17.374086,-7.5093293,6.2393775,-11.240642,1.316619,-0.4802218,-11.736901,3.8789139,5.3136396,-7.4082975,4.3883176,10.722985,0.5083337,0.21897635,5.2615767,6.3322315,-0.7888048,-1.2422336,-6.3088803,6.6116576,0.18920527,-6.4606433,6.1007395,7.104357,3.1163964,4.309226,2.48222,-1.598163,2.2041218,1.4822677,2.3309479,-0.7930951,-3.5211928,1.770443,0.4513705,-5.370366,-0.9303743,2.29083,-7.1111097,5.256555,3.4371455,-3.6689293,1.9136722,2.6841123,0.21836653,-0.6152667,-4.561595,1.454428,1.450636,3.455021,1.5363109,4.582493,0.5727337,-0.120589055,-3.151368,-2.0955796,2.3275163,1.9362513,2.776805,1.6950607
SIK3,-0.28608862,12.3128805,12.623041,-6.451303,3.9006495,-0.7851375,14.585429,-1.4736104,-0.785555,2.851166,6.5129786,-4.736291,9.220162,-6.648952,-0.90270317,-0.509711,-5.831136,1.9064631,7.1264668,-1.1468369,10.769088,16.538395,2.7763448,6.3825397,-5.341769,-0.29997063,6.934476,-2.8461847,-8.268643,-5.4168997,-1.5301653,-2.8216197,1.6169262,-2.6159666,-0.9789733,-0.4249112,-0.87510973,2.3101223,-4.721898,-7.2281117,-0.7575173,3.47103,3.3544729,-1.8680696,-1.7817525,-3.062842,2.7913113,7.3045225,-2.1748123,0.49941462,-1.0043215,2.3346379,1.9117217,0.83471733,5.847943,4.2893124,1.392846,-4.389166,-1.9266328,-2.6048772,-1.2931587,-1.936042,-0.7926268,-3.563263,2.267859,0.59455335,2.9276454,-0.5914769,-5.5819235,1.1280792
SIN3B,-14.189429,-5.4959016,7.4742823,-3.9591868,-9.074526,-0.12901406,-22.622297,-3.2051184,-1.9090173,7.397344,-13.318759,11.876184,-11.408881,8.583033,10.84531,-9.237983,6.1141787,7.836242,-6.302716,7.385952,-11.905015,5.969833,8.408809,4.9455533,4.184046,8.749661,-14.889126,-1.0980265,-7.899765,-4.5345893,-0.357054,-2.7206242,-8.628278,2.0657434,-9.77397,4.936757,-9.316277,8.75615,-14.152967,-2.795898,3.5497031,1.8436799,-5.588947,5.0599647,-7.6171947,8.997248,0.47630456,5.4488254,-14.409422,-2.8662424,-3.55795,-7.664315,2.3140807,-2.0982912,1.1487164,6.733219,-0.5391702,-8.464625,6.901805,6.810039,-4.856053,3.3068876,8.46954,2.6575243,7.0859823,0.37752342,1.2692379,-1.442984,2.2484255,0.3383773
SINHCAF,17.305077,2.8286207,14.290774,14.620765,-6.450797,12.791267,-14.511412,-3.3162405,-3.805864,-5.6266985,0.7743002,-9.024016,-4.0339236,0.45137727,-4.075702,1.2256172,-1.1292441,1.8950875,3.4409165,5.905201,-2.7865717,2.731126,0.6869737,-3.3148293,-4.974145,-6.661544,-8.265435,2.4471614,5.55423,-7.2308702,-1.4068179,2.6231253,4.1461244,1.9539362,-8.640399,5.472292,-1.8361032,0.55837727,2.1217492,4.1791706,3.771427,3.8460839,-2.6079335,-3.925284,1.0189146,2.083685,-2.286323,-2.7808573,-4.9819074,-1.4819813,6.37191,-1.2609038,4.4951673,-3.016556,-1.1387396,-0.9474895,-5.5355234,0.29324028,-0.014198641,-1.9188522,-6.8554068,1.5412669,-0.37991267,1.3329295,0.16859484,0.27002943,-6.3903923,5.5186486,3.3235855,-0.08652795
SKA2,-7.358233,20.502584,-9.210868,-0.8165737,-14.820919,-1.1368852,1.8052975,1.2875789,0.048908733,5.031201,-8.297531,8.182332,-3.9372506,-2.1526744,-6.427888,-5.1381044,2.0454564,5.6615033,3.5983803,-3.3429348,-1.5042142,-3.8772473,4.823589,-5.2054486,2.8285894,-0.19330163,0.43500477,-1.2930812,-1.73072,-0.90000314,-1.4011765,0.7904548,-0.6134633,-0.2445782,-0.40417293,3.4582045,-3.2849689,-1.2543586,1.6989278,2.7594736,0.8184435,0.19778441,-1.1410489,-0.81830007,-2.2521458,0.32748413,1.6447767,0.27122357,3.048633,0.6221383,2.7098916,-1.0616379,-4.644536,-1.8902031,-0.09322961,-2.5719323,0.74265504,1.0540886,-2.798862,1.1382782,1.098509,1.6611234,-0.9315055,-2.4193156,0.147156,2.4357257,-2.1577752,-1.4280121,2.309675,1.657316
SKIC8,-15.50839,-6.7045455,-9.80086,2.7155383,-1.3093402,11.976608,-8.188283,0.51149744,-0.24419983,-11.902257,8.7818985,-21.9663,-6.9669876,-4.2539344,4.7441115,-5.6944036,7.332469,8.404496,-6.3523645,-6.64172,-14.611771,1.5726309,-3.5311403,9.043904,4.904271,-6.506442,-10.858715,12.351888,-3.5961018,-3.105283,-0.6276224,5.83573,14.43186,13.1931095,8.518575,-1.6177613,-11.828859,-5.0396533,7.260014,3.2609744,-3.1413872,-1.6979005,5.003077,-1.667106,0.7416767,-3.2248883,-1.852037,2.736967,-1.0137912,0.46781152,-1.3919181,-4.739714,2.2313511,1.0769408,2.0367353,4.870061,-8.515006,-4.5932884,0.3790703,-2.7786183,4.045783,-2.057435,8.047004,-9.414601,-2.3083377,1.7400353,6.7272806,4.9553185,-4.4912663,0.11800516
SLC24A1,6.1576347,5.055598,-3.3521347,14.748211,1.4414716,-12.225897,-4.781095,1.6462017,-5.0385795,-7.5929003,-23.430534,-5.291156,16.999651,13.608692,-5.0033326,19.800835,27.543285,-14.927563,13.202841,-4.711928,-6.3243937,-0.14660008,7.7428904,17.863255,7.059833,12.030864,1.0626732,-2.8268642,-9.901745,-4.1463323,-1.2925762,14.90383,-8.313394,1.9980198,2.7681952,-6.601222,4.113399,-11.23656,-7.1653605,2.6809006,5.005553,4.300954,-2.1017601,-2.7805479,-1.716668,1.4310149,-0.105511025,-0.52483803,-3.7249963,-1.8529913,-1.1876783,-2.6198018,-1.3733891,-0.35825467,-4.9583187,3.1828659,2.4958193,-0.4152258,2.8844817,-3.9570005,4.6285625,1.1847781,-1.8519553,-0.3526939,1.8972434,-0.40012908,1.6237812,-5.000099,-2.1516593,-4.1930327
SLC25A1,-7.028105,4.2952743,-12.155156,-3.9700613,0.90180767,11.371393,7.3887005,-5.376193,1.5482303,2.5308697,-1.0201966,3.1046712,-0.2254728,-8.570147,-2.4114375,4.63538,-0.7505055,-1.4697115,-0.0024782296,2.7166235,4.3398366,-4.7051272,3.0546439,-5.918724,4.3032217,1.9430977,-0.063032694,-2.1265,1.2314878,-0.994543,-0.14018129,2.0166953,-0.5092261,-2.3123205,-0.20108648,-7.4625716,1.9404416,0.55672246,0.6752035,4.275957,-1.7651469,2.9152176,0.17313918,-0.02989184,-2.102588,-0.8580061,2.1464617,0.3606448,4.9449463,-1.0647315,-1.9577527,-0.90534854,-1.8179309,2.024686,-0.61472094,3.1865003,-0.13369444,0.49934638,-1.4084094,-1.1944461,4.18086,-0.9712918,3.382609,2.1922548,-2.2516434,-0.20885664,1.3079873,0.6107915,-1.3120705,-2.7824295
SLC25A10,-15.03817,4.2174478,-17.636917,-5.2064705,19.054878,7.068119,-5.7815776,5.711307,2.3567023,5.6086497,2.6261032,0.65739286,1.461218,-0.47836694,-0.8806021,-2.648231,4.9156895,2.090922,3.6954303,-0.6216929,2.317564,1.7056583,-2.2780678,0.061879225,-0.12149592,-0.9645372,1.8674171,-0.34943593,1.2547834,-1.6553648,0.2116994,-0.3331336,-2.8137803,-2.0758421,-1.3614978,-0.4068669,-1.8346155,-0.4247565,0.26184368,0.1427125,1.8913125,5.324228,0.19067203,3.184103,-0.09108914,-1.4442289,-1.401026,1.0581422,-0.3626245,3.428873,-3.5005395,-5.122958,-0.8043961,0.47176415,2.769652,0.40069893,-0.40087262,0.7178216,0.07358886,0.8493033,0.12771392,1.9600589,1.999008,0.87600774,-0.70694774,-0.6218587,-1.3928007,-1.6153328,1.2020748,-0.1664286
SLC25A26,-10.491956,4.748198,-2.3985999,-10.630637,14.796254,3.1591547,-0.48398575,1.4612093,3.4735606,-5.2769294,-1.8920293,-0.93312985,7.1681166,0.9743155,3.4307625,4.6505075,-2.9075382,0.9120268,-3.7077937,-0.42527074,-2.8087666,-0.5109049,-2.8419514,-2.3434482,-0.15608338,0.3693614,-3.6471364,0.5926857,-0.42773086,-1.3111451,1.988931,-1.6388499,0.9967281,-1.368319,2.1441474,0.29426223,0.06372835,-1.9032083,6.4668417,-2.159206,2.9909277,5.372104,2.2413282,5.1579733,-2.886614,6.6131034,-2.9264874,-4.710495,-4.0858283,0.3623129,0.062208377,-1.1548516,-2.185725,0.6281526,0.31529096,2.3968549,-0.5509735,4.4646935,1.4913775,-0.56838727,5.751904,-1.3943136,1.090299,-0.89467067,-0.42845777,1.9010417,0.51402605,2.5058846,-0.83967596,-0.9140804
SLC31A1,-16.632473,21.125153,-19.893835,-2.5004523,-0.8332366,-14.412494,-5.6206717,-2.4209762,-2.0918741,-1.7796934,5.7265325,11.697565,5.137091,-1.9045409,1.7535444,-5.611867,5.810036,-2.052695,1.9510597,-9.732328,9.590609,-1.6155192,5.7157764,0.6109371,-2.5551603,-4.4065633,0.8499441,4.8260493,1.6562641,-1.3066343,-4.4997582,-2.8291488,-5.222102,-2.6632333,-2.3174996,-0.45073,1.6606196,0.13694781,0.14009857,4.4286323,-2.008378,0.018787054,-5.2814345,-1.2341765,-1.1723402,7.812263,2.6711092,5.5199,2.1333227,1.4122249,-1.6546799,1.0198213,-0.9174057,-0.6118982,-5.1844482,-0.2746481,3.7929995,0.20046723,1.6469283,-1.0509497,0.5197802,3.1757994,1.2969009,3.0003119,-3.3693683,0.4455704,-3.1127002,0.3627962,1.2721658,-1.2072191
SLC35B1,8.265208,16.842487,-12.103895,14.498879,-13.964565,32.131134,22.012833,37.038948,22.356476,-28.004969,-1.325586,18.56591,-6.236979,1.5740324,5.0971947,4.7489443,1.5949757,1.6827761,-2.7916288,-6.87524,2.3912566,-0.65374625,3.9189322,-0.76320183,-4.980775,-3.1465626,-1.0678633,2.7491696,-8.590101,6.938688,-0.4469364,1.7435836,-6.3894277,4.5022845,-0.31452006,3.5891309,1.2072561,2.103168,-2.597492,-4.683625,-1.8706303,0.046195388,1.3305907,-4.3191676,0.6684697,-0.15695544,-1.9766201,1.3511311,0.14854605,-1.7760429,1.4186993,2.6495862,3.6365087,3.0649626,-0.7918886,-1.4301938,1.2374105,0.45487422,1.361743,-1.2528241,2.1686733,1.1594615,-1.6605883,1.1224355,0.036009967,4.7767396,-4.311789,3.1381106,0.54176104,-0.31600654
SLC9A5,-9.90765,3.5769222,-9.871193,15.5775385,-9.713574,-5.4783773,-12.895845,7.176398,-1.8577646,-3.656931,5.4396534,-12.509272,-1.82915,-2.3088825,6.9825277,1.3490906,8.581657,6.4260197,-8.480165,-4.363238,-3.760493,5.110717,2.3053048,3.4969194,3.1365309,-2.546629,7.1219015,2.2763677,-0.22224437,-2.7233894,-0.28838378,2.3325737,-3.9143083,5.652211,-0.9049827,0.64924616,-1.1546915,-4.6260924,2.0828838,1.0714625,-1.443696,-0.87405056,-2.2286217,1.3487083,0.5667564,-3.5124152,0.5588078,2.0510838,2.6674407,-0.87232375,-3.25972,-2.0723822,0.79873675,-0.11174557,0.12070598,0.49437988,-3.579145,-0.19650541,-0.12308269,-3.5596592,-0.8274445,-0.96885943,1.2241601,0.57995725,-3.5426307,-1.5564564,3.358173,-0.8152448,2.330799,2.1979601
SMAD3,-8.739321,1.1612238,10.25735,12.471996,-9.269265,-5.6143765,-12.076039,7.5677295,9.527106,2.5575852,4.3309383,1.9687454,-10.305667,10.026062,-0.021490594,-3.9567788,-5.8841467,-7.2474895,4.262346,-1.243229,7.105626,-0.79268575,-11.40387,0.98810303,1.6597364,-5.215396,1.2797489,-11.578708,-2.709906,1.5165392,7.4803715,5.5573545,4.897528,1.8634989,2.5107992,-1.1692076,-1.359944,1.1792606,-2.9281287,-2.202954,-2.965068,0.1965843,-8.300605,2.489508,4.508715,-0.64914864,-1.9610919,0.9511122,-1.6087971,2.1760554,2.2074568,-5.673862,-5.7448745,3.5941842,-2.2055748,4.8061123,1.2957405,0.6941348,1.1577442,-0.71983945,1.7803866,2.597521,0.3855637,2.589542,-0.73734325,-0.57443523,1.554416,0.055106465,-0.045545083,0.19358823
SMARCA4,-28.892685,-14.445207,2.9894738,3.6375873,4.479945,0.24919002,2.261162,-11.173743,1.5638566,-4.960514,-5.6244555,4.9463778,9.845253,5.9349976,4.215482,-1.6921967,-8.745563,4.665536,-3.027578,-2.4856148,-5.1185374,4.6719246,4.6017175,-3.4045515,-4.8315125,-3.9473567,-0.01667879,0.06268453,-2.0985293,-4.594486,-0.3174163,3.7573574,0.89032555,1.1252326,2.440178,-0.17031503,4.0960684,-0.9488137,-5.3365417,2.517647,0.37590367,3.0785546,-0.72811913,-1.6269687,-2.2670135,0.43339878,-0.46016073,5.2411227,0.3563437,1.7928513,-0.0145189995,1.0282234,-1.6982108,-0.11574478,-1.7305678,-2.2699893,0.50840724,-0.02870686,-4.0673966,0.1780574,1.0453454,1.3120755,0.52406,1.7412469,-1.279956,1.3880979,0.45177767,1.8891706,-0.1327095,-0.61122334
SMARCA5,-2.8822992,21.874184,-5.3727803,8.96061,-20.94398,-9.2036705,-15.467885,4.1506796,-3.9311507,-9.467077,8.139342,15.762406,-18.579992,-6.4702005,11.03993,2.9167519,6.6879454,6.2710915,1.7386744,6.219077,-9.4781,-2.4810042,2.3529332,-5.3063536,7.270609,-2.109853,1.6866863,-2.440027,6.104704,2.1253662,-4.6080713,-1.5143212,0.25732422,-3.5800798,-0.98797536,1.8245028,-3.0263152,-3.7840402,1.6348947,9.182388,-4.5356493,-0.66951394,7.631601,-4.2160673,-0.7789891,2.43909,-5.8072844,5.7576647,-0.600915,0.6982813,-0.5377956,-0.8021295,9.516355,3.0170689,3.4558337,6.090206,-2.5872552,0.713156,3.3161354,1.9994484,-5.5305333,-1.9433255,-0.03639149,3.8379874,10.405764,6.683025,1.8518952,-3.17768,-0.48926607,1.0757805
SMARCB1,-20.752087,-37.362614,11.666166,2.865508,17.533924,-3.1656678,-10.370817,-16.893606,5.4242945,-13.057902,-16.481081,6.841335,11.82871,19.477482,17.853615,-15.345096,-2.219772,6.3360534,-7.7674313,7.1636314,-6.1475787,3.2930422,-5.5999565,2.521835,-17.037312,1.9304612,1.0745765,1.9726417,1.9106795,4.269502,-9.455606,-1.0604067,5.6180744,2.844672,7.1675844,-2.2973607,10.915134,-4.966625,-6.9081554,6.485513,3.877235,-0.35043636,-3.2855148,1.8012519,5.825486,-2.4024835,2.4487479,6.0717382,0.7937696,3.105042,-2.9381597,2.9372334,-6.729874,-1.4500028,0.19175345,4.1675916,0.16779582,-3.4086096,-7.3160777,3.569638,-2.199059,-1.7658253,-0.5544204,6.3683333,0.3700712,7.0059724,-1.9194323,1.4987397,-3.1613243,1.0837581
SMARCC1,-18.837002,-22.101889,-4.897592,10.495991,2.4951856,-4.014572,-2.6924198,-14.167985,13.015886,-3.252378,-11.407286,4.8588095,6.382369,5.7367253,4.560584,-2.2998393,0.14984167,5.0480475,0.031344164,3.6014495,-0.57253766,0.54918003,7.7193127,-3.8781366,-3.7881198,-1.7005988,1.775702,-0.9913404,-1.8955295,-0.49082938,-2.4404516,1.7647403,0.52838355,2.3304386,3.6524744,2.2392325,1.6359771,-0.33907503,-0.39397806,2.0818918,0.18293172,0.6660873,1.4769671,0.6792455,-0.036899667,0.66750336,0.89865863,2.618939,-1.0565901,4.255704,-1.9892879,-0.58076346,-3.138648,-1.2663519,0.37626415,-0.93323356,3.3057928,-0.6052195,-1.3631629,1.5486276,-4.1130323,2.4555542,2.2899864,2.7376168,-1.1034865,2.051086,2.8934693,-0.047368485,-3.89772,0.40506047
SMARCE1,15.270148,-25.708765,1.0747049,9.359956,25.007141,-9.465358,9.944056,-32.860897,17.956007,-7.195209,-37.93066,17.19542,17.475695,19.952576,22.720364,-26.197716,-3.460243,6.350745,-9.376379,6.5751295,-15.422303,-1.8558987,-14.51622,5.9997706,-24.361216,-3.960169,1.1386434,5.8381724,-0.74901813,4.3629155,-13.589199,9.228664,17.0608,6.2326255,9.08882,-7.5998106,14.14798,-7.8432846,-3.9418705,6.1494,0.70640254,0.67080474,-3.9379592,3.78932,11.417149,-2.7048209,-1.1201909,12.61817,5.436369,1.5681835,-0.96973807,11.675046,-11.022891,-1.8664273,-1.9107745,8.335923,0.40051696,-2.4350495,-3.7750525,3.2274034,-4.5709696,-3.6999881,0.2867316,5.120058,-1.9840105,11.697226,-0.36306018,-0.87778944,-6.868318,3.8423457
SMG1,-7.8322473,-3.3425171,-12.535546,16.37262,-0.36760485,-9.481053,5.565492,22.267212,-4.261375,-40.064697,-11.062636,-6.6458635,23.580118,0.76312256,-3.0983026,-35.201225,-3.0389862,-33.65014,-13.944196,20.983315,-5.9198275,8.483846,5.7075334,-4.6308336,29.792162,-3.1965775,5.5417523,4.018441,0.20897037,-0.83566666,3.1080275,-7.504759,7.093491,0.4814481,-3.7023785,2.9790256,-1.4896561,3.242959,3.7993155,-3.3214135,-3.283089,3.3410714,2.8984268,-3.1192687,2.959071,5.287186,2.124661,-2.4770148,-2.9569714,-3.5601847,-2.5089679,-2.0328722,0.64840794,-0.87610555,-2.7466474,2.7153418,-1.2875435,-3.4616697,-1.239631,1.2578995,1.2115115,0.9988902,0.24680962,-2.6185722,4.3281217,-6.2643313,-0.9885293,3.3247392,-0.6939085,2.653364
SMG7,-0.2445913,-11.019577,-9.596005,12.276979,0.57689905,-7.347018,9.754295,22.284796,-6.3099203,-28.223936,-12.375993,-8.145657,20.236788,-4.007568,-6.7234488,-24.914845,-3.8764324,-20.84173,-18.514156,14.969039,-2.1203902,9.8803005,7.6704416,1.015201,13.2519245,3.3020322,6.9366727,3.1505704,2.365998,5.50771,6.1361685,-2.259524,3.8186316,-2.998388,2.5156004,-0.12111772,-1.9520581,0.79236704,2.3148181,-7.4398704,-2.383881,0.79981875,3.3273852,-2.613941,0.61427045,-0.014068014,3.3781447,-1.1019363,-2.7843122,-1.5342748,0.19286229,-5.602814,-1.4553922,-0.124298446,-1.354447,1.0091711,0.47516906,-4.2365494,-1.7655356,1.0432591,-7.081076,1.6959431,0.9793474,1.5516083,-0.7576924,-1.2601866,1.988783,-0.2981887,2.0671158,5.0055823
SMG8,-6.735635,-13.967136,1.9924426,7.5916405,-0.011281403,6.9984517,2.5475807,15.581322,-4.5069995,-21.462196,-8.138272,-3.7447054,6.6413116,-7.2660537,-10.184291,-16.64096,-3.6310134,-15.109298,-3.5524192,7.0232882,3.6367354,7.456044,-1.6800433,1.8762981,2.486339,3.1132405,12.346748,3.0248263,1.8833057,-1.8716824,4.0757375,3.9449568,-1.0718685,-7.986607,-5.578878,-6.3860254,-0.5839781,7.4559507,2.5639002,3.8004122,4.880443,0.03210028,-0.5860554,5.8822746,-1.2383173,-4.9600563,-4.547032,-1.8810271,-1.7970297,-0.47052118,4.8259997,-4.9579377,0.6147437,1.2491006,6.7760735,-2.7083266,-0.12588796,-0.57548136,-5.0870194,3.9071274,-6.8790364,2.1314669,7.489969,1.4218631,-5.5559564,3.384962,6.6390123,-1.7846218,-0.40061265,-0.1913914
SMG9,-15.597098,8.793054,7.8742228,2.5252268,-8.54676,10.022862,-0.27984118,12.018678,2.45738,-23.889393,-4.235771,1.2286798,5.9356256,-5.106337,-13.1054535,-17.55328,0.55805933,-15.231048,-3.8282216,6.406861,-1.5688468,1.0792987,0.8414171,-3.864394,5.471579,-0.46505857,4.359319,0.12003146,0.51204646,-5.9626446,1.1903286,2.746115,-0.6568872,-6.43688,-2.7227843,-6.4739585,-2.070449,6.3600254,5.5634637,5.7235026,2.2778044,1.7522802,-0.54270685,3.2783093,0.47600806,-3.7991774,-2.8527222,-0.7373386,1.7489254,-0.4971437,5.55441,-1.9966401,-1.8281407,-0.88577294,6.1624126,-3.6219122,0.70047307,-3.1429534,-5.1487722,-0.90648425,-6.5616546,-1.357656,6.32183,-0.11469163,-3.0333974,-0.64390427,5.8647814,-1.8277096,-1.4861652,-2.523361
SND1,3.2636757,-28.20735,-1.4738276,11.233839,2.0073156,-4.697619,-3.7128048,-0.7701041,8.006655,12.613004,-2.9899352,2.0318434,1.034537,-3.7117965,-0.975375,2.464153,-1.9948745,-1.5686578,1.1184229,-2.9612541,-0.8577704,0.069660574,-0.6429253,2.106125,1.0421844,0.4118808,3.5905886,0.8043375,-3.7194397,3.387792,-2.2007198,-0.4214953,0.39172345,1.170144,1.1253765,2.3717012,0.98089373,0.017558336,3.101219,-4.1994896,-1.2747241,-2.097894,3.2603972,0.34005603,0.40383238,-0.8907169,-2.0479963,0.024875307,-0.54220456,-1.1016517,0.948554,-2.0053878,0.013783124,-1.1376834,0.18348345,-3.0818026,1.9452548,-0.4449124,2.3117447,1.9171913,-1.05473,-1.0282629,-0.61399186,-2.575636,0.7715201,-0.20493802,1.9581125,-0.5268063,-0.5244327,1.3888664
SOCS4,-7.4285746,9.904721,-1.7138706,-5.7668533,-8.64921,-17.05313,3.9648423,3.8525703,-1.7972654,-4.9095187,-0.62561125,3.146136,-0.9865305,-4.4163556,-2.6392138,1.4092548,1.6182339,3.386444,-1.565597,2.1737638,-8.464982,0.8005501,1.515773,-0.7205762,-2.0066514,0.2724092,-3.517512,1.1141009,0.113872826,0.45341283,-3.7526703,-2.329248,1.298121,0.28380072,-1.8567404,2.4385343,2.838781,-0.86075914,-0.13452242,0.49234793,-0.6132981,-2.3211017,-1.3907169,-0.5011061,1.0033796,2.4434087,3.4026155,-0.6032766,0.72887224,-0.42897978,-1.5386745,-0.099541634,-2.7666376,-1.964455,0.8040094,-0.19750342,1.7870286,3.2610426,1.0857512,-0.19336279,3.193909,-0.72440493,0.8903499,1.1340244,-0.5128303,0.49169803,-0.81392574,1.7571843,1.1165882,-2.4829895
SP1,-12.070642,-12.680595,-5.92687,0.5003373,0.5090344,-2.6919596,3.440893,0.07594639,-7.332644,-5.236208,-1.820573,-2.7864597,7.0119863,3.0028574,-3.3517637,4.4192457,-4.771061,5.203052,-5.190645,-3.2598264,2.7159228,-0.47678283,3.0839953,-0.769606,1.4703866,-0.12349343,1.9267982,-5.3203406,1.6343348,1.8788046,2.9873707,8.865927,-1.1152829,2.5406778,2.1695657,4.2957935,-3.4737468,-2.1234698,-0.49074644,-2.16598,2.326721,-1.9642458,2.8438013,-3.8538673,-2.6736572,-0.9139625,2.294309,-2.1423035,1.1904861,3.0251827,-2.3554134,1.2841288,0.3003866,0.39556938,2.358847,2.7655277,-2.487454,2.7018569,-2.510316,1.6773804,1.190725,-0.42415568,-2.302982,0.8033814,2.8709426,5.9780197,1.4052746,-0.94934994,0.73099,4.796984
SP100,-1.9996624,-11.163326,23.76644,-14.092361,2.7508042,-9.212092,-7.8230267,6.5861473,-12.165643,-11.462776,8.362014,2.5571675,-3.2502856,5.08607,2.4360826,-2.0019116,2.7762632,-1.015226,1.372994,0.7873831,4.4194775,-3.5023906,-0.8293599,0.59827685,-0.5449495,0.24889041,0.5263089,0.80460703,5.014355,-2.854979,-1.5848658,5.8553543,-3.0827127,-2.2357397,-0.8426804,0.6423015,0.13422121,4.755184,-3.517195,-2.1322508,-1.1802164,0.24024543,3.1020591,-1.7554531,-3.532754,-4.4528584,-0.1256569,2.4664025,5.16951,-0.5318777,-0.7848443,0.455935,-0.72358805,0.10559669,1.0946192,1.006415,-1.5594575,1.6437858,-1.6797345,-1.4336516,2.6287744,0.25693798,-1.4019853,0.3390855,0.6752048,2.1280344,-0.6946602,2.0661585,-3.3495004,1.5437721
SP2,13.930728,20.362198,-1.4231571,-0.76622516,-4.633108,-10.192525,5.950453,3.5949924,1.5058533,10.704446,-9.1985655,0.45997953,-1.7132431,8.802924,3.0640736,-2.5290055,-3.6185477,-3.697456,6.3419538,-3.506738,-1.4593866,-4.404653,4.000548,1.3560055,2.467834,-5.2285676,0.88722,13.639361,-10.338543,3.8349628,5.742994,-12.468565,-3.2722719,-5.454575,6.320221,-5.8039665,-6.347567,5.7572145,-2.3856592,-8.429517,-3.7720914,-8.594813,-4.7340393,-0.31171444,-10.2577505,2.3280487,0.16468985,-0.37027425,0.40051755,1.1665827,2.9834285,-8.0987835,1.8930404,-9.592661,12.006788,8.221371,-2.351625,12.700337,-6.448261,10.383473,0.11276727,-20.09677,-0.35041603,6.2313786,-8.435367,-12.414268,-9.910721,-8.63391,1.0223286,-10.593536
SPTLC2,10.314643,-11.772812,-4.388512,-4.9594393,-0.69996107,-5.2082405,5.4771953,8.079643,-1.0857708,10.026623,3.9892967,-7.134773,5.0670953,0.8617187,0.16929308,-2.456776,-0.040998574,-0.3195016,-1.7670946,-3.0045223,4.6968923,2.440168,2.990067,-0.28544888,-0.7899792,1.4178984,0.41575316,-5.5364103,2.5537243,-5.252292,-3.511112,-2.2752316,0.33301938,-1.3012674,4.253943,-0.54660755,-1.3475991,-3.160035,1.704628,3.5659971,-3.2665677,-1.6411887,-3.714324,1.7001479,1.4653364,1.8936591,-2.3017685,-0.271624,0.20835522,-1.1984773,-4.273239,-2.6878793,-5.010574,1.3920336,3.24042,0.8820628,2.2266035,3.4632235,0.7397849,-0.44834056,3.12578,1.9823337,2.2018042,-1.2994304,4.355984,-1.68527,-0.47456104,1.5276902,-1.8417149,1.6718857
SPTSSA,-12.171198,-3.0543377,-7.701473,-1.6290113,-2.0983012,-6.851652,5.8910694,0.4750595,-9.929087,-0.029406194,-6.522615,-1.436924,-1.6209477,4.0671344,1.2967936,-4.948985,-0.7494357,0.055717964,2.467257,-3.359035,2.9671767,-1.7485336,1.2940279,-3.649618,-3.4916508,1.8750126,-2.2572465,-5.160254,2.3031569,-0.42872006,-3.3028846,-2.8797157,-1.3917601,-3.996168,0.7209075,0.9564948,-4.5664463,-1.9409412,-3.0352242,0.8709408,-0.124132626,3.691749,-2.0470543,2.0409787,-1.0224664,1.314861,0.79414994,-0.48222718,4.185237,-2.09501,-0.1454444,2.1010199,-2.1653605,0.7528434,-1.708219,0.0905133,2.1083093,3.895068,2.094982,-2.2045922,0.74103606,0.79054785,-2.675454,0.8639447,4.3148727,-1.5344214,0.33820742,3.454169,1.0470182,-0.020580065
SRR,-3.488242,-1.8538275,-5.627154,2.8003807,-1.0400105,-3.6013403,8.26908,16.432417,-4.719814,-15.3872,-9.340107,-3.4852245,4.82866,-3.8704846,-3.7157533,-24.33805,-0.7421356,-21.602974,-5.1947317,11.905469,-1.5193025,3.6501307,3.9473674,-1.8476377,14.902616,-2.8057487,3.3337672,2.6915793,0.5146655,4.054362,-0.83158195,-4.19,2.2873828,-2.7473018,-1.0351359,-0.6780972,0.9089697,-1.1628109,1.1125684,-2.1651616,-1.7434758,2.9098356,0.9871637,-3.096867,2.4306479,1.863305,1.5127695,0.9158294,-2.5508592,0.3211061,-2.1131837,-2.1010587,-0.4848638,-1.943473,-2.4626548,-0.658732,2.3849373,-1.6797819,1.2620312,0.58594155,1.6148024,1.2048196,-0.35175017,-0.65638024,2.4258342,-2.8077793,-0.052140243,1.1664594,0.07707676,0.27164137
SRRD,-19.862032,-15.346485,2.8772323,5.614955,-1.1108145,3.9241996,-7.718548,-4.278199,2.3997405,1.8075972,1.2858425,2.033199,1.4806142,5.1561813,-2.2525458,-1.8497359,-0.4859281,-0.541248,1.9429815,3.3864498,0.01687485,-1.1480936,3.5530195,-7.815191,4.883679,-4.2706137,3.476292,0.28658825,2.1506338,-4.367444,-5.339711,4.5215373,-0.8794578,5.6263857,-6.179175,6.4720955,-2.819956,0.49943256,-0.59091485,-1.8904951,3.940011,-2.37744,0.6889224,-2.6439202,-4.823433,-0.71774334,2.1816258,2.620474,-0.5077253,-4.7231455,4.163452,-1.5663879,4.19117,-2.9930978,-0.8955354,1.3547761,0.60201,0.3405922,2.6549346,2.602447,4.2516356,4.511424,0.30811158,-1.9931207,-2.0163324,6.7992473,-0.65698826,0.988624,-4.718223,-3.6422956
SRSF10,5.2184587,20.763592,10.775537,-5.115992,-3.9391344,-4.994606,-0.043922324,-10.264181,-1.6919641,0.92081034,4.402103,13.842978,-7.626486,-6.2115717,2.2842407,4.525763,-2.5664659,-3.8492203,-6.534324,-3.1459377,-8.801077,0.5436652,-1.3256407,5.5970383,3.123241,4.031763,0.0249688,2.823825,2.5371342,3.6350598,8.784563,4.0188255,0.96601856,2.0584052,1.9440656,-1.7423031,2.077588,6.273525,4.2039313,0.17773011,0.53081006,-2.421367,-0.58041495,-0.1821496,2.7788484,-2.7117062,-6.164267,0.77748865,-8.563308,0.46239677,0.5393958,0.3582827,3.3880944,-5.7758307,4.5266423,-4.2016363,-6.1459885,-1.4301151,-1.2314426,-0.21946117,2.5187078,1.9467989,0.6976543,4.0611615,2.5790393,2.4643042,2.184981,-2.595581,1.3963232,3.7391386
SRSF11,2.8594291,-9.174481,12.888696,-0.10353721,4.1329274,-4.714881,-2.005712,3.2368684,-0.56711954,0.29161876,-2.923467,2.2595918,-0.078868404,1.8001587,3.4887187,0.2711332,-2.3502667,-0.8131959,9.401864,-0.8915984,0.19091329,5.9525824,-1.9147121,4.297732,4.253715,1.3439618,2.5877707,1.608575,0.04053714,-0.74832284,0.37399843,-3.2178419,0.1970581,-0.57308394,-2.4715264,1.9221071,1.3896109,-1.0104523,-1.3455542,3.0240886,-2.1530879,-1.1468747,-0.9850594,3.4732647,-5.023255,-4.507441,0.32459503,0.8909058,0.4755973,0.16330132,0.0049848454,-2.0679035,1.891566,-0.5231939,-0.88257855,-2.6864266,-1.444601,1.3928944,1.5842512,2.764431,-0.21928854,-1.7826574,-0.46480364,0.006669177,0.38318613,2.8709328,1.5922753,-1.6921585,-0.6588042,2.9869025
SSB,-9.315668,19.895138,-12.821605,10.018525,-8.215654,24.353947,20.433792,18.630724,5.287211,-9.419542,16.752443,-2.4843364,12.04644,-3.4477656,32.191135,7.406562,-7.7875414,-7.550555,6.579164,8.647714,-0.1728022,-11.540661,-6.672398,2.6623547,-2.3099165,7.2107825,-8.754318,2.2646267,-0.022041658,-3.5159855,-3.0092583,4.346568,-13.749919,-8.8692465,-0.90586126,5.5305686,0.029921167,-4.5835648,3.539472,-6.013503,-0.9720345,-2.074894,-3.5611417,-3.4078062,2.2594273,-7.0890775,1.1218445,0.49298868,-1.1500409,1.0326127,0.20148544,-4.4688926,-2.8889632,2.927971,1.7950405,-1.9500269,-0.089617394,2.835246,0.62027323,1.6303407,-3.520975,3.9434738,-2.4546053,-3.0574272,0.9566122,-0.48118824,1.582991,-1.9667934,-4.8714466,2.3223958
SSBP1,-16.462831,7.0522165,-24.061209,-6.618913,33.160007,3.313519,-17.127224,3.8931055,6.5699773,-2.7455337,1.5214049,-3.6015937,-0.9812327,-4.441433,4.2174563,-0.40585008,3.8255503,1.4292799,0.21417248,0.5480736,-0.3721537,2.4902673,2.6000144,-0.13457943,-2.5470443,-1.3965347,-4.05228,-0.95769286,-2.8441854,0.21071535,0.8303493,-2.356877,0.1633211,2.0364332,4.0109954,1.8186864,0.20563522,1.1351023,0.6516782,-0.24496055,2.5877519,0.8394181,1.6556872,1.0132654,0.36693972,0.3744625,-0.6159899,-1.4713093,-0.07877878,2.723298,2.577382,0.4241932,-2.7547684,-0.69157773,0.9760842,-0.3521967,0.8489982,-1.2983776,-3.3512201,-0.622927,1.8593037,0.33990702,-2.3103342,-1.5007784,-0.3898516,1.0645272,0.51635736,-1.8622842,0.002400656,3.2573085
STAG2,2.766865,-4.8298144,-2.9728258,10.353597,-3.4078212,5.9286113,-4.919384,-4.5601945,-6.604932,1.7587162,-8.840292,2.6830275,-8.348207,-5.857754,-1.5854284,4.8036013,-0.35825253,-2.7979681,8.608226,-0.80465674,-1.1152526,-5.518738,-0.44681492,2.4429035,-1.9524319,7.282953,1.1765217,-1.1544476,2.5060084,1.9272664,7.986792,-3.718605,4.698128,-1.2283952,1.654171,-0.72385633,7.652139,-2.9418285,1.5064253,-10.303526,4.066559,5.913612,3.292494,-1.609152,0.62356836,-3.3880553,0.9339966,5.1013303,6.3960648,-2.7514338,-2.7859197,0.35255578,-1.7739413,-0.23993433,-2.518406,6.22528,-0.7845662,-2.392149,0.23423451,5.2236443,-5.3365383,2.017108,0.7620384,-6.710536,3.5544717,-3.9227004,1.2468172,4.0130386,-0.10676683,-4.487731
STAT3,-1.2061945,-23.405388,-19.132883,-3.4417171,15.709536,-6.898188,20.122705,0.91986245,-26.14315,-15.608364,-14.785172,-2.552809,-11.049924,18.282625,-1.1054593,-0.86398757,-6.521816,13.087101,8.117854,-6.986281,-7.056795,3.228145,-10.990712,-1.8420584,0.3527961,5.9909496,2.5601752,8.490056,8.327939,11.106848,-2.5835316,-1.62355,-1.9381254,-0.7313146,-1.2115582,4.7294083,-6.8277993,-5.879189,3.2198522,3.6873994,5.536266,7.380528,-5.0828424,0.0063103987,4.072359,4.004977,4.971872,-6.0374665,0.43773684,-11.944844,0.08169716,-3.3325477,12.42291,-10.330686,0.49321467,4.308484,-0.797803,1.3433752,1.6636703,-5.7557592,1.1905969,-0.6171851,-3.8360314,0.48715693,4.1498966,-2.9012773,-0.36250323,1.5066916,0.9647545,4.1884546
STAT5B,-22.870605,-19.476465,-7.2268744,19.017225,5.1700172,2.492782,12.052037,-13.429929,12.8167305,-9.44805,-0.84030896,4.9595323,1.2627885,0.6227453,-4.7367363,-1.9211624,5.6748447,8.263482,0.8385567,-1.2572551,-9.13734,-0.3799655,-0.8471211,-5.005407,-1.7883481,-0.80514956,3.6152773,-1.3016484,3.5336678,-4.652725,1.6893452,2.9824593,-5.606961,0.9887756,3.6557915,0.80994856,-3.1749015,0.7825647,2.1561754,-0.6891417,-2.01147,3.6535814,3.5976508,-5.319666,-0.6551109,-3.0337822,5.48907,-1.7651491,0.55454004,1.1908873,-4.9148064,3.081994,-3.586022,3.940843,1.9722198,3.6024587,-3.2783325,-0.6385104,-1.6043036,4.9113264,-3.695531,-5.7207007,-2.9120243,0.1422203,-1.4526815,-3.488929,1.6919506,-3.5333395,1.4876225,1.2799685
STAT6,-16.961245,-7.0875273,3.8292258,-1.6201833,-11.8544035,1.1527995,-4.8623056,14.429201,-6.863917,7.5619664,9.348544,-3.6968071,-3.118558,0.55951846,-3.222717,-0.9105029,-0.8653538,2.771413,1.7878953,8.057291,-6.0245776,-6.4990325,2.9503996,5.315238,2.4043152,2.0965693,-6.2512465,-3.3492777,-6.11729,0.024514787,-7.7980766,-1.647723,8.976837,5.631599,-6.0076017,-2.7383142,3.4893625,-2.1986518,-0.93961066,1.1579056,3.693487,-0.77814627,4.4451237,2.8946044,3.311513,1.9801972,-1.8073947,3.6200347,7.043863,3.731009,0.022279343,-0.62141144,2.596551,-2.1485293,-1.1693602,0.45485184,-0.011301177,-0.9130465,-6.97881,-8.911227,-5.783617,4.2450953,2.1316597,2.1891005,-2.2246952,0.54666215,-6.6399193,-2.7514384,2.2197523,-1.5509539
STIP1,-0.20683636,9.63611,35.3202,-17.098797,7.471299,12.595447,-8.631942,-2.5460835,-1.138317,-7.2121196,-1.6648281,1.0340486,0.5981793,-7.0624366,-4.3821545,-1.7851123,-0.9366048,-0.0014790029,1.9670664,1.8686035,-2.7122166,2.1753705,-1.6983478,-5.2859845,2.9771852,4.823427,7.2975345,2.8511477,-2.0360007,-6.15202,0.68593466,-1.7125634,-6.602943,-0.092556216,4.040342,-4.9959335,-0.15851003,1.8687905,-0.5920947,1.0905572,1.203379,-1.2428132,-10.74421,1.6008544,1.280873,1.2330852,1.1381631,0.3154479,-1.254209,-0.7836018,-2.1727622,1.7049781,-4.3391395,-1.7161957,4.823137,1.8242958,3.6148348,-3.768768,2.8344963,1.3592268,5.65987,-3.4761658,-3.3420877,2.7108922,2.0557826,4.007288,1.3329191,0.34798843,-2.0253334,4.7864895
STK11,-2.759803,39.276196,1.6028775,-16.129786,-12.220793,-9.932086,11.59938,-3.0681422,-6.245393,-3.0080395,7.904831,1.3525287,10.255133,-0.18811357,2.708246,-5.378477,-2.7258408,1.9216589,8.401917,-0.05153525,19.565424,14.164495,3.8788152,-6.0652776,-8.5730095,0.50544536,6.7133727,-4.782696,-11.704269,-7.0641556,-3.0816565,-3.2270749,1.761823,-4.2966785,-2.8098032,-1.9949856,-0.24911962,1.3660312,-3.4158602,-5.7072344,-1.2748688,10.83903,4.1161485,0.9919777,5.0176473,-3.6801028,5.4101715,5.8153286,-7.70887,-0.4073495,3.1343338,12.632853,5.4490366,0.8473958,3.5794744,3.9096212,1.5241325,-7.3541255,5.26218,-4.4573236,0.19585508,-5.0219507,0.52697366,-4.0321393,2.8991365,-0.4305978,7.333568,-2.7774158,-10.285045,1.5974076
STRAP,-6.034232,-3.6771963,-11.968924,-3.5274417,-18.149124,-3.0576665,-0.5927894,0.8885067,-4.201423,-2.0080712,-7.287155,6.9859705,11.148111,-12.594994,-0.2827478,-3.815558,6.6427293,-1.240411,1.0636168,23.017645,12.209966,-7.05995,-13.394962,5.187117,-0.8242651,2.8364155,-9.126764,-3.0756063,-2.7915223,7.3009567,4.6525903,3.8979447,6.8167686,2.930103,-12.773149,3.4584875,-0.21016504,-0.69159305,-7.4217134,0.72628105,-0.6957509,-9.4656925,4.790757,6.6470304,-1.8104143,4.211725,2.6603394,6.8057556,2.0890918,-3.5533438,-1.8756039,0.9847198,-0.8736888,1.7384971,4.962789,-7.7508955,-7.8587303,-1.8699481,0.8929647,3.7756279,14.590104,7.4905763,0.71976614,6.1584916,-4.17388,-0.68317497,6.4764614,-1.1442293,3.2670372,-1.3730528
STX16,32.515244,3.9499779,20.928198,20.037516,6.69179,12.2695055,2.9280849,-5.281021,-0.15942904,5.821982,-3.176611,-8.628601,-3.8249524,-2.482659,-5.008673,2.6351912,1.7510276,-2.1360838,-3.8872344,-1.3089961,0.6964466,1.4645246,-3.2504618,-4.7523212,0.8339826,-0.12917536,2.7122693,0.21728343,3.6089559,2.8558574,-3.24307,-1.9041264,-2.6666963,-2.4753473,-7.149432,-3.4129517,-4.233876,-2.297666,0.3161714,0.6829413,1.669907,-1.6721108,0.46538106,-3.1719804,0.36004394,0.97733957,0.65407884,-0.7917052,-0.30455953,5.371307,-0.9025542,0.04925067,0.6599403,-3.9573712,-3.3682766,-0.5749887,-3.510531,-0.6973845,-1.2814233,0.9792528,-2.6608014,0.45341578,1.827827,0.69791746,0.7751389,3.7372239,-1.1271609,-0.5827868,-0.45979902,-1.0353135
STXBP4,-21.865723,14.981262,-18.23505,-6.299832,22.210972,-1.4692985,-6.3484583,1.6534936,3.5057302,1.6963041,1.1325027,-5.8061914,1.4215705,4.3439746,-2.928574,0.6220281,0.0045820717,0.37898612,1.6867388,-2.57277,-0.2509465,1.7979388,-0.46833903,2.5187984,-0.032510456,-0.5665403,-0.64318347,0.57133603,1.7414942,2.5246189,1.367055,-1.580037,0.74911714,0.4925171,-0.710311,1.4173902,0.43960518,-0.9840368,-2.2420855,-1.3078364,-1.5900711,-2.6696184,0.23114236,2.334847,2.7809968,1.4939191,-0.696467,-1.1187907,-3.815223,-2.1291614,0.605373,-0.3505467,-1.1505166,-0.48414004,-0.011670308,0.31830165,0.28221658,0.08761929,0.19275889,2.25395,1.3703755,1.2086948,-0.48991778,-3.276939,2.3507519,-0.37309167,0.11570609,-2.7915068,1.6818986,0.26648742
STYXL1,-15.278451,18.73451,9.355196,-5.284886,-9.66272,0.82058567,-5.7567344,-12.241596,0.20831423,-5.9886627,0.5632269,1.886272,2.8680954,-3.6241407,0.095508,-0.4856425,6.649751,-6.011066,-3.8743749,-3.4317067,2.4885364,-1.3964647,-1.1546834,-10.706814,-1.7596152,0.80908203,-0.98650134,-1.9694301,-1.9607365,-6.548911,2.4367163,0.4142404,-0.014726334,0.6679075,1.4670489,-1.635912,8.033925,1.176021,3.6338835,3.4352026,-4.975308,-5.189455,0.6330189,5.185737,-0.14576095,-3.853436,-0.40662706,-3.0916703,0.08552677,0.44162863,6.243829,-0.19422852,2.5729425,-2.9818888,-1.2850715,-1.3917121,-0.85877687,5.5215645,2.7285573,-7.028958,0.58073413,-1.0006138,3.0952892,-1.8340678,2.0843437,-6.8024516,-0.9523549,-0.5242928,-0.32262117,0.84573525
SUPT20H,66.333694,32.7332,29.618773,44.649536,30.536432,7.6955323,-2.7414532,-3.5892317,-22.823746,8.278531,3.8640807,18.580849,6.940462,3.3475544,0.8499195,-5.694901,-2.3365264,1.1492566,-3.6102502,-1.7005907,-1.3557003,-1.5980879,0.39524436,-1.5633916,2.8883774,4.852992,-3.3571384,4.1691413,-7.6235995,-3.0914724,-0.34057832,-2.2522397,6.74496,0.80808556,-3.366433,0.03539395,-4.146551,-2.5227406,3.468721,-1.2435029,1.3088043,-2.5584235,-0.06680228,3.3514543,-1.9810755,-1.2610966,-2.4505453,-3.7371414,0.15652336,-2.2882578,-1.42827,2.9062297,-1.5246997,3.675781,-0.2893578,-1.0531653,2.4130425,1.8628122,-0.35865563,-0.27051026,1.6516713,0.6139659,-1.9460092,0.10195482,0.5447651,2.501668,0.6674425,-1.0742093,2.0268974,0.78788954
SUPT7L,60.424408,42.042767,21.197685,47.045845,21.588478,18.943785,5.3569217,5.1207433,-22.782389,0.97688645,8.765477,8.636445,-1.1436583,13.394118,-5.5180025,-6.126508,0.73700607,3.2925253,2.919009,-2.3325632,3.2719452,-4.2424765,-3.7953053,7.5873017,-1.282605,3.3595488,-2.9826818,6.2684374,-2.1240525,-6.896103,3.6823688,-0.59431565,8.023932,-6.1552486,5.730123,1.3052316,-7.315307,0.6505689,3.0647893,-2.4643984,3.4631588,0.48206913,-1.436886,1.7254775,-2.9540317,-2.9310064,-2.3071837,-0.33491716,1.9352895,0.40359727,0.15192465,-0.83683646,1.3785255,-0.5408345,2.4596312,-4.780236,5.081563,2.1268902,-0.16930485,-2.4485052,-0.13295606,1.5932096,-1.942522,-2.9733918,-1.1773297,3.4164069,-1.0883318,-1.2362858,-0.12870516,4.409129
SYK,24.34164,1.389836,-1.5503514,1.8786347,-0.7371713,-5.228596,2.6368787,-2.02293,10.707965,10.713212,3.634405,8.145973,8.347639,-0.53033876,-4.449828,-3.8762195,-2.6578183,-1.5044144,-3.080364,-8.30879,2.1548736,-1.163552,1.8694568,4.5069737,-1.2375143,-1.4383593,-4.7549334,5.1971555,3.3469093,4.198689,6.8813853,-1.6467037,-2.249095,1.6560649,5.490297,2.600259,-2.0862598,6.429906,5.4560814,7.0209403,0.18474033,4.295864,-0.12958091,-3.7972846,-0.5839001,4.896084,4.2739716,2.5305045,-3.141914,2.5288522,3.109435,-0.2878874,-2.8010964,-2.9290469,0.2056391,-3.114108,1.8452743,-4.498905,0.79723364,-1.7389697,2.0680072,0.1532306,1.0668255,-1.5583855,3.1730428,2.400571,0.21852782,1.559393,1.1887623,0.05110393
SYVN1,-12.185886,-25.600145,15.498737,5.2971287,-0.25279275,13.264698,-0.588509,15.280269,6.1250005,-2.7399194,0.26997253,-1.7967678,-0.34217972,9.770531,5.432526,5.546395,3.1511288,-4.2739143,-7.5057993,-10.307319,2.9819784,-4.799781,1.6893877,-3.8165722,-1.4783826,-1.4397165,3.7094488,-2.5983722,-1.8417975,-3.0304384,-4.4556623,-3.213419,-0.7963124,1.8855768,0.048628435,5.709873,2.666663,-0.23516394,-2.3096623,-4.54118,-0.48156896,-3.0740948,-2.1619508,-2.1607273,-3.976744,0.00568141,-2.3711655,-2.1221557,0.1275738,-0.11661391,-3.0022786,1.0298418,7.5446653,-0.62717694,-1.8387375,-2.9639776,2.1568913,0.04386019,0.08541334,0.529075,1.8117636,-2.7883742,-2.4313793,-1.1330831,3.6900373,-1.83345,5.0120754,3.2072592,-0.6655065,-2.2921515
SZRD1,-12.392779,-7.510767,0.14863802,-5.766424,1.0363349,1.1593207,9.055994,-2.5698783,-1.3439376,7.8062034,-4.0854435,-1.8610669,0.12319996,-0.38490903,-1.0583384,-5.8654227,-1.8009887,-2.0754611,-1.474131,2.204037,-0.08210062,-0.19640554,1.4183842,2.6895802,-0.3529797,-1.736773,1.2133863,-0.91953176,-7.0169964,1.4894507,1.0544151,-0.70128465,-2.099466,-3.8785238,-1.4036498,1.7891618,3.7648697,2.0005245,-1.3150126,0.96732366,2.1388047,-0.8106805,0.4705139,-1.0869832,-0.21840408,-2.4982443,-1.5156599,-0.24458858,-3.2577958,-0.57192826,-1.8261551,-3.0301785,-4.009545,0.60068256,-1.5138053,0.18919359,1.2438164,-0.92647904,2.1414816,1.0067866,-2.7737887,-1.0823085,-0.58397,-1.7728919,1.204199,0.58427215,0.6065985,-2.5884128,-0.2772256,-0.6994799
TADA1,51.293365,28.178877,23.350122,47.742817,34.643936,11.183025,5.990495,-7.183063,-24.889256,5.245866,4.3343816,14.602747,4.8584933,5.3390555,-2.704799,0.07363222,0.22439152,0.6490959,-6.305908,4.5253315,-2.667558,-7.556978,0.9542817,1.1034088,-4.3359895,6.680097,-4.3355255,0.65811956,-7.821727,-5.2594066,-2.2533088,1.4766816,7.82599,1.9965292,-0.40091252,-0.36310866,-2.3234975,5.5036006,4.8946433,-1.4515748,-0.28179854,-0.23714691,-0.67076224,2.070363,-1.0452255,-2.9704332,-3.660102,-5.0796,-3.0200148,-5.7110624,-3.6749158,2.0796456,-1.6848196,2.8469188,0.34146363,2.101478,4.5523114,0.9383063,1.1035004,-2.4863658,-0.40146014,2.034706,2.738222,-4.8398023,-1.6564535,-2.405402,3.8369324,-4.4531655,1.4897046,0.40149465
TADA2B,109.72752,34.285805,42.34224,64.925606,47.77166,4.0476494,7.1479683,1.892398,-26.65009,6.4753637,4.783668,15.61884,7.896363,-2.5704772,2.1495209,-3.8878515,-0.67175376,8.817492,-8.409741,-3.571703,-3.2462385,-8.820467,6.9440517,-5.137704,-2.5643134,0.25543433,-4.0980797,-2.7710917,-7.060013,-8.048042,-0.14738554,3.3983285,8.872673,-1.0472809,-4.9616494,-6.4965377,-2.82513,-2.8503954,1.589962,-0.5593892,-1.7185222,-1.533693,-0.116292745,2.9935853,1.0481204,-0.9651728,3.9218085,1.3435901,-1.6238494,-1.9416578,-1.7132082,-1.8512563,-0.7194489,1.7477549,-3.0385199,-4.342497,3.308234,-2.8349888,1.9890568,2.2819505,0.21437775,0.76444936,-0.9816077,2.4980733,-1.1176732,-0.38420156,3.6839612,3.392668,2.676975,-2.7349021
TAF11,2.2848563,52.246925,-3.323601,2.6689126,-12.949962,14.70184,-8.418417,-5.5101085,-6.6035666,12.499999,-3.9410002,-6.4498186,7.0652313,-1.4049679,-3.4999352,10.52417,8.967208,-3.6624157,-13.491607,9.897313,5.050835,6.6047726,-2.2183716,10.07281,8.748485,-30.66723,-4.347375,-0.9323327,-7.469264,7.48344,-9.13553,4.134757,-6.665751,-7.2906694,12.189132,-0.8694267,-2.404585,1.4502689,1.9897522,8.093487,13.574828,1.2980703,5.905016,10.208713,5.372469,-7.378504,3.644022,11.994889,-5.9579167,-9.327298,-1.612526,9.041952,2.7366157,-2.5418139,-4.9813247,-3.6365361,-0.34089008,13.962859,-6.0316463,9.431909,-3.8671737,-0.8883988,0.19862834,7.1444488,3.4319375,-4.8121657,1.283024,3.8461294,-0.801957,0.6576574
TAF13,27.993643,66.862114,4.0333385,-2.889357,-12.507886,6.19438,-8.7891,-5.815168,-10.543965,10.247316,-14.574321,-3.7898865,4.9249253,-2.8248236,-4.5738487,14.466315,6.207723,1.286916,-13.62332,6.0691357,0.12984896,7.8507714,-3.4682274,11.028675,8.602241,-27.468966,-2.8821015,-0.052500814,-3.3480244,6.8533707,-11.857799,8.639076,-9.203924,-7.973747,10.926129,3.4392993,-0.57529145,3.9591994,5.908071,7.7616897,12.518549,4.3315325,7.067818,4.777604,2.319488,-12.512971,3.076798,12.6512,-5.4421306,-10.996618,-1.8086644,6.002518,6.031866,-3.9584715,-2.6707773,-5.992748,0.242052,15.310889,-6.4694295,9.329322,-6.5605826,0.21294199,-1.7972783,9.043593,2.029696,-3.7540245,1.5464362,7.5016465,-0.20733033,2.93623
TAF5L,13.0311,8.6118,3.8476424,16.253435,4.232629,2.9337566,-0.06638411,2.6492565,-12.8602495,3.3285525,6.7554026,9.527761,2.6552138,-3.4097233,-4.227855,-4.4405894,2.044756,2.5604062,3.7061372,-3.0854702,3.4212692,1.0412947,3.4402065,0.51263416,-0.39704517,1.044357,4.8439903,0.9779566,1.8979901,-3.2845156,-1.9095719,-0.1446051,0.3417785,-0.41056177,-2.331037,-0.84852296,-0.57670915,3.1363785,-1.767049,-1.8279151,-0.65203965,-1.6247088,-0.96504194,2.8166587,-1.9486308,-1.2812489,-0.61751586,2.9331048,0.29863805,1.3272464,-3.8789225,-0.7760915,0.1453994,0.32634726,2.7680583,-0.53167903,2.2644389,-1.094511,-1.2311709,0.27967006,0.24646698,4.0370374,1.6247153,1.8320956,-1.2407595,-0.34308815,-2.0156045,-1.1517481,0.72484076,0.076368876
TAF6L,82.428345,23.837887,42.830364,43.534996,37.892452,3.3312907,-0.70602447,1.9600087,-20.393126,2.729763,4.41272,12.092279,3.831003,6.0285435,5.5780954,-1.716564,-1.1483926,3.564393,-3.248313,2.5215077,2.785083,-0.87253135,4.133158,-1.8349477,-0.046533458,3.2501695,-5.759428,1.4915448,-6.2344875,-9.1799755,-1.685022,0.76860607,8.1006975,-0.044473726,0.78338826,-1.0887591,-4.3052077,2.0026114,-0.8491704,-3.2076151,-0.06861634,-1.6418738,0.23950858,3.3250422,-1.7687879,-4.7700033,-0.3773309,-1.0461254,-1.6619205,-2.0925333,-3.65092,-1.0631886,-2.2124574,2.4170442,0.1480374,-2.3179862,3.3649547,1.3522371,-0.72001356,-0.60874176,1.6720355,0.5949206,-1.0502715,-0.72639906,-1.3238244,0.18209413,1.2177569,0.091816634,-0.104490645,0.031198177
TARDBP,-2.5635607,-11.324932,3.818008,-6.980495,-4.1137204,-9.58016,6.625043,-0.7730789,3.0459719,-2.3091729,-0.74689317,-4.9574127,-5.214519,9.112509,11.252002,-0.5186312,3.2179592,-0.7413946,-0.23716064,1.2068894,-1.4357225,-0.048220705,10.225901,0.8310601,-1.3975394,1.1323991,-3.5867908,-1.2878168,-1.1189228,-0.26891202,-4.1891766,-1.8142431,1.1205297,-0.111564405,-0.806537,-1.1665423,-0.15143836,-0.047565375,-2.5048876,1.220081,-1.7701576,-1.9503618,1.2486178,4.307823,4.2184186,1.703384,1.2577038,-6.6867714,3.9239376,-2.2190778,-3.2308,0.3193757,-2.4578311,0.13436882,-0.81119806,0.8461365,2.5131354,0.64161634,-5.180945,-0.03426794,-2.3594406,4.2123003,2.465361,-7.3834696,-1.0294008,-4.231462,-2.620626,0.56763566,1.387418,-2.8021889
TARS2,-19.296305,32.606075,-21.345575,-7.367191,35.99621,-3.0669024,-19.171886,3.9609184,9.681197,-6.0833406,5.4103613,1.8114324,-7.1781936,0.41852123,5.518,-0.59831953,2.7559323,-1.009375,0.9986715,-0.29839963,-0.30676156,2.5330362,-3.3307936,3.4625528,0.19791079,-1.127083,2.6219962,-3.0027828,-0.7174061,1.1830848,3.9166446,-0.9318521,1.3019595,0.48576716,-1.1599957,0.9313763,-2.3179834,1.5524117,-2.8525229,0.23603216,3.4051194,0.12696365,-3.070315,3.1810846,1.8819833,0.23693615,-2.3870304,-0.13379389,-0.89596075,1.5724181,-0.6267954,-1.5059003,0.321953,-0.6932824,1.0165478,-4.474607,-1.5521797,0.56994796,-1.1378057,1.2964895,1.2435805,-0.41986373,0.5379613,-1.755087,1.96524,1.0642325,0.8846219,-0.5355666,0.688118,-1.7057714
TASOR,15.367937,2.9150882,-8.887453,5.689261,-2.2167635,-7.928751,-0.4180482,6.2211485,-5.050061,-8.281165,-8.702928,-2.4359732,1.519088,4.32698,-4.5837946,2.1949134,2.1008317,-0.71671164,0.9813521,-1.0495563,6.1620026,-1.7741563,-5.969836,-1.7413615,7.3697677,4.3356752,-3.4318311,1.723013,-2.4063897,5.2538166,-1.3013366,-3.3012793,-0.87102,-4.2613535,3.8160074,1.6213375,-2.038428,7.306015,1.533406,3.8454442,2.263729,-1.113028,-3.9884362,0.47544056,-3.3502176,-4.6481943,-3.567497,2.7373865,6.5222178,0.65545094,-1.1324322,-1.3023841,0.922921,-0.764796,2.2376864,0.9315317,-0.7746862,-0.32163647,-0.6259104,0.33019534,-1.024238,-1.7889597,3.8943417,-0.51046175,-2.9089887,1.7856321,0.7530527,1.8530868,-1.9747142,-0.34374145
TBCA,-6.7551723,12.301295,-7.045617,-5.7097926,-5.2347226,-2.2479186,4.5869474,-0.89668787,-8.248381,-0.41439033,-0.9423289,3.3977551,0.36635205,-6.530524,-3.322416,-2.2623641,-0.63448566,-0.94928336,4.0875726,-2.1477785,2.7801642,3.77122,2.3198125,0.3150756,-0.79524946,1.4184111,0.6398316,1.3337102,1.0704676,0.87522817,1.5783061,0.022384482,-0.9073336,-0.7181568,1.4590758,0.23027891,0.6992776,-3.854855,1.7768649,1.7250022,2.926236,-1.9601846,-2.7595289,1.9998953,-0.17082946,1.6478316,-1.9409777,2.6486816,0.070973486,1.3796507,0.102175236,-0.96065485,-2.7502441,-0.4144745,0.017495828,-0.12437601,1.6363771,2.1051567,-0.92446107,1.4808754,1.5278358,2.7624812,0.9617602,-0.8536904,-0.7962606,0.14205857,-0.9799048,-1.5058824,0.1270814,0.13534977
TBL1XR1,-0.8285586,-27.214155,-7.119934,-1.4748234,5.9216013,-4.996047,5.960169,3.3918784,-1.6174582,9.053418,-5.656601,-7.6372533,-2.504014,-2.5139441,-3.643771,-0.6532292,-6.4768457,-2.924274,-2.118388,-10.400106,-2.9100473,-1.6227139,0.13937908,3.6188085,2.4962606,3.295451,-5.9296412,-3.5218422,-8.690903,-4.0729113,-3.1934652,-2.049104,1.8072997,-6.093831,0.7094914,-3.8240979,0.09559094,1.763539,7.2899866,-2.4466722,-3.0881786,-3.956794,-1.3783993,4.0864205,2.399481,1.8713293,-0.56506777,4.8815494,0.022896778,-0.77716917,-1.1536211,2.0421038,0.84022975,-0.8299201,0.75948364,-2.910504,-1.6798894,-1.486329,-0.401634,-0.7263064,-2.5064938,2.5480127,-2.835751,4.431672,-0.9094278,-0.6311043,-1.4007047,0.069761276,0.9603423,-0.5853781
TBX21,-7.748288,-22.747873,-20.677145,20.466145,-1.004514,3.9004264,3.342392,-8.697303,4.6342955,3.91103,-2.6036677,-0.54785424,-10.174566,1.962028,-1.1060482,6.0106936,0.48802346,-1.1281433,1.679484,4.684118,-2.746211,5.8818264,0.77666223,-3.7075226,-0.5726569,-4.8259716,3.201609,5.046396,0.44256178,-6.3723626,-1.4475541,2.1751792,-0.699505,-3.8741553,1.5897223,5.262762,0.16158995,-2.359648,-0.25772905,-3.2630029,-2.0760417,-0.29375434,-0.11337623,-1.4288083,0.16761698,3.7035317,4.9124837,3.0184946,-3.1881437,-3.5355325,-1.4745812,-0.54902035,3.891708,-4.630795,-0.239569,0.57111305,3.3204768,-2.2112362,0.8284643,-2.214381,-1.1781522,-0.61569184,-1.0076265,0.3543227,-1.9459162,0.372455,0.5886764,2.863648,-3.4354231,1.6038152
TBX22,10.678929,-4.3174577,-13.527334,-2.562106,-0.7432721,-5.7746696,9.556699,-0.152494,-6.062833,0.481697,-4.7981725,-2.2300916,-0.98141104,-6.4345784,-5.242212,-3.7106788,1.9936773,-1.2002394,2.786038,-6.243889,5.6163616,-2.8334498,-2.5042293,-2.047187,-0.6727572,2.8345678,2.219043,-2.485703,3.0752933,0.31760392,0.7372697,4.8992724,4.0649705,-2.851642,1.265087,1.8055791,-0.8707322,-0.99575174,2.0620396,0.3389043,-1.7828251,-0.9329134,2.700167,-0.27919647,-0.709159,-3.0806935,-2.8481722,2.2029493,-1.3873981,0.70023805,-0.607313,-0.20976375,-0.032461144,2.166983,-2.1682024,1.6921995,-0.51369715,-1.7313511,2.1891596,2.6160684,0.7687187,-2.0975215,-0.77097434,0.86962456,-1.0953832,-0.45158458,0.6990418,-2.5022233,1.3957431,2.5595005
TESPA1,35.9859,15.106647,19.499115,-5.646713,-3.4881601,-5.686164,-6.069754,2.2923393,4.5569797,-9.440977,-8.645917,-2.71046,3.000576,7.0080867,3.101268,4.9334035,-4.8448567,12.892721,1.6982622,-0.6274792,1.4577298,4.032404,-3.3187778,-4.9568195,4.7453866,-0.15097684,-7.145272,3.096938,1.3311939,-0.6848541,-3.6659906,0.026800811,5.651896,-3.2241285,0.2832293,4.007664,-3.6081395,-3.645021,-0.6633093,2.1981993,2.0910819,-3.1740394,-5.6311955,3.6816137,-3.5668373,2.519954,4.301818,-0.55918205,3.0925853,-1.0753131,0.9378334,-5.422311,0.9553415,-1.4021453,-2.6794894,2.607964,0.73865956,-4.3283005,-4.195187,0.4776352,-0.73906666,-2.3624659,-3.0929506,0.78043497,6.564248,-5.3113427,-2.5709558,2.4662623,-1.4452178,-4.5329366
TFAM,-18.26191,16.855377,-28.846642,-11.044598,25.621609,6.0878234,-9.062531,8.243349,2.4072242,2.8194551,1.2831596,-2.379228,-3.4316165,-3.107391,-0.12487771,-1.5625418,4.4656553,1.907071,1.1280503,3.2227263,1.7101125,-4.9908414,0.7247327,-3.6980853,1.3805366,-0.7695841,2.4857826,-1.6320722,0.7576509,0.7572156,0.28771994,0.7441073,-0.86241966,0.19656406,-2.1748772,-0.9016574,0.6123017,-1.3160532,-0.43709752,0.61761343,2.3676686,0.12961368,1.6962188,1.5560702,1.9148605,1.1332939,-2.1572254,-1.0071124,-0.28103274,1.4294531,-0.44745132,1.0785885,0.5501251,0.3006997,0.49217024,-0.5178951,0.10846881,-1.1772519,2.085452,-0.8458042,-0.12295737,-0.04354064,0.48615727,1.1636969,-2.0363355,0.70216936,-1.0768427,-0.08789177,-0.702329,-2.0613165
TFAP4,-8.207525,-10.4687,-9.0099535,8.88392,1.332196,3.468808,2.2081952,-5.169921,2.2353373,-2.3389082,3.4847183,1.3980315,-2.2781007,1.0735023,-1.3247144,-1.390579,2.3167186,8.188533,0.51865244,4.862662,-1.7707225,11.018953,6.9651866,-3.4000816,3.996518,-1.9198474,-6.388294,-1.3154355,-1.288377,-4.939201,0.32185248,4.9950876,-0.71004313,4.2865095,0.21179523,-0.695596,0.07870332,0.341284,1.5634127,1.4663528,-2.1451743,0.15843692,-1.2227288,-3.5165875,0.14331426,-1.843091,-0.2826295,-0.9106222,2.347242,-0.4975709,3.202944,-3.5013256,2.6424289,-2.7030864,0.49201295,4.421776,4.1289682,4.251656,-2.8343625,2.7725985,-1.248054,-0.28275022,0.22644715,-3.130838,-4.2426753,0.76156396,0.46067798,-1.5646164,-2.8357728,-0.5741802
TFDP1,-15.024399,-10.8026,21.301737,0.8905476,-1.0857512,-13.9339,-10.78287,-0.49096316,-4.2182117,-18.94402,1.7400745,1.234447,-5.6058426,-4.7989836,-0.8321251,7.5613084,0.28102615,0.09736005,-0.18668246,3.1843414,-5.510223,0.77967095,6.7584705,0.03315963,-2.7357504,1.2199998,-7.4752645,2.8807642,-0.14748327,1.8122892,-4.467831,-1.6338296,-0.24395968,-2.1070743,0.27649775,6.260898,7.2440557,3.3413653,-10.268291,-1.0667595,-0.98806703,-3.9707417,-1.7328588,4.0420923,-1.7280716,0.22258508,0.4025779,-4.9874396,2.2351584,-1.3092912,-0.10071385,1.8043302,-1.0728447,-1.5828639,-1.0154312,2.1430476,0.9765772,3.5202003,-1.3826281,-1.5269008,2.5320027,-0.41095927,-0.86825436,0.6592118,-0.51227814,-1.414587,0.64858425,-0.6473472,0.8372515,-1.4511746
TFG,-23.294182,9.781235,10.290482,-11.854292,0.61638504,0.74820065,8.107105,-4.1295023,-6.8404202,-4.2532477,-6.570772,-2.2775567,5.1661158,14.885037,-6.713388,-3.570093,-7.205046,1.7785102,3.5515432,-6.183651,-2.290151,-8.504804,-4.1540422,0.17821063,-4.111066,0.10009382,2.2490647,2.140924,-0.7095629,-2.321839,-7.453186,-2.4579902,-2.5114267,1.5315379,1.235356,2.0968008,-2.4518988,-0.06858505,7.3590293,4.2874894,2.109597,5.2612967,3.4975746,0.4274994,-2.0485654,4.2913847,4.207026,-4.3314605,-2.8155859,-1.1341807,-2.5015836,-1.6004256,1.8849219,-0.6232509,1.6591775,-1.2659389,-1.5940717,-1.1831555,1.5872375,-2.9599905,-2.831992,-2.3184044,0.2567278,-2.4063942,1.197415,-2.8974242,5.9576235,0.7825511,0.94943327,-0.09909186
THAP11,10.023512,-8.416471,-3.9671,-1.9696267,20.97381,-13.094077,8.181566,7.513528,2.9580958,-3.841675,-0.5276764,3.445093,2.5790381,-3.3195932,-3.4313622,-4.0950828,-0.6888182,9.397453,1.3627712,6.5552964,1.8167753,4.2426004,6.099975,8.589373,2.6580405,2.5587423,0.67637587,-4.69901,1.1778784,5.2509966,-2.0350332,4.7643013,-3.1399148,3.6256766,2.7423058,-7.161963,-3.0542424,0.9993758,-0.9992881,3.4740794,3.888785,-12.365934,1.57521,3.2350392,8.984766,-3.115137,0.8694957,0.116802104,5.354916,1.0171824,4.6272597,0.28766328,-2.8395476,-3.2973428,-2.1315238,1.1687558,-1.654692,0.52142763,4.364095,-1.5302678,2.3390915,2.370898,-1.3904743,3.4836712,-0.15630935,-7.4359455,-8.192166,-3.2018843,1.6989064,-4.6897116
THAP12,33.404297,5.0823298,2.2815695,-9.543429,-2.9284713,-2.5396366,-2.476443,4.2309256,-2.6726193,-5.9140205,2.026404,-3.97486,2.737028,-2.1770983,-1.0435725,-4.3999248,-3.0370486,4.790367,1.7372942,5.165131,-0.24348854,-2.8329449,-1.2453207,-2.6946836,-3.8607645,-0.29489458,3.5080745,8.953425,4.227338,-7.6484213,6.216062,0.72792673,0.19534305,-1.1707677,1.7392994,-3.7777119,-1.7894285,8.4084,-0.07254162,-0.449006,-7.5578337,3.320963,-1.7726574,-10.108963,-0.24899438,5.109303,8.53351,4.543188,3.265413,0.15632789,1.6023955,0.5041718,-5.4635744,-0.17528519,-4.4174376,-3.249801,-1.5091077,3.3493874,-0.6820088,2.3629565,3.3566606,-5.330255,-3.2031019,0.27595672,3.0036232,5.005174,-1.4436333,2.9928086,0.6550534,2.1885455
THAP2,-11.103357,-5.6846523,7.977899,-7.178795,4.3670435,3.7472196,-0.30509636,-7.8760915,-2.2627623,-1.9468532,-5.022778,6.9901137,0.33672163,1.9028889,0.9399299,0.6255674,0.24703082,-2.580185,0.7993689,2.297282,-3.085209,-1.6272622,2.6498065,5.9344745,0.904285,-0.42023772,4.7813673,-8.486656,3.5273817,7.763994,-1.0313095,2.4007168,2.5263276,3.8074038,0.74172276,4.40151,-6.8407717,7.880766,0.6322153,-6.4908447,4.230924,-0.8153675,-0.561428,-1.7292438,2.3823483,1.7177303,-0.42825025,5.890934,0.64284,3.8293874,0.80663866,2.9234085,-1.4506836,-0.7653784,1.8429104,-1.7764995,0.083898924,3.3627381,2.0948973,-2.0262203,2.411295,-4.403938,3.2494042,-2.8892949,-2.5251522,-0.32502073,0.13012245,-0.19981863,-0.465339,-1.7335848
THOC6,-1.0956069,-5.4852185,2.654732,-2.4403682,-0.8932101,0.8265866,-0.66454685,-9.021324,6.1221414,5.617117,-7.217496,6.103804,0.7397172,0.96287423,-3.1786368,-1.4901615,1.6721072,-6.886265,-3.9483905,-6.3096495,5.873163,0.35180226,1.8747809,0.84337866,-1.2025806,2.7537146,1.1933931,4.0979095,-2.6443443,1.3144557,-0.3085634,-0.8509379,1.1014029,0.15012126,-4.649052,0.047201812,2.7464917,2.7363758,-1.1688423,1.6753869,-0.02410938,-5.8087587,3.8981512,2.26226,2.9396544,0.60421926,-7.423646,-3.2329383,-0.3252748,2.5099065,-1.4875399,-0.8273135,1.8655806,-4.144868,0.18892975,2.674943,2.5649245,-3.211778,0.27210084,1.4203331,-2.220972,-2.9601903,-1.8072945,1.7278202,-2.8488963,0.7337247,3.7539468,3.798016,-3.3000228,-1.6461036
THRAP3,-10.402282,12.929106,-12.826646,-4.09842,-8.355252,-2.8929179,2.5306914,4.0029297,-12.0523405,5.8935456,-8.033814,-5.1186504,5.6506987,8.152503,-7.2953734,1.2675557,-10.106826,-2.75828,-6.757891,0.12853509,-1.1207672,1.2637396,-0.8255391,4.577097,1.408787,5.681587,-0.5320283,5.05748,-4.7184854,2.9974456,1.3101622,-0.83748853,3.9440696,-0.49838516,2.3157103,4.7420335,7.949567,4.0025387,1.586527,3.9908533,0.05721866,-4.6906652,1.6021959,-1.1984538,-0.5865351,3.8621151,0.27083683,-2.9453368,-1.2396753,2.9050753,-1.2844869,2.9192107,0.75147086,2.0414784,2.23749,-0.17116748,0.17354895,1.1061238,7.3665514,0.46495897,3.7210424,1.3612928,-4.6381927,-0.6000736,0.5957547,4.005767,-1.3451571,-1.4065212,-4.32003,-3.639099
TIAL1,6.4948745,-16.294632,15.082708,-3.8587716,6.271362,1.8071995,1.1144849,4.514033,3.0482605,8.1942,-1.2764587,-1.4414856,4.175963,-0.7109241,0.52057946,-8.1092205,-8.994788,2.955926,-0.37071347,-6.5337253,2.755792,1.7718709,2.818279,3.316904,4.0144477,2.1001084,0.06808852,3.4468791,2.4731321,1.5813891,2.360571,1.0470064,-8.171276,3.8135827,4.378775,1.6958708,4.9614635,4.8684325,-2.8367,3.8515604,1.3343552,1.4707184,0.5911988,2.8025804,-2.772336,-1.5265768,2.969032,0.8000088,0.72450334,0.9067889,-0.27486968,2.233983,-4.5950346,0.8398022,-0.69056576,-3.0201344,2.1171818,-3.3942666,1.0268272,-4.7383256,3.9235563,-0.063643605,2.5058072,0.18579212,2.0035498,0.3452037,-0.16516007,2.5573921,-0.07872023,3.906996
TIMM10,16.216105,-12.403344,26.650604,-4.7016797,8.963232,-6.149473,-0.7871541,5.2904553,5.329698,-5.517967,2.62186,-5.3776016,12.995732,-0.3347461,-2.1905022,-1.5233387,-8.261911,17.26391,9.171808,1.6876628,2.3078833,4.565085,3.5365644,-3.774809,10.8042145,2.8861256,1.4677862,-5.5551085,4.364425,-1.3262117,6.760999,6.646637,-5.534507,4.3181167,0.10464307,-2.168429,-2.6008658,-1.9472742,-2.9032738,-5.0333753,1.3497697,-3.4984589,3.6123788,-0.71450055,2.2836967,-1.2638104,-1.5615635,3.7486398,5.6751676,4.4953237,1.4779816,4.1240883,3.5154362,-0.060841843,0.027062858,0.4962258,0.32550985,-2.2840455,-0.45443353,3.8994741,-3.1867244,1.1549312,-1.1199856,-0.51391125,-2.1753116,-4.94493,-0.69353956,0.5959331,-1.4887223,-3.2886622
TIMM8B,-22.092312,12.025501,-11.05762,-7.632262,9.230262,-1.6093717,-6.096396,-2.32994,1.2063754,0.4936968,-0.7466287,-1.0717167,2.1189466,0.90514,-3.9742918,-2.7557187,-0.45221174,0.84945685,1.4394482,1.595698,2.7007213,-2.9608939,3.3252814,-3.0236008,-5.8048425,-1.4242456,0.008234728,-1.0810796,1.2090688,-5.0908923,-2.4616234,-2.145138,2.454338,-3.0970986,-2.7106125,3.3848636,0.7968838,-0.5193242,2.3801358,-0.91719586,1.0214847,0.47264254,-0.80585086,-0.5533766,-0.16414732,3.50194,-3.922381,2.2104557,2.6392434,-0.7873961,-0.7581111,-0.72384715,-0.90179855,-3.4757907,-1.5152887,-2.592683,-1.3592007,-0.16764931,2.0777538,-0.62763244,0.27633232,-3.2397285,-4.71616,-1.3237005,-1.5091581,-1.510895,-0.06064828,-1.9439262,3.6491168,0.85501957
TIPRL,-21.83049,-4.88378,-19.382511,8.1473,-14.948347,-13.721797,6.323124,-3.0523064,-7.6835217,-8.967131,12.8351755,-2.8889706,-2.4284022,0.66287667,4.7658105,7.463029,11.409468,0.0036922966,4.278472,-1.1973697,-3.1126254,0.3051777,-11.88012,-13.292789,-0.3326623,-4.921897,-0.8412659,7.324134,-0.9662217,-3.6693125,2.314457,-5.885276,1.6850283,1.1340437,7.4209204,-9.800231,-1.8144888,-1.000806,3.2552087,-6.72885,4.3249974,-2.4429991,4.870556,3.4266338,0.710913,1.9872723,-0.5064586,-3.034498,3.3526642,-6.6053195,3.2027416,-7.1806726,-2.9939618,1.0089047,2.1275635,-4.04203,12.784388,-6.576384,-0.6556274,4.629319,-1.74686,-0.86763424,4.589032,2.6487157,-3.5159247,6.2023764,4.117242,-1.7555432,4.9180183,-3.290395
TLN1,11.667551,1.7967495,-20.935297,0.04201592,-10.434981,10.640514,1.4921129,-1.9065133,-4.252971,8.9721775,-11.298929,-3.6150498,2.8139188,-8.03758,-0.13397282,-1.81682,-1.8425905,2.8424032,0.7839923,-0.008777087,-0.6160353,1.8398981,-0.2869236,-6.613523,-2.2949405,-0.78447384,-0.6964097,1.1174265,1.1008356,-0.5785459,2.4359343,3.2873976,3.2689269,0.720214,-0.48391858,-0.6483629,1.2115793,-2.6618936,-3.4978218,-0.49423617,1.8487864,1.7046721,-0.77709,0.58394766,4.0568447,2.053363,0.675574,2.44069,-1.8764232,-4.2432594,5.1952367,0.2615044,-2.0031066,-2.0205941,-1.2114229,-1.8267509,1.6767473,-2.4735553,1.0914224,-1.7841144,0.5072425,-0.639853,0.4170624,3.3342235,-0.55803186,1.2947949,-1.9680411,1.7146802,2.5583086,-0.033333093
TM2D1,-18.056494,-11.372745,0.86370695,16.003994,-8.869189,-6.4496546,-13.203861,-4.7587905,-3.3090243,-12.237706,6.484429,-3.4465222,-0.9281213,3.2952719,-3.8016274,8.558092,-1.9532459,-2.2341366,2.5699692,2.6246147,4.841323,4.0622096,-6.691742,-5.5069895,1.5201029,-3.592046,-6.081599,-1.2406402,-3.0835896,1.2136195,2.9828558,4.24895,3.4777133,6.3121243,2.5028625,2.4395618,2.427219,-2.110801,3.8012218,-3.8310235,-2.0405798,-1.9442391,0.55833066,-0.19559316,-2.30915,0.54462856,-1.1141163,2.2822065,-2.2203927,0.5160351,2.9987376,2.2287667,3.4457688,1.9673829,-3.7232232,0.21975489,0.1394207,1.7915872,-0.8048141,-0.052598774,-2.0576355,-1.3406748,-1.7201135,-2.1018665,-1.1889479,0.45848733,0.7772505,0.22659825,0.35243827,-1.0650381
TMED10,-9.281693,-10.915987,-14.0757,6.9682245,-0.29672045,23.958422,14.057454,21.367674,2.4897075,-1.7589023,0.13201924,6.8028364,-4.453506,3.0666902,-6.9783893,-0.5689668,3.6645496,-4.616563,-2.1702845,-5.3620872,-4.278754,-2.5671463,-3.6731033,1.0979599,-2.8517745,0.06662376,1.1598222,5.8844867,-2.8069074,-7.10776,0.39576873,-1.3201967,1.1030349,5.9503355,-1.199678,-0.6990555,-3.6831005,4.8647203,-1.9055573,0.4402309,-2.3968554,-0.2588927,-0.2094903,4.395354,-1.493464,1.8183479,0.008094506,4.882677,-0.6691153,-0.32587513,8.244259,-1.7828152,-13.309905,-4.5175896,-2.919235,6.1717176,-0.44126168,3.7630444,6.264439,6.353371,-2.8436046,2.229797,-3.9797535,-3.8300703,-3.5237293,4.176539,1.1008749,-3.4208355,-0.41979077,2.998559
TMED2,-2.6730218,-23.282421,-1.7557926,4.028025,5.072515,20.619883,9.255996,14.438377,5.716274,4.4643345,-2.536036,1.6931125,-0.31371927,0.5393421,-5.211533,2.980548,1.731846,0.79871905,-2.9816334,0.41947114,-0.3949176,-2.688212,1.3075571,-0.58349055,-1.5868841,1.691683,-0.45014468,1.52455,0.011211304,-4.8085814,-0.8774614,0.6949481,-0.7763871,3.8258061,-0.720515,-2.1128232,-1.541265,4.844899,1.1128258,0.55382484,-0.7717925,-2.496097,-0.849672,3.7929945,-0.75487226,-1.8661096,0.36727244,1.0567088,-0.7090958,-1.7112182,3.5734203,-1.3600478,-6.917333,-2.1987898,-2.4513946,3.6788971,0.3437112,-0.6443853,0.025562963,1.0149405,-1.3907614,1.3468473,-1.6831745,0.18109171,-2.2925322,0.22920947,0.77726996,-0.78475493,2.1505518,-0.30053362
TMED9,48.064743,22.841091,-4.7827425,11.234333,-17.063889,-26.543327,0.02673252,21.13363,6.987734,0.4504946,8.513972,-1.9508375,0.50632906,-0.14487062,-4.084879,-4.074114,-4.5219183,7.3962502,-4.1121483,-0.94207764,1.0306323,-1.69502,5.7911725,-0.04582085,-5.1205335,-3.0314248,-2.7889042,-1.4036067,-1.100201,0.5484835,-2.2106311,-0.101607546,3.1115518,2.40984,2.134457,-3.483206,7.568603,9.460983,1.2896512,-2.8497682,-0.8015761,5.44877,-2.1656115,-3.771627,0.501569,-3.0218983,-0.18019857,1.4161566,-2.2632048,2.575722,4.5791044,-5.0237226,-2.2534175,6.4217377,-0.9497517,2.517595,-0.8635559,0.69027066,-2.670362,0.48349395,2.3462582,-1.9924616,1.9855472,2.7740736,5.1048675,-2.5255527,-2.0999193,-6.8804483,-6.9845624,0.6485837
TMEM131L,-5.49374,-3.036929,-3.4033573,-2.2651901,-6.9097357,1.8408577,0.030314945,9.115482,1.1427968,4.7093945,-3.319513,1.0463167,0.48681095,4.3833857,-6.8659697,1.8016956,2.8058534,0.23476991,-3.3227582,2.0977952,0.58131236,-0.5235031,10.0187435,0.8384332,-1.0264273,-4.2478805,-5.8334317,-4.042663,5.303752,-6.0928164,5.2620173,-4.390623,2.9871778,-1.6775087,-0.9514967,-6.3455358,3.1934946,-7.692498,1.8245671,2.3917758,-2.005674,-1.6712575,-0.04255018,1.6381241,5.7523847,-2.53298,2.7317069,-3.4202971,0.44489935,3.93273,-4.956345,3.2629206,-0.10390967,3.7097378,1.0421497,-1.9429924,1.8093027,0.290738,-0.039507728,2.220031,-4.9444532,1.0234674,0.22590125,4.0781302,0.32322353,-3.244063,-2.4032202,0.76182854,-7.396811,5.5011516
TMEM167A,-6.015957,-2.642638,10.830104,-2.1187146,0.63557714,4.21528,4.648759,1.7867271,-3.1363146,-2.568053,-1.6709967,1.8496048,0.60063607,1.3426164,-5.025788,6.283482,-4.0526266,2.4145882,1.0208535,-3.1557262,0.3281504,-1.3480049,-0.8077568,4.149552,-2.7341814,2.17403,7.903241,4.6532598,1.9399372,-3.3923495,-5.1693835,0.8525425,0.71452266,-3.9294426,0.4266438,0.8009893,-4.6541376,4.997394,-1.6763031,-0.21410035,-1.1085956,3.743354,-3.9097292,0.42724124,3.7022583,2.4178798,0.057326913,4.607975,3.848694,2.930262,-1.2457634,-0.5623953,-2.3805826,0.17509219,2.1847963,0.12936574,-1.1965333,-0.566463,-1.0235726,-3.8535368,-2.6722558,2.574842,-0.82084715,1.1869067,-1.0717376,-1.7877673,2.3808036,-1.8418905,-5.012908,-4.8202295
TMEM214,21.083202,-11.812796,2.8276012,-4.2065277,9.74935,-5.5988765,20.503403,-4.2390985,-6.439928,1.8535147,-9.336604,-5.3985233,-3.8798857,9.503466,4.3037896,6.4543586,-2.5046146,-4.661427,-1.4865929,7.2625985,-2.358273,-0.06381959,0.09058103,-4.9991226,-2.8116274,-12.65733,-1.250841,4.0605154,2.8192596,3.7512834,2.3158867,-3.5563602,0.3038458,-3.3851292,0.019845434,-4.5397944,-5.49982,-1.2941341,3.6340933,-1.7407838,2.4827573,-4.545319,-5.4363155,-0.8175482,-3.6134439,-1.9341396,4.109882,-0.4064628,-1.7121409,0.7198134,3.038812,-4.1330137,4.077621,1.1243244,2.4141438,-0.3921927,-3.7475898,-5.588542,0.35368016,-1.0487703,-4.825799,2.774362,-1.2561332,1.3634839,0.06651108,2.6744442,2.1300466,-0.037934724,-2.0017767,-2.7036912
TMX1,64.116936,-24.544214,-17.27552,3.3782947,-1.2659127,-12.943545,0.68164104,5.6166224,2.7824304,5.855041,10.384655,2.4430208,-5.3337555,-5.8317714,8.154853,-0.6668497,1.3275985,-0.77877975,1.144169,-6.5555744,1.9023651,6.571056,6.6651263,-0.067638,3.784894,1.099391,1.8476422,-0.94126225,-1.3993086,5.0612826,-1.7429242,-0.69043964,-0.8266715,-1.0681092,6.3082514,-0.79172635,1.052502,0.06373238,-3.1918547,0.4635526,-2.9534476,-10.20396,0.30783018,-0.71601707,1.9007608,-0.36296552,-0.17345305,3.4075925,-1.05553,0.57409775,4.1174593,1.0472077,-0.4304215,1.7047727,1.1839892,1.2755964,-3.720607,-2.039065,-1.9641346,1.7107714,-2.5603206,0.5468565,1.4420933,-2.979214,0.3106293,-2.5554209,-1.190278,2.1424444,0.14293462,5.1122823
TNNC1,-24.722218,-11.940167,1.1464523,10.656775,-5.286306,-8.370671,-10.763517,1.0420578,3.578246,4.5927677,9.573476,7.5676622,10.438146,1.7621392,0.83105683,5.930576,-3.739599,-4.3405848,-2.0886626,-4.2172503,-1.0294496,-1.6181414,-2.432868,-0.36053884,-2.4764209,-5.4210296,-0.82827353,2.1444283,1.0031,3.6811745,-0.5243117,-3.4572861,-2.830928,-1.686285,-2.1555982,-3.728984,-1.808034,2.2215846,-2.100896,4.3389735,0.8521543,6.89515,-3.2084107,-1.158266,0.4201016,4.764009,-0.034292527,2.8602974,0.5327197,-2.7457857,-2.9343367,-2.0771108,1.305625,-1.2367541,-0.062796645,-0.47409222,0.4867455,0.39747825,0.75137246,-0.7696707,0.04843269,1.3400031,3.3801467,-4.464373,-2.8935852,-1.0645386,-3.9469435,-0.36176556,-0.53593403,-0.88842535
TNPO1,-25.662455,-8.989169,-14.246275,0.963365,-6.669382,4.4545164,-3.7361343,-10.970147,-7.3238087,5.2940574,6.0608974,-6.472266,4.6989927,17.009008,-2.384151,4.1851645,1.364266,6.8434334,-6.0259337,7.8098774,2.4575014,-3.323221,1.7595506,-10.797753,3.0705006,-0.08694798,-3.0250769,2.628708,-2.2313027,-4.584295,3.2786047,5.258408,-3.048054,-1.1778729,-4.61588,1.5003985,-0.92982006,2.4409645,4.638307,-3.5885124,-0.47342372,-2.5274293,-3.138149,-7.3901343,-1.3913697,0.60329264,-2.5754128,2.468653,2.6485815,-4.056523,-1.4374242,1.4282867,-0.42619684,2.951192,-1.1306849,3.8344321,-2.373663,0.27988595,-6.8494434,0.21922739,-3.9209404,3.068576,-1.0300641,5.613078,0.15036127,5.4483414,2.4308026,3.5640996,-1.5223653,-0.19462231
TP53,-27.63318,-27.789005,4.6568303,-0.0015115517,1.1216288,14.371571,-0.7899279,2.8318944,-5.632909,9.280109,8.710554,-11.758918,0.858313,7.366768,-3.513379,1.3874162,-0.3774559,-4.622471,0.5875796,10.466488,-3.1650705,-4.482095,-2.4762232,3.1645708,0.8992139,-2.0945563,-5.9375877,-0.26508826,2.0963917,-0.6523936,1.4998747,4.677391,4.768281,-0.39125168,-2.1794646,-2.039312,0.5723017,3.297422,-4.009928,-1.1356798,4.082818,4.048293,1.5395331,-0.21236067,0.9461376,-6.3976293,-5.020301,-0.89233637,-5.4856043,2.6085443,0.7531987,-0.1411116,0.42929095,1.1255854,5.6744766,-0.23701379,-1.023809,-1.2457919,3.3756125,-4.5333314,-0.721304,-2.1200664,-1.0253737,3.173009,3.4275422,1.1408918,-1.9916663,-0.6103128,0.0045915125,-2.4695857
TP53INP2,8.350875,19.510174,21.690086,-19.876394,-9.024246,7.6123314,-2.2572768,-10.676284,-1.4798131,1.085127,-5.654204,3.695651,-3.2229984,-4.295194,-0.24745268,2.172534,-0.43950924,-3.4069707,0.5936763,5.1591377,-10.297639,0.7764592,-10.911714,-13.41759,2.3135684,2.8601496,-1.6992851,-3.6414201,-5.30032,2.8835533,-8.352519,-0.6083798,-1.2273808,-2.7700415,6.575839,-0.36824116,-9.050311,-3.6168602,-3.0103145,-0.337785,-3.1541674,1.8891201,-7.9901705,-1.0730277,0.36540815,-6.786152,0.14326763,-4.4883986,-4.3960958,2.7078326,1.521122,1.6188607,-0.46100095,3.1930149,2.0945911,-0.74164706,-2.3464386,-4.4665384,0.10290754,-0.032474216,-1.2413117,-0.63773674,-1.0740143,-2.092109,4.101925,-0.48375446,-1.7780744,-2.359002,-0.22475354,-0.53471875
TP73,-12.559308,10.08176,-9.833313,3.867047,-11.315883,-3.5361629,-0.78034604,-3.73629,0.4617424,2.309635,-4.6106467,3.1399484,3.4030094,-1.2137297,-2.5293124,-1.8649979,-1.4846773,3.7128184,2.2144754,-6.8285413,-1.4083847,-1.5667665,-2.05361,-0.3918333,0.13065134,-1.2015514,3.4568176,1.7251053,2.000783,-1.1138232,-0.29576322,0.9814236,0.48952723,-4.640513,-4.828872,0.48371166,-0.01930593,-0.5659371,-1.0627673,-0.68167526,-0.9232893,1.6937447,0.6243511,-1.8138819,-0.94894737,-1.4207381,-1.195414,0.0052381074,-1.0118884,-2.1309624,-2.9774501,-0.13056713,-2.2785742,-1.6352385,-1.9942149,-1.6976589,1.6639816,-0.5734162,-0.46253264,0.05613197,0.8520963,-1.6842142,-1.610409,1.07749,0.02943378,-0.74908334,0.21633348,2.378801,-1.8743379,-0.3211567
TPD52,-8.801655,-12.472415,9.128426,0.567036,0.31962067,-0.989413,-12.168677,-11.314089,-3.0270798,-3.9536302,-4.2375765,2.8059304,3.8346155,11.360563,11.8219385,4.9849977,1.8011421,-5.805321,2.4660668,-3.3868258,3.258046,3.5102887,-3.4786475,-7.5973787,4.2868614,0.15353832,-3.2859826,-0.45904678,2.5758266,-7.6470537,1.581825,-5.2309794,2.9835942,7.204456,1.8962733,4.62065,-1.560817,2.43538,3.1760182,-0.56487286,-0.985797,-0.958123,4.1621776,-0.61592174,-2.8213315,-0.46017572,1.1334097,1.5891684,2.2476416,-0.6662257,3.7158158,1.1391652,-0.18907855,0.048484206,0.6587593,-2.2948754,-2.3313665,2.7504406,2.4111574,-1.27988,1.8133109,0.42628017,-2.3761659,1.6547774,1.3928877,2.0373528,0.78531516,1.4912367,-0.6493831,-0.36014676
TPT1,-24.361458,6.0883784,-5.1243663,3.4844527,-4.061444,15.137336,-11.467746,-4.7431545,-8.25616,17.376402,4.92039,3.495573,-5.767775,-2.8834517,2.631574,-9.449242,-6.160951,-8.895387,10.244589,10.556782,2.6016915,10.3164,5.2826943,5.225074,-3.135545,0.34394455,-5.180435,1.2193904,7.4925437,-2.0804734,-7.9574327,-0.2054971,4.6459494,-4.3660603,1.2300532,-5.0704703,1.0885404,-2.673264,8.26135,-2.2285151,-1.181055,-2.4343674,3.2957017,0.9150169,-4.0528755,-6.693469,0.52074766,1.7945514,4.268936,2.4136174,0.86603975,-0.30542725,0.18886666,0.16975,-5.2341537,-0.6627282,2.4328687,2.4732206,6.945246,-3.8359501,6.573751,-3.5388799,-0.5433001,6.697508,1.2681131,3.37177,-4.1366444,0.06382208,-1.5581584,-2.6290948
TRAF3,11.994665,8.630787,18.740183,-17.741152,6.6500654,-15.275188,13.968861,-6.722135,2.222186,-14.048707,-3.0681252,2.7586398,-11.886592,16.376064,10.478613,0.27208287,2.029815,17.565472,8.836327,7.8817253,4.095055,3.456464,12.553632,-7.163893,8.100587,-0.6742306,0.8538329,-3.4035907,-7.477971,3.0982482,0.9390511,2.5572398,3.3088508,-0.35460946,8.823757,4.678347,3.8213189,-7.6660624,4.8492374,2.8434937,5.5856113,-3.5812125,6.0544353,1.2217677,0.3753175,-0.15997255,3.6508374,-3.0578198,1.1300269,-2.7787337,-6.0222464,-6.970854,0.4365195,-2.1102755,6.4682474,-3.8479543,0.60793585,-4.4620724,-2.4150968,-3.214463,2.1739783,5.300332,1.0247958,-0.7468618,-3.8891454,-2.377371,-4.5718784,0.7940251,-2.8999958,-2.2580757
TRIP12,-33.476177,11.127906,-13.46946,12.703294,-0.41399541,6.3312902,13.194237,-25.71158,3.1588402,-1.5015578,6.1163626,-3.4492073,1.9761215,4.4150567,-5.5672584,10.196528,7.9567704,4.0533547,-2.6914585,7.0414133,-6.5556383,0.3896901,-5.3400245,5.190979,3.9762356,1.0539795,-1.3777833,0.6028999,-1.2816912,-1.732679,18.213099,-8.043707,-2.5917044,-1.379222,-4.8513365,3.7842777,9.7856455,-4.2238383,-6.43128,-3.7991266,-2.858427,1.1494868,-3.1180844,-2.5377972,2.8875806,-2.7453208,1.4677151,-2.0067794,-0.15823479,-1.9182056,3.875422,4.246303,-4.034187,3.6684196,0.40026093,-0.56530815,7.5377507,0.83193666,-1.9377652,-3.0329518,0.34132242,3.9729016,4.962533,2.66056,3.7778828,-0.9269854,3.7242005,-4.4573936,2.3609436,0.28010455
TSC1,9.242787,-14.375278,-0.98606974,8.02052,1.1125661,-3.0963583,-6.134577,-7.2864676,-2.2800474,-3.9176183,-2.478864,1.393845,-9.928898,-6.142705,-9.124169,10.52694,-2.3766646,-6.040784,0.19273227,2.9086041,-3.5766468,1.1913856,-5.3687105,-1.4079741,0.9845566,0.8661301,-10.700086,4.8529325,3.861716,-8.5140705,-0.5334752,3.923138,-2.806552,-5.3297935,-0.42258337,3.4507267,-0.82081205,5.0252504,2.0403779,-0.666275,0.091192186,1.4093138,2.5251799,-4.689476,1.6205792,-3.7697654,4.098494,3.95502,0.9763832,3.5607042,-1.1335158,-4.667855,-0.9056031,3.0784576,3.013052,2.5519352,0.32590902,1.2653856,2.9614928,-1.1325039,-3.703838,4.557658,5.229093,1.527595,1.644021,2.8953106,0.22373219,-0.7958867,-3.1137285,-1.6432122
TSC2,5.8071976,-2.2522247,-1.220729,14.498204,-1.5027533,-6.5701504,-8.162617,-7.998051,3.2262497,-8.645339,-4.0952954,2.3999,-11.689596,-6.5675893,-12.185028,9.072464,-4.3514004,-5.4708767,-2.0458603,4.3535476,-4.8649764,-0.7274219,-3.0143957,-2.392137,-2.188206,-0.5562406,-11.169759,4.229469,1.9949093,-8.54129,-0.13904284,4.2048845,-3.9679077,-5.6455708,4.136844,2.728316,-0.12403885,2.7410812,0.94271624,-3.0329008,-2.6636872,2.9662516,-1.9738326,-4.670981,2.5282538,-2.709653,9.174837,2.071354,1.6289732,3.9506943,-4.942014,-4.081421,-1.4550639,3.2869172,1.3134747,0.92618626,1.4324301,-0.8049359,4.5476365,0.14528367,-2.549733,3.3706114,3.3473008,-0.47295973,0.5658852,2.0796912,-1.0821201,1.0487515,-1.1027895,-0.31281784
TSPYL5,41.00997,18.59145,20.174408,31.286232,22.360052,6.7063375,3.298392,-1.5155816,-13.960539,-0.090698145,4.333787,8.398828,4.4893575,-2.098673,0.7548399,2.6005871,-1.9207494,5.3583207,-4.1791105,2.9708273,-2.877974,-1.3979286,4.4974833,-2.2479248,-1.3794554,1.5362375,-7.823467,1.8171198,-3.5275319,-2.6096632,-0.60257846,1.5842044,2.0375652,-0.33807176,0.4789162,-4.128225,-3.0012102,4.5907645,1.7347403,-2.4598272,1.8293066,0.05751856,-0.056981873,0.53644043,0.08921743,-4.1384487,-0.8236093,-4.0755973,-0.7652639,-3.4579337,-3.9555087,-0.36403018,-4.0267534,2.7717135,0.69173807,0.9409873,2.239771,-0.21058173,-1.6523453,-2.4906077,1.9369849,0.09608634,0.08529883,-0.15404348,0.43373215,-1.2367665,0.55268687,-1.1771563,-2.327086,1.40431
TSTD2,-21.903852,-3.7532973,0.30389023,-3.197577,-0.76803976,9.729612,7.5338354,-3.7231014,-4.0579934,6.0778413,8.122372,-0.045983262,-4.7276015,10.385022,-2.3709083,-4.3392863,6.1781864,0.020859232,0.619988,9.737145,2.5153615,1.2793216,0.41241777,11.986894,-2.839489,4.3157334,-0.09418753,0.23715337,-1.5131844,0.7288355,-1.3237082,3.5096016,2.418985,-0.07537823,3.126009,3.9023566,-0.5055627,3.9019074,2.9523222,-0.55181074,-2.606771,3.6131191,-0.5383135,-0.59237087,1.5348151,0.5084377,3.2735758,-2.623035,0.3818656,4.9756017,1.3762162,3.5156958,6.5803924,1.4969206,3.8383758,-1.7204616,2.5585227,-2.0633116,2.3353145,2.7623193,-1.7254579,-0.4819813,4.6905103,3.1404374,-0.30429533,-1.1478001,-7.824795,3.4101083,0.20629779,-0.43204716
TTC4,-11.455554,-2.3131373,-3.098358,3.0202017,-0.16016728,11.048267,-3.8559988,-4.004963,0.7531672,6.4047666,-0.6592853,2.8783636,-1.7659703,-0.22674221,2.0564456,-7.219359,-4.802596,-4.562559,10.3878355,2.6156266,-1.230755,4.6924663,3.984295,5.470905,0.50029373,2.117405,-1.8151073,0.5245834,4.800002,3.9997575,-2.2373207,0.9219763,-0.0788944,-0.08987696,-0.3415371,-5.54038,3.7140424,2.0883305,0.4454633,-3.8394763,-5.1980157,0.20620649,2.82442,2.2280517,-3.5398552,-2.6632605,1.388223,-1.5303057,2.8478827,0.16402607,2.3547945,2.6172438,2.0350068,4.017731,-0.79338974,1.5398858,0.39035177,0.5323509,1.9296466,-3.3592074,3.186935,-3.2065248,0.34350565,6.175917,0.6954225,3.0401971,-3.4687202,3.0842824,1.972838,-0.40470862
TUFM,-4.957028,24.266468,-9.669593,-5.7947574,19.94815,-0.4794175,-7.397229,4.426445,6.138838,0.4546686,-2.3753986,-1.6498592,-2.1933184,4.1050863,5.244371,-1.5734197,-5.389825,-3.436609,3.1605904,0.9662716,5.0792885,-0.8353234,-2.233504,0.6238454,1.2941257,-0.7137031,3.475341,2.6336942,1.6049181,-5.7059216,-1.7109998,1.7245518,-2.2000854,-3.8958895,-1.2721679,1.1362109,2.1266904,-0.7848113,-1.506639,-3.9920776,-3.1608825,-0.72568095,-2.513489,0.8459123,1.7550429,0.3840243,-1.0994966,3.328205,1.5704854,0.2402786,-2.4209416,-1.3489803,4.3573465,0.6827052,0.4568346,-0.82774496,3.493375,0.39620245,-1.2255031,-0.58824784,-2.7038176,0.784322,0.60960823,-0.7364216,-1.1521333,-0.6765601,2.9659364,3.582262,-1.9051279,-3.071526
TWNK,-15.641843,17.02023,-22.057556,-7.9961634,15.289001,1.3675166,0.6632758,-0.5574443,0.07292912,9.5745,-2.0126913,1.1584575,1.6829314,-2.7778108,-1.7425162,2.4504478,0.80546916,-0.44792375,-2.9759681,1.6028299,0.122220665,-0.3352564,-0.80510294,-3.6903532,-1.1451331,-0.46965575,1.7187461,-1.4208924,-2.343407,-1.5219212,0.9960583,-0.8620853,-1.4266336,1.6259834,-0.17882149,0.4253573,-2.2339377,-0.36060268,1.8855447,0.12235275,0.54999834,0.3609611,1.7217009,-2.5685167,1.7348632,2.1369488,-0.4005115,0.06821098,-0.8025662,0.53682184,0.06419301,-0.37352234,-0.5553884,-1.6668651,0.91211,0.35529742,-0.86087036,-1.3032117,-0.9503591,0.25100523,0.7004488,1.3356867,0.6684639,-1.1600261,-0.29562926,0.9221909,2.337748,-0.14696722,1.4065043,0.19692656
TXNL4B,-17.054478,18.22481,-3.6800942,1.0247673,-24.627731,3.8766954,-3.2290835,-0.46810758,3.475709,3.191659,8.039181,-2.4839387,-4.4323006,6.761217,1.8730099,-10.073129,4.4404383,0.60942876,10.623893,-0.24880497,2.6241384,-5.2313375,-5.00331,-0.8833547,3.6742067,0.9114505,-1.710308,1.4938595,-1.3659178,2.3756278,3.7728648,2.825602,5.6332526,3.2034855,6.3723617,-4.7089906,6.55161,5.592157,-1.806579,0.74303466,1.2980254,-0.20684773,-1.1319331,2.7596111,1.5059415,-1.5761242,-0.4954723,-5.891961,-5.5197597,0.050941013,-3.3899245,-1.0147377,-3.2097154,0.46624553,-1.3495955,0.72268724,2.4957151,-2.1923084,-1.5202332,-1.4993364,0.6958626,-1.0741518,-2.9856932,3.9343092,2.452424,-0.58627254,-0.8783445,3.8065155,2.4821913,3.910237
UBA2,3.4196186,7.442621,3.0524938,-3.469811,-5.823253,-5.925864,4.495763,6.2478995,-2.2182786,0.21894307,0.3668905,0.23644087,-0.5292579,0.16621506,-0.37759668,-0.551611,4.22033,-3.234589,-3.0220032,-6.8571925,0.08563117,-4.5571337,-3.0118475,-1.6051539,0.014530339,-2.6333015,8.237681,-5.1293125,4.5655184,1.0879514,3.1624167,-3.4835339,-2.4635267,-1.4279567,1.5259163,-0.18289435,6.203068,6.923597,-2.8094876,0.22211209,-1.842452,0.7454937,-2.1645257,-0.24343999,1.5506309,-4.6541,-2.1519387,-0.6940015,-2.2301972,0.9203362,3.3333125,3.3153486,-0.66957104,1.6899081,-1.6537352,-0.21911085,-5.193666,-1.7055048,4.117888,-2.4802635,-1.2237729,1.9512583,4.621344,4.4364986,-2.6371121,1.4554889,3.321492,-0.29778948,1.5980461,-2.7202878
UBA5,-16.27971,9.254759,0.24391201,1.9926742,-16.401073,27.37894,-16.571388,6.379985,-8.713313,-1.91692,-5.7519407,6.476216,-1.7289691,6.707799,-3.859564,5.400555,0.48004702,-0.13671687,1.6295489,1.8588315,2.4458253,3.5831993,3.4450738,1.4482317,-8.385788,2.664191,-6.212067,-2.6375372,13.050612,-1.9111117,3.792353,-4.6401467,4.1861815,-3.6021051,2.3042688,-6.1679397,-0.81640464,-4.733236,0.57814676,3.063472,-5.036942,-1.4614007,-1.2714273,2.6618886,2.6756325,2.9878788,3.957254,2.7237318,-1.4413345,1.4705219,0.5720032,-3.5885427,-0.267243,0.06744812,0.5006817,0.48445597,-1.4090405,-3.5570757,-1.6879151,3.4996176,-1.8861349,-0.29865235,0.122886404,-0.66287756,-2.7906542,-1.9579672,1.4626528,-1.134038,-3.206569,-0.9785076
UBAP2L,-34.501286,-8.657247,-4.581523,6.204429,-19.35135,-3.0281305,-11.359946,-8.347242,-1.1458739,3.541236,10.134633,0.6240037,-8.026622,-4.5065703,7.2625003,-6.6549597,-5.170231,-2.990241,-2.2993817,-6.172242,-1.5789734,1.0678087,13.129451,-4.784455,7.0229244,-3.3607795,0.4104779,-7.38293,1.5838429,-6.252742,2.1123655,1.9442123,4.095549,4.237915,-2.8023021,2.7066438,-2.536142,-2.422088,-1.1599084,-4.7484035,4.98848,0.70296586,-6.4095683,0.7456667,-1.469837,3.0206687,3.8953934,-5.1225967,-1.0348349,-10.129931,3.7177508,1.6888562,-2.0407577,-2.1947217,1.483936,-3.8257427,-0.124156475,6.2476463,4.399629,1.946983,0.9453177,0.41090146,-1.1808913,0.2803177,-5.2878213,5.414308,-2.7198927,-4.4102488,-12.933002,-0.21392106
UBE2E2,52.409695,-15.143566,2.3586571,-10.220945,-5.9188395,-0.8010813,-7.1916375,5.6757407,2.0461726,2.4153385,12.85235,2.034991,9.422548,0.41405758,-4.1953025,-2.56709,-2.711485,-1.0675036,-3.991517,-5.946716,0.70427096,-1.8969048,-2.9064748,5.356283,-3.6764245,1.5058688,-0.71950346,-0.43229774,0.3871134,5.0501637,-2.4758928,-3.2291033,-1.743412,0.857051,0.35748142,-2.2107856,-1.5981171,-0.552911,-1.1960834,0.4142735,2.8852522,1.4769087,0.0790273,-0.10792361,-3.668198,3.606697,2.0611894,-1.0818754,-2.5837307,2.2696044,0.04457276,-0.5170738,-2.7518206,-0.19203469,-1.1063483,-0.2029373,0.8066969,-0.7728755,-3.0598593,1.0913159,-2.689784,-1.1675161,-2.5079691,-2.7584376,1.2725145,-1.2122104,-2.4594154,0.45858693,1.6767808,-2.5708027
UBE2I,-1.3150033,-0.36245772,-15.017237,-1.2671422,-9.039465,-7.408435,-2.169626,9.161629,-15.272481,-10.223226,5.0735655,0.40677744,6.172937,1.4874518,-0.115886845,3.354398,5.7400594,5.3884535,-5.4244914,-8.749202,-2.6738782,-1.363838,-10.655941,-3.7293901,2.415322,3.7352266,7.102681,1.4066135,8.956361,1.0465721,0.6664256,-5.138952,-3.4567857,-2.0138826,3.580147,0.18692377,3.8823836,6.933812,-6.2169814,1.440579,-3.61277,-4.6010876,-5.429394,-4.7682176,-2.070721,-4.9248514,-0.46366104,1.4775324,2.8357072,-1.0096219,5.4596534,7.3990192,3.5235286,1.5925462,-2.9359276,-0.2820923,-6.259905,0.15875104,4.281148,-2.284569,2.7656896,0.7733094,-1.2635374,3.0209308,-2.6448572,3.8352363,1.146257,3.3884401,4.1787777,-3.7156153
UBE2L3,39.244766,25.451427,42.91922,16.472416,-3.0975347,4.871487,-6.3882613,-3.6966703,7.9144864,-5.131728,7.469472,-17.213558,-9.206735,2.0581458,-1.9689734,2.6503308,8.868003,2.6115942,2.001463,8.201678,5.461033,-0.79637975,-3.0159523,1.2071635,0.2353231,2.486853,5.6624966,-6.0966616,-0.33177787,2.1812344,-0.7343306,-11.384934,-3.7144585,-3.7608318,-4.9945855,1.2860376,9.310043,-2.877172,2.3094673,4.747726,-0.53410006,-2.7049463,9.417016,-3.6538796,-3.0566816,8.265578,-0.6629612,-0.9245221,-3.4518435,4.064837,2.79118,4.683163,0.62826073,-2.068533,-6.5803294,-2.2378895,-0.7182743,-1.5062678,-0.19642238,-3.4275134,-6.7085176,-6.3556104,2.1472008,-0.17235887,0.86389905,0.29150656,-4.6200976,-3.4059734,-7.075901,2.5118773
UBE2N,-9.670382,14.619201,1.2565538,-14.608264,-12.701383,-6.4731054,-0.46324536,-2.4526496,-8.508163,1.3394096,-4.3146315,-0.15235202,-3.4099088,0.34882155,-1.4041471,-3.3534622,0.38238037,1.7966005,2.1802626,0.06761011,-3.5143504,-7.39465,2.175567,-1.9287106,-4.103351,2.3137677,-0.6648919,5.1953297,0.7678474,-1.1332619,-0.19641553,-0.4914348,2.6710105,-1.882462,-4.8372583,3.0480764,-0.20706803,-2.5688717,2.5316675,-0.9728188,0.533755,-0.9156319,0.5742312,-2.4771338,1.8218098,2.2473874,-0.7712169,-0.8207569,-1.2494575,-6.0583735,-3.485298,1.7324792,2.687748,1.0913509,-1.2254795,2.2795212,0.6555931,1.4551467,-0.97607446,-1.1566762,-0.66644406,-6.4292207,0.3103527,3.9338655,-0.38644552,-4.6996517,1.28374,-0.90886754,-2.8515325,-2.5244927
UBE3D,-10.129925,-7.4648128,0.2694678,10.502376,-1.5261453,1.5821729,9.542743,-12.296162,-1.2543443,-6.2930274,6.4577217,-1.1406785,6.3500304,-6.0586634,2.8163772,3.2492962,-3.2194767,2.1299255,-0.2944666,0.16215612,4.606444,5.661172,1.6998967,1.9192091,3.267694,-0.26567775,5.586862,4.187359,5.845671,-2.2888453,3.771982,3.3632429,1.9227039,6.4322386,2.595783,5.389763,4.1045,3.7267828,0.26514137,0.14205964,8.548452,-2.3007236,-5.4977946,13.766097,0.44018427,-0.5666897,1.6851246,2.890495,3.7097328,0.51547617,-5.896846,-0.55004525,-1.6943183,0.4914461,-4.5911555,-2.0414329,-1.8473378,-3.5977297,-3.4330049,-2.8907125,0.51634705,-5.6980906,-4.0516973,-2.6990821,-0.8120515,-2.5447407,0.21100923,-1.4385041,-3.8448305,2.6562972
UBIAD1,19.207771,-3.097693,-9.902489,-1.1565003,-0.56988233,-5.634633,2.539744,-1.3777298,-3.8803208,0.78889817,-5.40639,1.891357,0.6287371,-1.1056778,0.9275389,-1.1646554,-1.6565746,2.9490168,6.2024465,-2.9123554,5.6218657,-2.1163507,2.3491724,-5.568192,3.053251,2.5070565,1.1431624,4.0768223,0.5537073,0.86139345,-0.2690489,2.9976559,-0.7349338,-1.5558846,0.2349082,-0.17859457,-1.3208455,1.392114,3.1513584,-1.655005,-1.1432534,-0.4366648,1.2888623,0.24868318,0.5512211,-1.2988213,1.1614237,1.8744982,-2.3178034,-1.1630218,0.7671819,0.1536092,-2.115831,-0.26312393,-0.7089333,-0.5430525,-1.311916,1.7260009,-2.1382177,1.9064218,0.7115663,-0.7493562,-1.5004956,-0.5414235,-0.023707,0.88372916,0.8113404,0.7753799,-0.47043303,0.58168244
UBR1,-11.009267,-8.7720585,-15.898219,5.2098985,-6.180505,-2.512398,0.9802077,4.1058106,-10.195043,-3.269994,1.5096977,2.2439463,1.6932186,4.631981,0.16298121,-0.45550656,8.429962,-2.1934106,-5.4319835,-7.5721684,2.9626882,0.95168036,-5.4880295,-2.6199005,0.9192095,2.3602576,6.508931,-3.5002084,5.2960725,-1.0467533,0.26119635,-6.0916343,-3.1954455,-5.4437494,1.5416509,1.2122022,1.8867443,6.310035,-4.4634666,1.0798416,-2.5990834,-2.836159,-3.4794369,-0.91932786,-0.3483727,-4.1551204,-2.845154,1.0466043,2.7797723,-0.6258635,2.3487742,3.736106,-0.72982645,2.594107,-3.3846767,1.8004041,-1.970425,0.5432825,2.7797318,-0.02258744,1.0946897,1.5847774,0.71625155,1.7727004,-0.13060413,1.1262829,3.0819514,1.6786122,1.5383797,-3.5221865
UBR4,-4.9335485,-10.896588,-15.242107,3.463293,3.3026772,-17.982603,5.1444917,-0.2320155,-2.1344438,5.499065,-6.8337054,5.8588843,-11.384063,9.016545,2.0486372,-12.783622,9.3630905,-0.103383675,1.51809,9.646621,-0.4250507,2.5253012,-2.6372824,-5.101888,-8.698062,3.5381866,-3.6933243,-2.6122713,-0.97652817,-0.20341936,-2.5337315,7.023255,-8.303528,-6.2807336,-1.0480295,-2.3946989,-7.844739,5.227583,-1.8640443,-0.33854175,-2.4357505,1.0932189,-0.40173566,-3.9544456,-1.3791558,-1.0291272,1.5087507,-0.6114804,-2.4957702,-0.25016087,6.4567423,1.4314998,-3.485505,-1.0606837,2.6258228,3.08664,1.3146075,5.8720493,0.09767676,0.118128344,1.7604815,2.297123,-0.62095135,0.1873979,1.8587276,-1.2499198,0.8267169,1.7607986,-0.88853514,2.396863
UBR5,-1.6914428,29.112099,-10.194779,-7.698902,-17.758879,-8.512464,14.077229,-9.18349,-5.2143626,7.474186,0.49538174,-1.5786325,3.675319,1.0763744,-0.81924266,1.7202625,12.0716305,-9.114076,1.0325074,4.064876,-7.3217993,-3.652827,-3.9237857,-7.9208913,0.5821523,-1.5637323,-9.900444,3.9714208,1.1717632,6.7905574,9.02815,-6.6027164,-2.5009592,6.526813,2.1341987,5.126514,-2.628087,2.1234088,-6.449538,1.894589,-2.2992604,1.0017267,-2.5375698,-2.1810958,7.5229783,-1.5560073,1.8475536,-9.328486,5.1017404,-1.9440291,6.497824,7.4865155,2.486724,1.6188691,1.3056761,1.5918797,2.1015122,-1.0118129,-6.5545883,-0.06921397,6.35765,5.1407948,1.174327,3.9291787,-2.3513947,4.6434865,3.3877785,-1.0179932,-1.2452465,3.6331773
UBXN1,20.567986,-42.677666,49.404568,-11.136951,7.509645,5.757503,-7.941372,6.7909746,14.263773,4.3781943,8.926788,-6.080163,17.03757,-14.197036,5.6464005,-3.6034687,5.78739,6.1150126,2.804986,-5.4314184,-1.0952278,1.203142,5.1582985,-1.8097321,-2.0439847,-0.88482404,-4.0559845,8.18307,9.341575,4.1930337,4.5320725,-1.0965636,-0.81515324,-1.1542984,3.2769723,2.2727349,-3.5772843,-6.942585,-2.4644892,-0.9107201,0.8608699,5.5989094,-2.9704795,-3.8624692,3.2915037,2.9476933,2.165205,0.14058678,-1.2927247,0.26281494,3.2902062,-0.16654095,1.114669,0.55530614,-1.2215527,-0.65051264,1.4549038,1.0653789,4.377345,2.3128822,-0.0001988234,1.6222552,-3.8323686,6.8208013,-4.096842,-3.1940475,2.670209,-2.7215548,4.55325,2.418376
UCHL5,-24.452728,-23.799044,-3.6545205,0.74234486,-0.9024595,3.552408,0.6860991,-8.51715,-8.674374,1.1024442,-10.6043825,7.2278724,-5.446858,-5.7457,1.1690613,-10.321775,-3.4750319,9.619772,-4.25688,-2.6783733,13.123344,-9.34287,-1.4173149,8.228204,3.1109009,-7.7350073,2.838216,-5.0445404,-0.7563066,-5.3756776,-3.9603953,-2.1477528,-3.3808622,-0.7908215,-0.22617632,-2.929366,1.7263173,-1.0192276,-2.8792493,-3.1832418,2.4695516,1.5122033,0.5544863,-2.2560353,1.18302,0.17268625,-3.0728745,-2.8201063,-2.3407893,1.7200159,2.18229,-0.16838391,-1.5557727,-1.3500032,-2.0638752,-3.6337652,0.2321066,-1.8054236,1.4973818,1.0247521,1.1555619,-1.0936235,-1.7448602,-1.5351732,1.6765931,0.8440508,0.31640676,-1.0616263,-1.1161433,-2.294737
UFL1,-8.983709,28.414627,2.12692,-5.100879,-20.209656,24.46984,-9.596292,9.359582,-9.161861,-6.193197,-5.587736,6.2066684,5.238666,5.930883,-4.899557,4.0448856,-1.517244,5.3360376,3.5678763,0.8965965,-0.7097421,4.7106996,11.553255,5.018051,-6.353991,3.8803794,-7.515356,-5.9265137,16.327757,1.6794447,2.7388911,-2.0522172,0.49018562,0.47601062,4.853925,-5.24715,0.34396482,-4.667653,-2.4402473,0.9421871,-9.426105,-2.0317953,4.2847123,3.6677556,2.149303,-0.8979957,0.19917937,0.045136616,2.083668,-2.0390735,-1.5376146,-1.0485735,-4.2788363,2.3487396,4.9167333,0.13260321,-4.8326254,-2.8427866,-2.1791146,3.3407962,-2.5972836,-0.6723669,0.35838607,-1.281293,-4.3339996,-0.008000291,1.8215678,-1.588955,-0.8185942,0.5538052
UFM1,-15.164775,24.669106,-3.4709232,-1.4120679,-26.701378,40.606255,-16.654274,20.427557,-13.078579,-4.4779468,-11.176096,8.525428,0.51783866,13.690292,-7.460469,5.8417826,-1.502909,0.39115772,2.771019,0.034717623,-1.6995474,5.919248,8.41999,11.061751,-7.542988,3.1250076,-10.424886,-1.350399,24.082184,0.76780194,3.8340545,-6.4717264,7.5346622,-6.0281744,5.3368893,-6.5114875,0.12560481,-9.4942045,-0.8586182,4.612721,-14.074767,-5.485713,2.9310775,7.1273375,4.8693714,2.957634,-1.1647848,-1.2256413,-0.8153596,-1.9276826,-0.6627235,-0.15904362,-3.8744,4.430854,3.4695945,0.7954539,-3.742735,-4.7159147,-1.7257266,5.6970634,-1.3067728,-5.1321187,1.4694997,0.14777966,-5.3702393,-0.06697077,4.4325933,-1.6021535,-4.6244106,-0.14285894
UNCX,-29.857841,-11.244611,-2.792669,4.51175,-0.91022766,5.4566255,0.20888628,-3.929044,-2.168316,-3.4026015,8.367551,-1.6373675,-0.8263116,0.3969839,-1.6211989,-5.5154033,-1.765087,4.7671046,-1.3559637,-2.0053415,-3.1111245,0.04523639,1.4743625,-0.6057988,-2.1040387,2.7598367,-1.1218884,-0.8535555,-2.3345582,1.3985715,3.867539,1.6098002,0.17327546,-3.665827,-0.29430166,-1.9513708,-0.71026564,-3.5605085,-0.6066884,4.457581,-2.7438085,0.46283218,0.5105943,1.1243608,-0.38039613,-1.1033978,0.09888664,-2.4624393,1.718607,-0.47334564,0.21792981,1.9678738,-1.5010371,-4.305762,-2.2018306,-3.875492,-0.23580964,0.98173577,-1.8821462,-1.7868824,2.7301114,1.1710954,-1.0461525,2.0316117,5.3844266,-3.3932512,-0.53025657,-1.5219053,-1.7444359,-0.14125724
UPF2,-15.960543,-9.416285,0.5422002,6.647324,-7.4715934,2.437773,3.4120684,19.46399,-9.347517,-15.872347,-1.4653883,-7.244879,6.665324,-4.190338,-7.171541,-20.763947,0.93792343,-11.934556,-9.791734,10.180239,-3.670069,2.2214217,4.992768,-3.5540748,10.6631365,-0.27572364,0.9271053,0.6702245,-0.7895691,-1.9686167,0.91213816,0.371961,3.234574,-1.6943382,1.2301707,1.1879076,0.47996464,1.5978436,-4.390699,-2.9109902,-1.0407139,3.2833714,-0.100436054,-1.6904776,-0.6926746,0.50298685,2.0952075,-0.07166075,-1.0027838,-2.7353795,3.4707472,-1.9995414,-3.8282268,1.4837174,-3.0942926,-0.0929277,1.0867783,-0.18974024,-4.867127,-1.8688209,-4.867652,1.0839833,-0.49467963,-0.290142,-1.7547923,-1.2818291,-2.95977,0.9739203,-0.5687922,2.0458412
UQCRB,-17.44491,21.27464,-14.708156,-7.6402125,19.040676,-5.461731,-6.181721,1.1131467,1.5370804,-0.93214166,-2.589755,-0.8593222,2.86431,-2.6249783,-3.41554,2.328378,0.43429974,-3.8854034,-0.81424993,-5.331101,0.44828045,-2.9775634,1.5125962,-0.48907948,-1.825897,-2.2487478,-0.7148604,1.2761334,1.318438,-1.173207,-1.2152774,-3.8408706,-1.3670875,-1.2854978,-2.1184266,1.8252525,0.5940017,-1.7446743,-3.3033843,-2.2456365,-3.841336,-1.6136763,0.084749736,-2.483053,0.52792853,-0.38900614,-1.0627468,2.7645445,2.2939017,-0.22025037,0.4011705,0.3460603,-0.56473887,0.07011079,-2.6828837,0.77228266,0.15440737,-0.5952104,-0.0909185,1.0416074,-0.56397825,2.7009838,0.90042925,-0.5972653,-1.5208318,0.35410187,-0.30269608,1.3717438,-0.1793616,0.44765612
UQCRC2,-9.832552,10.146855,-14.988547,-5.7358932,14.385081,-0.41825566,-4.9347577,0.92642593,2.7242835,-2.3067377,-2.5708363,-4.8846264,4.0825863,-3.1551287,-0.3248585,2.093803,0.44362,0.18791616,0.4740327,-0.14862426,-0.30616784,2.620243,0.59615046,-1.109901,-1.3948363,-1.0097778,-0.2748684,0.88331217,-0.24312441,-0.31254706,-0.08319545,-1.0646455,1.8869449,1.0854131,0.50491565,0.45618907,1.2297913,0.21172076,-2.7451181,-1.7095462,-0.20820473,-2.4373577,-0.15887547,-1.4396828,-0.5260912,0.8891043,-0.5392059,0.27611163,-3.0215778,-0.2119205,4.2492237,2.3545122,1.7051965,1.5297996,-1.1431128,-1.5267063,0.9721527,0.1999069,0.56391597,-0.6000108,-2.5924096,1.0026245,-0.38514104,2.626273,2.1162283,1.9498748,-1.0023917,1.5691359,0.5456652,-0.2634663
UQCRQ,-15.5134,12.996752,-6.070801,-4.8025885,18.916033,1.7342077,-9.58471,0.21044609,4.2588377,-0.23861614,1.4746336,1.6309059,-1.930111,1.79165,-0.07162748,-3.25922,5.189345,-0.31302124,-0.051747546,-1.0025747,0.6919919,-0.55209506,1.3816078,2.349827,-0.9406545,0.7231893,4.253229,-0.16222605,2.653767,-0.46964234,0.7840828,-3.3418374,0.44032064,-2.0801358,0.3719427,1.6704645,-0.36236173,-0.6551036,-1.9846491,-1.1681635,-1.5801067,-1.6862491,-1.229695,-0.08606853,-0.8772038,-1.9114474,1.850684,0.66217315,1.3402832,1.3092937,-3.7023644,0.72798026,2.005995,1.0263174,-0.733063,-1.8466256,0.805905,-2.2723155,-0.39600083,1.1351163,-2.0490441,2.8520815,-1.9525294,0.897359,2.110824,-1.2305369,-1.6903356,0.6935421,1.0954618,-0.22944875
USO1,18.82255,-3.7599096,-12.045763,4.968061,-2.465718,19.966331,20.260414,15.897786,5.7439823,-15.014754,-0.48314267,13.417113,-18.252115,6.408236,-14.377832,-4.312209,4.936427,-1.2991714,0.15129569,-6.531004,-4.129009,1.055555,-3.5638962,5.9419627,-5.3415675,0.51679057,-0.20541334,5.5599627,-6.666825,3.8298306,-3.3972,0.57332563,2.4374917,3.5177763,-2.8992908,4.508981,-5.944793,2.7010999,-0.26110372,-3.377244,-2.5190868,-2.4441547,0.107913665,4.540315,-1.8729727,3.186524,-1.2203635,6.5692368,2.4377327,-3.6434338,12.018614,-0.45579076,-8.208278,-11.573821,-5.938548,8.925836,-6.4455543,5.4922805,7.852926,2.799043,-4.30169,1.3129513,-4.3766174,-3.625711,-1.3479028,4.8026366,1.710939,-3.037621,-0.18612356,0.18299118
USP22,32.577095,2.8610508,14.903652,10.605347,4.1479526,-1.4023763,-14.90023,25.966793,-7.8329163,11.5329,-1.9446464,19.387022,0.18879859,-7.7598314,-3.2944143,-2.4223714,-8.752723,-2.3661463,-1.074936,5.624911,6.363834,5.1895494,0.72778803,5.5359683,-3.7355366,10.655593,-2.0544395,5.434173,-1.8105721,-6.129973,-4.549025,-10.908336,12.797958,3.3516195,7.585426,2.9192903,-3.181658,-2.040161,2.2563176,5.9620976,12.869294,0.49356693,-9.708714,-2.8765337,-9.015332,-0.29807124,-8.325064,-5.562062,2.6246445,-2.163733,3.3638463,7.354336,1.2454631,5.4770555,6.3504496,4.3933187,2.798226,1.0632522,-1.4544252,-4.318906,0.16234013,1.6943123,-5.332211,-1.280069,2.7647736,0.22348101,-0.2085695,-3.487779,-2.0451312,3.972058
USP7,14.481221,17.957325,6.389469,-4.784692,-5.870926,-22.498697,1.6076303,-4.236043,2.9999435,-10.180243,-11.184681,-6.700204,2.2255344,-5.722977,2.2717562,8.05133,-0.41022035,3.4574068,-10.285135,1.6063334,-4.7834296,2.5325089,1.5033895,-6.3603864,-7.5572987,-1.2370503,-2.097642,0.48648214,-1.8463641,-2.3165169,-7.058313,-2.226887,7.8271785,-0.66558987,-3.3753135,-0.24322759,-2.5209012,8.460018,-1.534118,0.7385458,-0.59175694,1.0089631,-0.6791867,-4.8255506,4.6323028,-1.4657457,2.5083916,-0.17376022,4.4596705,1.0195391,1.4282355,0.2832266,-2.248147,8.499255,2.0694149,-2.5096493,-5.039168,6.345934,-1.6809793,3.210357,4.60077,6.417122,2.2039576,-8.462244,3.558154,-3.4820993,-6.638432,2.0852456,0.62544096,-3.4719338
VARS2,-7.645674,17.784477,-23.050884,-10.324732,29.085585,2.3888707,-9.870597,6.6200213,1.3393955,3.7815537,-1.2525544,0.31090495,-0.5613787,-1.0076063,4.1282034,-2.1992552,3.3487415,0.0704374,3.4946594,1.1877633,1.9330263,0.82887775,-0.340172,2.2511218,-1.7713203,-2.0122628,-1.3131908,1.8423364,0.8201662,1.5690315,1.7835797,0.3966797,0.013257349,2.1592693,-2.9365332,1.8955097,0.3873249,1.881666,-1.619384,-1.6844225,0.038405925,1.8678886,2.2648728,0.20934656,-0.3704969,-0.4821291,0.6142573,0.2231135,-2.0507786,-0.4687946,1.5320436,-2.2148714,-0.06764513,0.9144716,-1.0854876,-1.0376484,-0.3054929,-0.59792125,-1.8720714,-0.6933486,-0.97139996,0.02472596,-0.9861177,-0.13069135,0.7429865,0.8443695,0.6906823,-2.551729,-0.1923018,-0.37325898
VAV1,130.62149,-21.38306,-31.545729,-9.406737,-0.61216134,8.141877,2.5244038,-8.168414,5.5833254,0.20963171,1.6604216,0.08829117,2.1210291,-2.6916056,4.1301703,-1.6310635,-1.1897347,1.3221296,0.62265325,-4.4071374,0.2026,2.6522162,1.764866,-1.9521452,2.1136947,-1.0672292,-0.6971028,-1.1119915,-2.7813618,3.4279263,4.781904,1.1228364,1.4195337,-2.3585668,0.83639985,-5.2559314,-5.717547,3.7366147,-5.6507983,3.8465326,-2.1718435,-1.0361885,-1.6907307,-2.97157,0.4202106,-1.8141077,1.8587695,2.3415847,0.08318511,0.19315854,2.2042987,-2.4162378,1.7678621,4.958532,-4.644811,0.13319032,-5.0963182,-3.6835093,-3.3498616,3.411317,2.7516656,-3.6871908,-1.8021973,-2.1512485,-0.63528806,-0.037740365,2.2425508,3.914157,2.279126,2.6658764
VEZT,-4.7383857,14.32876,-9.011585,3.896796,-16.19391,-8.874147,7.039027,5.513103,-2.2009487,0.33037063,1.9298819,2.8777204,-4.0809584,-3.2212346,-6.9850388,-2.7667708,0.7704429,5.72561,3.4727335,-2.6726105,-3.3211884,-1.879102,-1.6720228,-4.3641353,0.08585546,-2.2520912,-0.7771146,-1.8015766,-0.21116889,-0.8019631,-2.5998845,1.9559703,0.069103494,3.3859415,-1.5585974,-1.9813534,1.6189002,-2.35969,-2.5615118,-1.7448461,-1.0236962,0.5998792,-1.607699,-1.5390822,-2.0801313,0.57375836,1.5836668,-0.07718344,2.1721454,-2.1966028,1.6493421,0.7271343,-1.4737369,0.19200572,-1.0387655,-0.38070428,0.83858573,0.68235624,-2.8246942,-0.48995855,-4.889072,-1.9632589,-3.1816485,0.936157,-2.7310107,-0.20473053,-0.27401277,-0.4684288,0.31686422,0.99163914
VHL,0.67452437,2.676935,-0.51641846,0.89372486,0.79486924,4.1633096,11.508565,5.324147,3.171268,6.941268,3.5806956,1.5544969,-3.796911,-8.271095,0.5677677,9.240045,6.691321,0.24254082,2.5499353,6.3220754,-5.739853,0.7700428,-3.7143495,-1.3411053,4.332142,-1.8665245,12.735139,-1.1397918,-1.7063812,-3.1560645,6.1304708,-3.9880912,2.6280527,-1.188406,1.170141,-6.7047462,3.42566,-0.8485606,6.5197673,-0.65298796,-0.8444698,8.143519,0.4159327,10.687581,-7.6256113,10.618259,-1.8312058,-4.483509,-1.7353928,5.7045045,0.36941904,-0.8956361,1.2656845,1.5789305,-3.4526858,9.123255,-2.449857,6.304146,-6.2146783,3.2345562,4.4742074,2.0968769,-0.021469649,2.2073815,-5.112214,4.5914035,3.3731556,6.6137915,-3.1197042,-0.971994
VPS29,8.588937,-36.203663,-1.797773,5.5162706,6.9300694,-8.236107,3.8086493,12.544926,-1.0266161,2.1418598,-7.4115753,-8.223839,5.378982,-1.722471,3.484547,5.930946,4.8182635,1.8999178,-5.397818,-0.1427343,-1.5541861,-3.2898865,3.0901515,0.49821427,-3.672098,-1.2744919,3.8658242,-3.217473,1.9416708,4.1717086,-2.2830236,-2.4526951,2.0485919,-2.0939107,2.839787,-1.5046272,-1.1119205,-0.12954012,3.2840009,0.7184981,-0.5282195,-4.645161,-0.62915015,5.5027823,-5.114241,-0.366239,1.363434,1.3033372,-2.284212,0.19163692,5.0030437,0.7278531,2.8720577,0.599351,1.7409308,1.9977652,-0.9359312,-0.63903475,3.1892774,0.54400253,-3.9012673,3.3991375,-2.005505,0.7601063,1.3129641,-2.0901105,-1.0221202,0.35922655,1.7972414,1.3716776
VPS35,16.716427,-16.464815,2.6605537,1.1230204,1.3621684,-9.915533,7.5087566,7.7554216,-0.43297797,2.0562263,-7.400264,-5.5900235,-1.2398499,1.5770508,2.6430895,2.2382555,1.3465873,4.2293854,-3.9726856,2.4428272,-2.2493281,-2.534235,5.146801,-0.8245672,-2.9585407,-2.541145,6.0190277,-3.7599163,-0.49314833,7.1484323,-4.6484795,-0.33635494,1.725794,-5.1278715,2.441854,1.1773307,-0.29056215,-4.3294473,4.301982,-1.7848835,-0.015184867,-3.336132,-1.760428,2.9480307,-4.6561813,-0.9222817,2.6436653,-0.5074505,-1.6469543,0.6629263,2.7389946,-1.8400074,1.7106774,0.60791415,0.6363078,2.3516283,-2.415002,-2.816364,0.2947447,0.19330974,-5.403026,2.9557974,-2.1879902,-2.5277553,-0.8902487,-0.009756057,1.2912887,-3.0365455,0.8454679,1.3461543
VPS45,-19.74018,-4.561018,16.67783,-12.355189,5.4762177,1.9202213,0.12703691,-3.6634984,-7.231441,-3.5685868,-1.2329627,1.0766627,3.016069,2.0923634,-0.89883655,1.5303526,-5.1961656,-0.8793267,-2.4140482,-0.105625115,-1.756074,-0.4974414,-3.5544798,1.8492417,-4.0581255,1.9009196,2.3176332,-1.2530248,-0.17573947,-0.24209715,-1.782786,0.36823386,-1.0569991,3.7951279,1.0383085,1.7357235,-0.76509446,1.6626335,0.5377452,4.544276,1.9511254,-2.3509548,2.7989426,-1.2234572,0.48970804,2.2019174,1.5097464,-2.835533,-1.4969363,-3.1855912,0.77729315,-0.24725746,-0.9230565,-1.0425353,2.2749946,2.137093,1.4663703,0.9558137,-2.5346675,-0.36468863,0.29605204,-2.7959113,-0.6890147,-0.17173025,1.9496307,-0.6381525,3.1528027,0.8524538,1.8690325,-0.8533971
WAC,-31.164398,-21.910475,5.703426,-6.379357,1.9841135,18.679743,24.532104,-29.179226,-0.2867043,-1.4243107,12.50511,-23.797478,-3.574957,5.3455234,5.809947,-15.925847,17.609514,11.554951,-6.1259027,-10.89805,-11.587869,-5.8522067,-6.825682,5.8158965,4.140701,2.8469026,0.9193219,3.222557,-6.5223713,0.100030124,4.7256927,4.5430837,7.7914057,-6.0511107,-6.0164003,-3.8364882,-5.634177,-3.3523998,1.0437263,0.46864185,-17.656628,12.736803,5.965832,8.993792,7.916438,-6.4303246,5.785634,1.6251225,-3.7621455,2.125252,7.5990787,0.75379306,4.1656747,0.4725189,1.3720269,-4.7516766,4.415036,5.3684716,-1.2863628,-0.4832252,4.02722,4.5657506,-1.8810387,-6.947162,0.67687404,-0.5614791,-4.961414,0.62170154,-7.11195,-10.9385
WAPL,28.853354,-0.6047493,6.367088,9.352385,-1.1254809,-0.969628,-0.46995732,-1.7496492,-1.3543384,4.2903824,-0.8791278,0.70139164,-10.293103,-2.566427,0.08771007,-1.6106129,4.095011,-2.223731,5.47594,-1.548225,1.4789767,2.17819,-1.9066361,-0.4469296,-1.6646018,7.608895,-3.3238719,4.41365,9.115187,5.6786194,2.1334648,-7.371296,-1.0452762,3.8218427,-2.8629816,-2.9192672,10.607939,-1.1386328,5.37175,-8.836643,5.846866,1.435038,2.1838837,-1.9719145,3.1171024,-2.2773616,-3.4611993,1.6457735,6.5924597,-5.3200283,-3.5683973,0.76213795,1.3688922,-2.8273351,5.015351,0.2556241,-3.3830018,3.1151085,3.5470488,4.628396,-3.7594912,2.3653533,1.6625928,-4.64667,6.6235433,-2.1424587,0.08314042,6.8806415,3.022073,-4.79114
WDR54,13.271672,-24.408934,5.4677095,1.6292342,-0.4867931,-16.22299,-1.1612883,9.28109,0.0055867997,8.555851,2.579429,5.824329,6.004087,-5.5711474,-0.49299416,3.6123567,-0.7633092,-1.5930681,-4.8461742,-5.00106,0.21957037,-0.03234251,0.09536001,0.57671976,-3.2186873,-0.4171523,-3.4686975,0.5369521,2.6678946,7.487521,0.3325412,1.3497248,0.23058975,-2.8963563,-0.5311538,0.49117222,-2.9121394,-2.9296901,0.6660145,-0.0123961875,-0.6982023,2.272249,0.2133182,-1.0379076,3.0587323,-0.16523813,2.3634768,-0.7276053,0.4302385,-0.13573244,0.9698836,0.93075514,1.6902161,0.490539,-1.2522981,-0.37829298,0.56343615,-0.8199473,2.8008015,-0.95525545,-0.2944825,-0.66600364,2.625299,-1.7998092,-0.5387003,-0.2983483,1.1309855,-0.6966189,0.19151455,1.2899143
WDR59,-2.6847887,17.496078,9.138769,-4.3780556,5.4956727,-9.700424,25.82239,0.5593296,4.275201,4.5737267,-9.288805,-1.9250842,1.8216481,10.342698,-1.4239492,5.1352816,-3.734261,-3.701272,4.881929,3.4659743,-0.2557348,-2.0916474,0.61396146,4.732324,-2.1936452,-16.054356,2.762911,3.199967,-9.062435,7.3768535,7.52754,-10.650261,1.5808408,3.3211026,-3.1994808,-3.8914816,-2.5992362,-5.8675675,0.9595733,-0.23124522,0.13717145,-4.343854,-1.7728333,2.8397422,-8.791204,-3.1698143,0.52013844,-1.4020029,3.371979,1.18677,1.8154486,4.660336,0.7362475,0.26509595,3.011765,-0.5733326,-0.8222893,-3.2151706,1.002219,-2.4779494,-0.06643206,-1.0465281,-2.0545287,-2.5798552,-1.1594447,-0.872341,1.2488136,-0.9756588,1.9567171,3.1518183
WDR82,2.873244,-3.2604723,-0.22653922,16.37685,-3.3171017,-4.2905827,15.017317,-15.476814,-4.6450047,9.39099,9.568395,-0.01816744,-1.4596552,3.6222825,-3.322991,6.3932843,8.101264,0.2228534,-18.637623,3.9658856,0.62248665,4.8372,0.4376938,19.846123,0.68043196,9.566208,-0.66897017,-4.9707284,-4.6050596,-1.131937,-0.013668314,0.45904174,-2.6963184,10.339793,-1.8752191,23.62642,-0.45944822,6.147258,6.8219476,8.277642,-5.9878206,9.235359,-6.6553464,14.101505,5.135277,2.142562,6.3114905,-2.8636456,9.589407,-4.816595,13.535845,-5.668245,7.8772717,10.120821,0.38416952,3.1889863,-2.9785426,-10.281488,1.5620388,6.13006,-1.4645828,-9.238672,-1.2102107,6.6947284,-2.7342858,-0.472658,-11.874434,0.16014604,-6.0635905,7.0589013
WIZ,2.7395582,-1.6803135,-11.528899,6.467741,-7.306808,-8.875864,-0.6615439,4.149964,-15.665993,1.0415008,-4.6243944,5.5080996,-5.3339834,-10.011846,2.1295452,-2.6189244,-5.4327,-9.650831,10.443371,-10.578511,0.7103453,-5.020616,-3.643847,-0.17416544,0.8520217,-5.1891327,-2.6940556,0.8910932,3.3958108,-2.1623886,-3.661174,-0.4145866,-0.49438915,6.5636897,1.6415013,3.8412797,-6.9349327,-2.9537585,-7.247093,-0.24878998,3.491841,4.281896,10.321565,3.8869884,3.810372,-0.12924848,4.2886257,-6.2165704,3.90719,7.7788773,0.83406794,-2.0976403,3.073541,6.5089912,-0.32198858,5.8839755,0.9529595,5.436792,-2.9474723,-0.6401564,-0.10082989,2.679758,-2.8150003,3.5361967,1.2512945,2.2257636,2.3178005,-4.0720267,1.3192902,1.6238794
WNK1,-8.034283,6.569798,12.657624,-8.584471,-6.0229125,-10.868578,4.964475,6.925845,-6.41477,2.2654004,-3.3736415,-0.93157053,-7.1764975,1.1429113,-0.7246918,-0.6832392,-7.365531,-0.83227813,-1.4798079,7.0102944,1.499022,-4.5517917,1.2903514,3.1345057,-0.969235,3.0907922,-2.657439,-8.807198,-10.655914,1.2413164,-6.055496,3.2821941,3.6504822,1.0194983,-0.70368826,1.2712297,-6.808277,-4.699691,-2.5789313,-0.66390544,-1.9427052,0.67558867,4.1027923,2.3809614,-3.9941564,5.6369853,-1.8231642,0.23207615,6.533384,-0.37944785,-1.4132456,-0.7325479,-7.4583316,-0.6168744,2.6845682,0.4972441,-6.264468,4.074702,4.030403,-0.8547449,1.6612282,3.0959206,1.358602,1.0516233,1.9899124,-0.23359661,-0.9438577,2.9423258,1.7632859,3.95196
WRAP53,-19.032722,-12.317525,0.47561452,-5.3327374,-2.1712317,10.038819,-0.41082144,-6.6153517,0.07003405,-0.5907732,1.0661622,-6.575635,4.761214,9.674573,2.353742,2.047701,-0.8690713,1.6997446,2.3474963,0.7696444,0.70987815,-7.9038663,5.879337,1.5548517,4.658894,-1.3088639,-0.5857015,2.2021074,-0.404652,-3.4566505,4.994595,0.073370054,2.297557,-1.8286954,0.8589562,-1.3175503,-3.2917123,8.576717,-1.5602572,1.0960733,3.8114116,1.563407,-1.3137218,-0.6757211,1.9845226,-6.409982,2.199385,0.9125175,0.7610077,0.5863968,-2.3894439,-1.0003998,2.191906,-2.0683877,1.983469,-3.602521,0.13615899,-0.7745362,-1.1215848,-4.710158,2.246,1.9154307,-1.2063533,5.2873945,1.0016148,-3.4224434,0.21962745,2.321416,-1.6504067,1.4889781
XBP1,-8.571545,-12.678545,-3.2281685,-5.952195,2.33666,-10.595144,6.3916907,-13.826075,-7.634856,20.768417,0.316198,-5.131594,10.023024,-9.114171,8.033715,-5.8041043,-3.048812,-3.9796066,3.634062,-1.6145108,-6.3559594,-11.035059,-4.3830347,0.106806286,2.042512,0.27428168,-0.770906,0.6504212,3.2722104,-1.5580868,2.223974,1.9851837,-0.4835732,-0.7471237,0.08676526,1.0430127,2.977405,1.3602135,2.7395244,-1.9409156,3.440014,-4.022935,2.2146032,-1.300129,0.79029244,1.9206452,-0.64967376,-1.9668511,-2.3954926,-0.8801872,3.292305,-1.1699986,-0.099729784,2.3517992,-2.7997837,-0.20050018,-1.203114,0.6785516,1.6032181,-2.9026742,0.5827532,-4.8379846,0.41429332,-2.1169064,-1.73147,1.294904,2.0550256,1.2601024,0.041130617,1.3020864
XPR1,10.030267,-17.561012,-4.024206,2.1964417,-3.961317,0.27114165,-0.98500603,-5.450142,-1.5292314,4.6110487,5.382271,-6.8399043,-6.3678827,-3.7231624,4.132917,-5.079696,9.425175,-2.6720335,2.972905,0.21744354,14.53743,-0.41951337,1.004541,-4.07736,-0.26638916,3.175471,2.4461656,9.142845,-0.3411048,-0.36535028,-8.15377,1.3427278,-4.136526,2.5256045,3.7347276,-1.313413,-6.458625,1.5089157,-5.502786,4.130081,-4.8657517,-4.6040716,-3.939942,-4.1966767,4.4668827,3.4102721,1.2018209,2.7626414,-3.156737,-6.404143,0.9628967,1.3083292,1.7035772,5.1155195,-3.136979,2.6876597,-2.8207283,2.0350027,3.8627543,2.6995215,-2.059535,4.723704,-10.755591,4.403465,-8.27014,-5.263411,0.18333149,3.6794555,-1.2663138,0.7071778
XRCC2,7.6830873,17.76732,10.313648,-9.949224,-7.185419,-8.651307,4.7595744,-8.665696,1.7215238,-7.4463396,2.3197012,-0.44396046,2.9628706,-9.581937,-0.7812455,6.6312895,-4.7717705,2.5921025,-1.1251998,-4.6198325,-0.33553317,5.5307164,5.001181,-3.1826472,1.4097538,1.6800264,0.74165493,4.7253437,2.524358,-1.2651368,-0.78666484,-3.1734989,-2.5959146,3.7606275,2.6237473,3.7626622,3.535414,0.042732436,-0.29262748,0.54954475,-4.901305,-4.4910116,-2.7849631,2.1221483,-1.8061674,2.6943448,-0.98728216,1.503585,-2.0918548,-4.651992,-0.021492243,2.246025,-2.135094,-1.3401922,-2.7282302,1.2014422,1.4859947,2.9738197,0.8558838,-3.153257,-0.13533142,2.5055652,1.0658734,3.852326,-1.825982,-1.0076721,-0.15995653,0.1152501,-0.719592,-0.3610149
XRN1,-8.454039,0.8535551,-7.330911,1.979858,-12.091454,-0.7561832,-0.01837115,-5.6906056,-0.91028583,-11.823835,5.2781487,-1.7921375,10.863837,4.566652,-6.1913524,-8.415486,-1.7581745,-8.386312,-5.578037,10.655719,3.542218,-0.21152829,-0.90672415,-1.353048,6.2817693,1.6796483,-0.3978319,4.096418,-4.301009,1.545844,1.0277109,2.278759,-0.007978716,-0.3105923,-2.1819298,6.740391,3.5440094,-2.3350391,3.681276,-3.6915169,0.79921967,-1.6224663,4.0750365,1.3614639,0.2585939,-1.8822838,-3.01574,-4.4746566,0.59014344,0.8385929,0.56483585,0.12559392,-0.3470374,2.877849,-1.8463607,2.6993425,0.50692654,-0.7291535,-2.0159411,-0.80310047,-3.3016636,0.39123172,-6.31341,-1.9258226,0.29057202,5.10298,-1.2046875,-0.34699884,2.5665064,-0.4639625
YEATS2,-23.764627,16.06383,-6.554669,10.494702,-13.877738,-1.0821768,-6.5707192,-3.406036,-0.4992866,1.9468267,0.70387954,7.045922,2.6301851,1.5092182,-3.7857184,1.509843,-3.62552,-2.6411347,7.492474,-2.155266,-3.5027578,5.357005,2.4375522,0.28293225,1.7211523,-0.531357,4.3024397,0.5330569,1.8352517,0.59472364,-1.9042404,-1.6911287,0.8406952,-5.4890423,-3.8965192,1.7373146,1.0355512,-8.500165,-1.23262,-4.474627,-2.8848622,3.3849049,-0.1735468,-2.6443198,-2.343641,1.1349112,-5.960224,1.2891283,0.45274082,3.934863,2.5427873,-0.030048326,3.5759134,0.4081619,2.125439,-2.8827047,-0.073166415,-2.6209397,-0.34884796,2.2302587,-0.32905382,-2.3699336,-0.55227655,0.114438556,0.92799795,1.1265295,-1.7651303,3.5521863,1.7236893,-3.4530811
YTHDF2,-22.042723,16.97697,12.514761,-13.712212,-17.375217,10.6226425,-14.170762,-3.1126144,-3.9266677,-1.1766455,4.729317,9.188513,-6.308768,-2.024004,-5.809367,11.031424,-0.20027317,4.6530457,-1.1872545,13.106138,-1.5662314,-6.6170506,-2.411979,-3.6225321,2.0987673,4.1308913,4.2450547,6.1653514,-6.463634,5.792954,6.704165,7.1050706,-6.1843204,5.1719675,5.094585,-3.9086442,9.978613,4.227637,-3.1808152,-1.5366886,3.1167283,-1.3022105,2.7483175,5.77273,7.1574535,1.900263,3.901909,6.3625135,-3.2924116,-1.0241642,2.2936165,2.7336993,-1.9453728,2.372418,-2.566145,2.5920665,-2.8758585,-5.6985126,1.837314,1.2711627,-2.1593745,2.346057,-4.00583,-6.5957484,1.5376669,-2.7512217,-1.2972709,-6.8041205,9.01569,4.596948
YY1,-17.762344,-17.606071,-6.4189277,4.2742705,0.8894491,-0.16413471,-0.07109518,-11.865137,0.8930686,-5.609429,-3.8445837,10.097946,0.29799035,-6.5376267,3.4034483,-4.4018006,-4.644311,11.458455,-5.5753655,1.8005291,2.1937943,7.2633977,-2.3258781,-3.0121155,-3.065937,3.3410854,6.667864,-7.3684697,-2.8250558,-2.7860427,-6.0027027,-0.94459355,-3.7654705,9.538045,-0.0029984172,-6.179203,-1.6114283,-2.7926126,0.36230513,-5.365416,2.6397583,-4.897068,-4.6212187,-0.42602035,1.4723679,4.347764,-5.9884543,0.96976745,1.9482236,-5.3986063,-1.5825794,-9.794028,-3.8021486,1.6293811,-5.5319686,-7.274014,-7.473393,3.2434692,2.6500294,1.0027106,2.7321393,4.5378633,-10.271445,-0.53473294,11.152675,0.8903418,2.91425,-3.146427,-10.079626,-9.866361
ZAP70,156.65341,-12.011894,-29.029274,-15.827275,-12.180066,11.714983,-15.959587,-14.75547,-2.5807853,-16.291441,2.8957677,3.591429,-6.7372193,6.7072725,-2.3773925,-2.0987594,-1.1859189,0.30962902,0.8641452,2.1540627,-5.791165,-5.547206,1.1211424,-3.4294713,-1.442212,-1.3557762,0.0953383,-4.9871426,4.7310867,1.9297222,-5.5933266,-0.511354,-2.8185997,-4.99286,-1.404189,1.6882375,-0.18913144,-3.836174,-2.522393,-0.2956855,3.9002395,-2.0029144,0.65179074,1.7906083,-6.7281094,-3.503118,1.1739951,1.700833,4.246639,3.234397,0.06573062,-0.7612336,6.733768,-6.5259156,-2.9934354,-2.3304486,2.0084493,-5.546398,-3.6777503,0.8247602,3.875236,2.8802671,0.48823553,0.08752075,-0.5252854,-0.4796103,1.5303422,0.8672488,0.99775827,0.9274229
ZBED3,119.361664,-2.8846736,-27.364168,-13.294035,-9.626227,9.157445,-8.875812,-10.131983,6.791147,-7.8916936,7.9464407,0.22348228,1.7936425,7.061331,-10.46389,-3.4989624,-9.598023,-0.6291622,0.93403256,5.2110353,-6.085604,-3.1127255,-1.4099579,7.5737014,-1.270821,-0.99038404,4.308085,-3.0887651,-4.916476,-3.2664962,-1.1587043,-2.4680963,-2.1629229,0.30409235,-5.5427184,1.4572978,2.2714684,-2.1010432,-1.000612,-2.3810678,2.262534,2.4919505,1.5368336,-0.23278068,-2.5097308,1.5958103,0.030019691,-0.5685967,0.41406858,0.63107073,-0.4389981,2.7081044,0.44515404,-2.4094656,1.1006963,-4.4441037,4.7255616,0.69967586,2.1126893,0.6905988,-2.6577573,-1.3724905,1.0356495,-0.17847377,-1.5933326,1.4377202,-0.9766672,2.3739357,0.8240278,-0.062021144
ZBTB1,-14.763432,-17.180552,2.0666919,-6.3969517,-1.7662115,7.7531905,-2.867117,-2.5375934,-1.7577794,6.9316807,-1.4272436,1.3294203,2.9569857,-0.99402463,-5.157381,-0.81185997,4.8500924,-1.1519309,0.9014448,6.083282,0.24541809,1.8201537,0.55063164,-2.719733,1.0061193,0.8706469,-0.3075192,2.6925242,-0.40851933,-0.40198037,-5.7917385,0.41054106,2.4227598,-0.36545604,-2.2266338,3.6718862,-2.6567483,-4.241026,0.5703949,-6.4938655,0.6441248,-3.0880718,-2.1496823,5.1747823,0.49759525,-2.6532307,3.5402322,0.6880757,1.0505435,1.3022614,-0.040382512,0.102426164,0.6869837,0.5281151,-3.0441594,0.11202366,-1.7008804,1.8353366,-2.1377583,1.4273428,4.164994,0.3622189,1.64873,-2.8150587,-1.8275867,-1.3271247,-2.364622,-1.7588416,-1.0388877,-1.0282182
ZBTB14,-17.539566,-9.227795,0.93128705,-2.1406057,2.0459728,2.1857157,10.725023,-5.1809044,0.84070194,7.9174037,1.1917343,-0.7005771,1.5693876,1.25429,-5.904883,1.0505877,-2.2501297,0.3668038,-1.8449146,-2.0408885,-3.4091349,-7.003174,0.6394799,-0.048752617,0.8449657,-1.0293018,2.289347,1.909576,-0.95745075,-2.9581914,-3.0410607,0.9504065,0.412117,0.038457572,-0.61617845,1.7878197,-0.28436753,1.8385179,3.156051,-1.1798937,-2.8768609,2.8445916,3.6859248,-3.1496298,-0.49720395,-0.70388836,-1.0047226,2.8473127,-1.0395639,0.5023479,-2.3105683,-2.380824,-2.420024,1.0070956,-4.1212444,-0.5476682,-2.5147688,-2.9759204,-0.55624276,1.3404176,-0.6932661,-0.8555926,-0.078602344,-2.0652356,0.2133056,-1.3451545,1.9600816,0.51726866,1.177113,-0.90330213
ZBTB39,-8.175965,3.5806053,15.778234,-10.73969,-3.2908654,-4.628211,-6.915594,-7.3409877,-9.6240835,-15.95501,-1.0200112,-1.036057,0.7303879,-4.0091352,-1.3628856,2.0565546,3.349674,-4.309392,-1.3497249,-2.0599413,0.5329551,1.4097371,2.5313823,-7.85152,-1.647425,-3.184497,-7.716398,1.8255559,2.0157595,-4.378505,-2.151919,-2.8016465,0.103499256,1.9234632,2.846434,3.3459885,4.7934527,3.4597719,-5.081428,-1.2320684,3.203914,-1.5726017,0.5680747,4.4131956,-3.7862637,2.9079475,1.3749894,-1.908725,1.1378698,0.2906651,3.5879903,0.8148024,-1.1117673,-1.3876423,0.47711694,1.586695,1.3331436,2.7112775,1.8540825,-0.7751146,3.2155683,0.7403786,0.4296281,0.66959625,1.6364931,-0.5898744,-0.5469631,-0.2430484,0.48460254,-2.769457
ZBTB44,-6.2601633,-3.4884624,5.179387,1.6064465,-1.6473641,0.92064923,-8.376595,-4.444623,4.0284724,1.5196974,11.947799,5.113705,-2.996557,-5.532844,2.9056537,-1.2604637,-5.53264,-0.23127219,-0.61102474,-5.0025563,-4.0740047,4.0968027,6.320354,3.2419183,4.0755625,3.1919005,1.9643275,3.5306494,-0.09250942,-1.3431089,3.898945,0.7045863,-1.0254664,-5.2200403,2.2911692,1.2821697,3.1426833,-1.305169,2.737135,3.674827,-4.441665,-5.378358,-1.1360484,-0.45999923,1.7169591,-2.5562844,-4.1683455,2.4964738,-2.1000485,-2.3545036,-2.2398968,1.5738347,1.967378,-6.459218,-2.7834876,-4.577825,-2.2503266,1.2285771,-2.3394058,-1.9173106,3.5790539,0.7463784,0.10644825,2.1197338,2.6103983,-2.5498807,0.38103184,-0.9273049,-0.38343978,2.9822395
ZC3H10,-7.971338,-5.179118,-0.8742882,4.7803216,10.444447,-2.419093,10.46883,-5.507673,3.3639774,-2.215898,-4.462817,-1.1513339,-5.917557,-7.025916,-9.148506,-3.5679758,-11.481094,2.3160112,0.76158667,-4.5545163,-6.06262,-4.975879,0.2931194,-0.91650957,0.42992425,-0.16944514,-1.5493997,-0.34531727,4.799272,-0.21670817,-5.380344,4.5766683,-3.4489174,-1.9085,1.7707171,1.3034511,0.37265128,0.49954942,3.110413,1.9103025,-0.66974527,1.0026886,-1.0534604,2.7061753,-0.03620998,2.3636305,-3.706232,4.726997,-1.4219517,-1.4957442,-2.5253448,1.2995596,-2.6100717,0.88740647,0.23139897,-3.7882197,-1.9455602,0.65107834,5.372434,-3.6632295,-2.2914627,1.681598,2.653136,1.0567853,1.8932791,-1.9627975,-0.109420486,0.24930276,4.2743936,1.1314858
ZC3H12A,-12.892848,-20.469261,11.411087,8.65142,-1.6876857,-5.7537494,-14.501931,-7.6060896,9.081923,-2.5759065,9.848059,-2.9793768,2.0021267,0.6901489,1.7850213,0.25012392,-7.821204,-5.876378,1.9262435,-4.588041,-2.0935435,-0.64422286,-1.1352018,0.02933199,2.2039802,2.2822893,-2.7014754,2.4760675,-4.2195067,-0.45271954,-3.4545784,-8.872362,-2.7938728,-0.8650663,-2.0856068,0.6381842,-5.5543666,-1.1889219,0.0905207,-2.5650897,-1.9503888,-2.5482335,0.3577437,1.1632477,7.7796693,-3.660772,-1.43426,-2.3274014,2.1369915,-6.565849,-0.80027574,6.208973,-1.6644484,5.6467004,-1.4560616,0.98728055,-6.10792,2.89482,-0.55322295,2.0217662,1.4157547,-4.599562,-0.6679057,2.2133415,0.52648646,4.5013313,1.0285245,-0.625852,0.3853524,-3.5353851
ZC3H3,-0.2122978,-10.088516,8.679363,-7.1812186,3.3577576,-1.0036949,2.3306875,-1.4899405,-1.3715824,-2.8113387,1.0631193,4.547666,1.8112906,4.236382,0.60060066,2.668099,4.2054687,4.4352393,2.9351149,6.465839,-3.1371644,0.115422845,-0.5459459,6.2569017,1.4024532,2.7150726,-1.0560899,-3.2594836,4.7511315,3.0660825,-1.7019293,1.9239843,2.2220523,5.574405,4.0430956,3.1983666,-7.313985,12.921826,-0.75622475,-9.637216,3.0028725,-0.33994567,-0.9259725,-2.5816393,1.1188289,-1.248459,3.116273,0.47553855,-1.2013868,6.989391,2.74283,5.697118,-1.4642789,2.4120207,0.6834403,-1.6419222,0.33526593,-0.2918025,1.3302264,-5.009509,-3.9541245,-1.0218947,2.45377,-0.1037939,-2.9812396,-0.13025773,0.25487956,1.6510289,-0.3367104,-4.1880383
ZCCHC8,-14.378813,-5.188662,-9.971755,-6.6821814,-2.268428,0.1682186,1.7094277,-8.147727,-8.385383,1.0944613,0.8271965,8.231311,1.9010085,4.6930428,0.042082503,2.6101227,5.997043,-0.31321573,1.6603112,2.4160535,-0.42970878,0.4370833,4.396424,4.367813,0.78446716,2.5269117,-2.3638759,-4.8193264,1.3806992,3.923562,0.1320765,-0.24572289,0.9699769,-1.7607571,-0.56100476,0.21751346,-5.551221,7.5767493,3.9535093,-0.20097727,-1.6888634,-1.4766624,-0.05429001,-2.3974538,-1.6537437,-2.3603284,2.040091,0.7831588,-0.8472007,3.6862662,0.6989531,1.3630244,-3.568437,1.5144922,-0.9810261,-0.37830082,-1.2521143,2.5075161,2.044876,-2.632366,0.75839984,2.0381732,1.9944404,-0.32593417,-0.015604231,-2.422081,0.2513941,-1.2746918,-2.3277605,1.4312662
ZCRB1,-0.60723674,-5.048633,-4.9557486,-0.3978957,-4.237441,5.4995008,2.8325725,-8.390702,12.478895,2.4671373,-6.2034817,-1.895359,-2.471336,3.981595,1.1288776,5.330734,1.0455106,0.3946314,-6.850833,0.055163484,6.4987445,-0.7570052,1.5335953,-0.39154956,6.908573,1.7034348,-0.9687754,3.4321506,4.907227,-0.6704835,-4.0557485,1.9085363,5.00652,2.006845,-0.44865227,0.23988408,2.185739,5.001524,2.9056463,1.1389742,-0.90461636,2.1539028,-2.249417,-0.76479137,-2.7506204,-4.0748158,-0.17276722,0.02690159,-0.06110926,-2.8881538,-2.8072643,-0.12188186,0.3028171,3.3840673,4.842328,1.0556917,0.96706945,1.9676017,-0.9141377,0.14941807,3.9608119,-1.0593784,1.0539211,-0.21998475,1.9790223,-1.5572821,1.0062389,-1.0364238,-0.5066769,0.12959504
ZEB1,-18.939539,-26.773142,-9.067252,6.2913647,-4.792801,0.8947667,-4.108321,-0.68443996,-6.0951366,-6.359072,-1.5067252,-5.651904,-1.8535181,0.75200784,1.6006813,4.2920203,5.449656,2.278412,3.045252,2.0156255,2.604264,-2.427387,10.93581,-5.6026707,1.3163731,0.098675385,-0.84944654,1.4517603,-1.7193911,2.0551133,5.0292015,-0.7769882,1.7140934,7.896098,-3.1267266,-3.1358523,1.119127,-2.966509,0.31727937,5.7308707,1.0883701,2.4168143,-2.7044075,0.7994983,-0.7224124,0.80826914,-2.777058,6.2426786,1.3157765,5.6392713,4.206427,-0.02507348,1.8158786,-2.7488897,-0.9183725,-7.086621,5.1216025,1.8207432,3.7079043,3.2684386,1.8905313,-2.2249548,-4.8709846,-3.916977,-0.9749822,0.7222709,-0.32435748,-0.56657237,-4.5138636,7.2018733
ZFC3H1,-22.592093,9.7576275,-0.8120687,-6.0073133,0.762948,-0.11046648,4.9119544,-6.6716943,-1.8464191,-3.861175,2.613856,11.419121,4.3640175,2.1010175,-2.7972178,1.2052311,4.621313,0.21334863,0.5285183,2.8792865,-4.945963,-3.6890328,1.4587566,13.78718,1.6158386,0.69999695,3.861941,-6.066645,4.682956,9.653475,-0.017732244,-1.6161544,8.418304,3.6397197,3.113356,1.530551,-11.090049,12.409371,-2.5602667,-13.006629,5.100498,-1.809525,-1.3122373,-2.1182678,2.4490163,6.7659225,0.8837572,8.514677,-1.0108597,7.3158693,-1.5293176,5.1437254,-4.4346967,2.1917155,2.8566313,-2.5170598,2.171361,0.6525465,4.7446723,-6.457309,-0.57759875,-5.037452,2.0689325,-2.367575,-2.0853987,0.7418748,-4.071985,2.141099,-1.8171848,-3.4509008
ZFPM1,58.698776,15.773054,42.127678,21.605202,27.51245,-5.786418,5.0118723,1.1570098,-10.165697,-12.776026,9.06386,13.368216,0.23446628,-6.0204563,12.70161,2.061115,0.82072264,5.0205197,-0.8667317,2.6359801,-1.7301778,-6.249708,5.060885,-1.3680677,-3.0246074,4.5951853,0.6830685,-2.831173,2.8556142,0.485029,-3.7025847,1.3303578,-4.2430024,1.7300181,-1.4490821,-1.6894758,-0.24288788,3.1104777,3.1579766,-0.7217042,-1.5213717,-3.5930195,5.27709,3.3022945,0.41703117,-0.59014064,3.4878147,-1.0334893,-6.5193925,0.3942627,-6.6604238,-3.728159,1.7239127,2.8274488,1.2207382,-0.52395535,1.5033491,-1.6047089,0.5056788,0.01885516,-0.40814248,3.798606,1.2838148,2.3527913,-0.27363905,-3.4359577,-5.016308,2.1266677,0.15109658,-2.3231506
ZMAT1,8.764238,-12.409513,12.082272,-1.8930601,-0.038426787,-11.811875,-10.189675,2.3279283,8.743963,8.105419,7.496858,7.971554,13.589944,-1.4708352,1.4210173,0.78383356,1.2183678,2.5924346,-1.5072956,-4.446095,4.608174,0.18923047,-0.54405594,1.8783143,1.572079,-5.2990513,-4.956095,3.2155645,1.3672225,5.5498905,4.316381,0.7955938,-1.0084211,-6.535352,-4.3624935,2.6709256,-4.0123267,-2.4850245,3.284023,4.051321,0.5771293,2.9769304,-2.2293105,-1.0304562,1.1954057,2.3722022,-1.8917534,0.66263133,3.4221973,0.2647439,-1.809489,0.15318434,1.5128376,0.109482646,-0.91923136,0.52598286,0.51457715,0.5525271,4.685174,-0.34266064,-2.014541,1.4882946,2.5860934,-0.5052007,-0.23392268,-0.5744976,2.0128229,-3.422254,0.49473408,-3.0642886
ZMYM2,-24.019331,-6.6888223,26.695204,-9.388296,1.1823186,9.438214,-2.0689068,2.098176,6.8158717,9.854192,16.590958,3.6787174,9.259038,-0.6239471,-5.688833,-1.9591541,4.388221,-3.6942365,-4.0954227,-4.8060656,1.2929208,-2.0848532,-1.1216079,6.2298756,-0.22358115,-5.602396,5.176638,-0.66341686,3.1368046,1.9417013,1.4776086,-1.4026939,-2.0083375,3.389484,-0.9636369,-0.728986,-0.011748892,0.73341584,-0.11091953,1.1059241,-0.4142761,-0.65624696,-3.979442,0.78690386,-1.4442722,-2.1135616,-0.08063923,-0.6331135,-4.5727224,-2.3688352,-4.436272,-2.4662902,-5.2552614,-1.1866258,3.323818,2.155897,-1.649798,2.0775688,3.5084221,0.4310497,-0.6973132,1.5596994,-1.6040525,-1.6725757,-2.710726,1.4404647,-4.3150907,0.116554335,-0.66258246,0.38057953
ZNF142,0.27789956,20.415766,-11.047674,-9.94289,19.717506,-5.838285,-5.116512,2.6166263,2.9263678,-4.303126,-0.31475076,-5.2827826,-1.4325804,-1.154352,-4.3552985,3.785761,0.7456609,-3.1037953,4.3082795,-0.7246628,0.13197133,-3.4506133,3.5103266,-0.82261294,-0.807683,-1.3804592,-2.2853794,7.240281,2.8584108,-1.7913145,-0.19496585,-1.2986201,-0.46814224,-0.21333377,-1.8170863,2.6636722,3.1257765,0.99391204,0.58134454,-2.0054495,-3.2341053,0.5564106,0.2648338,0.7190646,-1.449103,1.089985,0.9181157,-0.5757238,1.1770397,-1.0910316,0.02481628,3.146681,0.26686615,1.1520575,2.1271079,-0.8442238,1.7451029,-1.3223588,0.33175638,0.4495124,0.23373325,-1.7487907,0.22499883,2.116872,0.25393593,0.18608105,-0.22449844,-1.653021,-0.8560197,-1.2177224
ZNF148,-18.136011,-21.678316,16.14602,-5.8272405,-6.5411963,3.1761968,-13.128674,2.061467,-1.8160523,-2.133388,10.120939,1.2622238,3.779898,-2.2350776,1.2367066,5.6554093,5.0372467,-2.6822062,-5.2287784,0.8814997,2.4160907,-0.7617951,5.236379,-3.477361,-8.740289,-4.158064,0.84623104,2.8433836,1.6283838,1.3776344,3.2421007,-0.80937713,2.4527173,-2.1379092,-3.3419313,-1.6672481,-2.8460443,1.677522,3.1608088,1.6465175,4.6803427,6.9392834,-6.3382044,-2.4644818,0.57028013,5.3231044,8.713816,0.4732151,-5.628663,-2.091507,-0.017477406,-2.823515,5.926444,0.8245433,3.320092,1.2865961,0.062843256,0.2308687,3.213481,1.877189,-1.8996255,4.3808975,-1.9649321,-3.6603737,-5.001943,2.549852,-3.4650452,-5.128258,1.5666419,2.9690108
ZNF274,-3.207776,-3.531071,5.4953723,-9.756855,2.021973,0.2569126,1.3415625,4.91475,-3.539761,2.1772687,0.2928186,-7.3317027,1.4500899,3.5618045,-5.2999244,0.27612382,-3.6705847,1.3858277,2.0193377,-0.83813983,0.8564459,2.3177755,-2.850735,3.2963436,1.0815104,4.79237,-0.49225274,2.6831691,0.10744554,1.0563877,4.1666956,-6.0154467,-1.3916218,-5.1781764,0.001288372,4.8703156,5.560824,5.8535285,-3.615704,2.0754333,-0.15400177,-0.87960505,-1.2517145,-0.26361123,-2.3839023,-0.73366046,-6.564266,4.359806,-1.3958923,-4.1910906,-0.3604029,0.033751596,-2.3780606,-1.8058835,-1.0221643,0.48817748,1.3308915,-1.5059891,2.2001135,1.0757853,0.70374274,-0.22216122,2.0776777,1.5668707,-4.0602636,2.960167,-0.046954382,4.0931306,-2.7556033,-0.95249605
ZNF280D,8.80528,-5.7848697,7.124813,9.456274,7.3320093,12.643207,1.6019166,-1.684622,-7.576285,-6.195656,-4.4963255,-10.320405,2.3778124,-2.1596532,-2.7028227,2.173574,1.8950388,8.967078,-0.21290728,2.8264024,4.728352,3.011955,0.2821931,-7.1960454,-0.8192525,5.4387856,0.95595914,-0.2575128,4.916161,4.32671,2.8437066,-0.86327606,-2.2058048,0.017045796,2.0109367,-3.4846954,-0.94691074,0.34601626,-0.18139172,2.512712,2.3473408,-1.1496551,-1.7956331,-1.8262633,-2.2505713,1.3055559,2.5813892,-2.395209,-2.496877,2.2982466,1.0314187,2.1270242,-2.181593,-0.7680749,-2.007987,-0.46177098,0.03518075,1.4868301,-3.165579,-1.4538488,-1.265452,1.8568671,-0.36488625,2.0477147,1.9599184,0.70764357,-3.62966,-0.3756895,-2.002315,-1.2641522
ZNF554,-7.9163084,-9.934122,-7.5582185,12.503549,-7.5776515,13.031931,5.3117075,12.015939,7.534485,-11.575446,-0.1074891,6.265489,-9.986178,6.75464,-11.122919,5.342332,5.7249413,-0.69128644,-6.4891253,-5.1717033,4.2246923,7.6108813,6.8767,-3.6525588,0.15278615,-1.9383688,1.5016046,-4.039473,1.5902823,2.352843,-2.3610246,-0.6111872,1.9200869,0.4324312,3.285239,-0.738747,2.4410799,-3.3030527,-0.41134784,-0.8113697,-2.7717,-0.6208835,-2.5239816,2.5839686,1.1277863,-4.1027484,1.167577,-6.194102,2.271207,-1.1351316,-3.7142045,1.8125437,0.2233889,-1.2939699,0.007831159,-0.66242725,-2.0305,-0.063815564,-2.2935584,1.2413896,-0.6381629,1.1050565,-1.6437737,1.8682733,-1.0272521,-0.07784276,-1.6897628,-2.3855617,-0.2099505,0.5824895
ZNF574,-16.88974,-0.1335386,-6.158207,1.4340994,-9.285232,-1.6071545,-3.8079886,-3.7625406,-4.3568573,1.7125287,-2.5844443,-0.63266546,5.3615437,-0.71254134,-0.00624248,1.9275981,-0.65059876,4.7588663,-1.1140218,2.9540558,-0.5131257,0.54340553,5.519587,-5.3959637,-0.18414651,1.017001,3.1297371,-1.904669,1.5686384,-0.6792263,1.0592107,3.2387273,-1.5949429,6.4856305,1.3535613,5.268781,1.7173059,-4.171461,3.3549247,-1.2495071,-0.22203255,-0.3177611,-2.1037323,0.25821915,-1.6134677,0.8196532,1.6862465,3.6623018,-5.855426,1.1176878,3.1266038,1.511254,-0.10873916,0.5544229,-1.3639112,1.6052744,-1.3614298,1.6829315,-0.11083469,0.2440008,-1.3150715,-1.9897903,1.9508135,-0.9969646,1.3513039,1.4907959,4.771639,-1.7668138,-0.19295762,1.5111324
ZNF613,31.699314,2.5330293,30.50874,6.8881903,7.883802,-0.24988881,-0.19889055,0.74199414,4.298998,-0.74915826,-3.2341151,0.15449905,5.7831936,-6.623648,-4.6718383,-0.5178947,1.898506,4.487379,-2.9137998,-4.0151796,5.611121,2.6362894,-3.149384,-4.8613877,0.30811006,-0.8242705,-2.668164,3.1723726,1.264145,5.382342,1.9867333,1.1929249,-3.3517144,-3.314331,-3.5414639,-3.5787387,-7.7339883,-2.6130261,0.6112082,-0.6682443,1.1044575,2.3439307,1.8817009,-0.47241256,0.7962739,2.1692593,3.72943,-1.7560021,-0.49958408,3.448643,1.3109728,2.145503,-4.284461,-3.5464034,-1.5903962,2.1503508,1.8677298,1.4972886,2.6246603,-0.37420267,-3.094183,0.5067921,3.270661,0.6935193,-2.7616012,3.815683,-3.2978182,-1.6866901,-1.2120361,-2.1348007
ZNF641,-8.1940565,-21.957708,14.080951,14.610907,-0.74728143,-7.230057,-18.106121,-1.8140839,8.560845,-5.436768,-3.7537096,2.4143844,-5.678917,8.028629,4.1114964,2.6589906,-4.8630686,-2.7904725,4.554933,0.43383276,-2.1734571,-2.0753648,-0.9964738,-1.8163549,-0.3801202,-1.7882806,-2.0576282,-2.3617551,2.8745313,-3.2934787,0.6755268,2.565679,2.2743013,2.9232066,1.8865811,1.4407632,2.404047,3.4943955,3.9462142,0.7242274,-2.4817643,1.5546187,1.4347464,0.9900577,-0.8124367,-1.6627675,-2.9092863,-0.12175816,-1.1276517,-0.69236314,0.6444895,1.0050817,3.0717363,-0.17412716,-1.6578282,-1.744435,2.218254,1.4559274,1.1568859,1.5514477,-0.16705436,-4.352105,2.0944731,-1.0149156,-1.2794743,-2.4505208,2.367135,0.65826046,0.90343064,2.0016475
ZNF644,0.49109325,-3.6230204,-11.732254,6.2484393,-5.570863,-10.69377,3.1979558,6.9027705,-9.48913,3.4559848,-4.611272,9.2221985,-9.284896,-5.8244333,-3.1156125,-5.973071,-9.636183,-1.0898635,12.571134,-2.4395866,-1.7970779,2.061172,-5.3674774,3.0394797,0.95168245,-3.3422928,0.034266494,-0.792186,0.8374417,2.002967,-0.64279413,2.257811,0.441609,1.6562313,-5.7120576,4.1469574,-4.5937514,-4.21103,-6.9215074,-1.3368086,4.4065747,3.5962703,6.6286173,0.87806565,6.150802,-2.4719684,5.223664,-0.94578713,0.032941353,5.5150967,2.2719247,-0.9465925,6.520797,0.74230325,0.559665,3.6697414,2.0742483,2.5786953,-4.223148,-1.1712085,-0.97245705,1.5149524,-1.4694904,1.0337362,-2.856841,0.7545471,1.0137148,-1.1670593,0.077019416,1.7893419
ZNF649,-33.74658,-12.17378,19.69469,-1.5331805,1.337598,1.083451,-5.4494843,-4.4588976,2.5682034,-1.4333987,14.969545,8.509268,11.219462,4.534679,-0.47268447,0.12907788,-1.1582637,-9.2233715,-3.0954008,-6.1042457,1.768371,4.4903135,-4.343564,2.4337175,-4.645608,-3.1458888,-2.2903233,1.1191849,2.5074787,5.790834,-0.033351302,-1.8835195,-4.7286243,2.8434777,0.115540154,-0.73169017,0.28229472,2.2650588,-2.8652623,0.23468968,-0.56931335,4.918631,0.83806795,-1.9261638,-5.668842,0.5499105,-0.3260851,-0.7709562,-1.1752274,-2.2842677,-1.0971649,0.9298529,-0.6710316,-0.23470241,1.3413092,0.8657285,-3.6815858,1.9091457,-0.4621888,-1.2003123,0.20008321,1.9269744,2.445691,-4.830654,-3.5277917,0.05439573,-2.7014577,1.3502082,1.6715051,0.33324564
ZNF703,1.2186431,8.029137,11.011266,-3.255654,2.2400842,9.253171,12.212696,10.808787,5.7645855,-9.2424135,3.5124989,-1.826317,8.966765,1.404831,23.041996,6.6734724,-3.3163276,-4.530125,0.92762434,5.588843,-3.667037,-5.665597,-1.3494481,-1.1016164,-0.65784156,3.1641388,-9.364417,2.192153,1.1768693,-7.4367757,-0.5119102,0.44551706,-8.526523,-1.1361314,4.4947853,4.7160587,0.14278062,-1.1550347,0.5975782,-5.482524,-3.208591,1.1540906,-0.2306965,-5.803034,3.1625667,-2.4018788,2.079059,1.9840444,-3.1404762,0.15379345,0.08681959,-0.75783545,-0.89150995,1.5109559,1.4500252,0.12759432,-0.3412592,2.3633559,-0.6380573,0.18586218,-1.4295045,1.5163753,-0.7899656,-0.8643442,0.053627644,-2.8979135,2.243016,-0.28403395,-3.1370494,2.9038234
ZNF710,-12.367651,-1.8318474,-13.680789,12.354633,-15.666458,-3.6210816,-6.75128,0.19875248,4.8063345,1.9199398,-0.95005363,7.6178284,-0.98016566,-5.286933,-3.1142108,-3.2904449,1.1526324,1.9404452,0.123930484,-2.4231837,-5.4393497,-4.561223,0.66255224,-4.855507,-2.5491216,-1.6233771,1.0683372,2.3461177,0.32317916,1.8177283,-1.9635273,0.6505496,-0.4252487,-5.665389,-1.6941602,-2.57545,-2.9598587,1.0261045,0.33589223,-2.5320616,-0.30100033,3.7133617,-0.33209786,-0.56276685,-0.64545214,0.9845444,2.5450575,-1.5991089,0.57327545,-0.2419209,0.31230998,2.5483463,1.9290043,2.8376768,-2.8790061,-3.7763789,-1.4234935,-0.78872085,1.2731054,2.5781858,-0.9717242,-3.095259,-4.713343,-0.22102822,1.6629586,1.121422,-1.3079756,2.1861782,-2.0360317,2.2628615
ZNF829,-3.0986834,-2.3911252,-0.3672233,0.6861735,-4.0639086,-5.6794863,1.3328127,-2.208757,-3.3924043,1.5626792,-2.3302214,3.236483,1.703568,-4.1920633,-3.3445911,-1.2761041,0.5421549,-2.6989973,1.9904165,-6.771857,-3.855115,-4.7078114,-2.3727498,0.68098676,-1.4362079,0.8937923,-2.1414092,0.07815587,2.108382,1.2984191,-0.16217357,1.1930689,-0.23895639,-2.4348848,-0.57714635,-0.26299602,-0.5223068,2.3455696,-0.6867284,0.24219087,-2.0640824,3.3416827,3.2487795,-0.469993,0.70668447,-4.8077984,-1.2312734,-0.9308721,3.6332011,2.691308,3.1335783,2.6368535,-0.14896628,-1.5405616,-2.193903,-2.3445096,0.13848029,-1.9804392,-2.8108864,-1.606177,1.8677446,0.71016324,2.2656624,-0.21282434,-1.3544668,1.3296624,0.9731462,0.7712749,1.1955497,-0.2348858
ZNF92,-29.44115,-16.438423,5.7546525,12.043803,-3.1414313,-5.88794,-15.781541,-6.6476507,-0.52022606,-9.327159,-3.2577102,0.19810893,-6.9429684,5.3175917,1.4080257,1.949448,-6.9509497,-2.9336429,0.4218178,6.227037,-0.9295236,-6.0175505,-6.7557235,-2.479071,-4.252974,-3.368719,-2.7601547,-8.52131,-0.29252005,-0.0011071484,5.781328,5.57891,-0.2737399,3.4228206,0.80319995,-2.3197381,0.6617417,0.044089463,0.24851641,0.053314496,0.08117064,3.0819364,-4.0613837,4.124641,0.10436866,-0.97092724,1.5354966,-1.4375358,-3.3438208,0.4322064,-2.1213558,-1.3526293,-0.7136662,-1.3964269,0.59619915,0.05082644,4.926314,1.6047227,3.0779793,-1.0605453,1.2490036,1.3509431,3.106976,0.13121043,-1.6022499,-3.5334902,2.80297,-0.5939227,-0.04624301,-1.5839062
ZRANB2,-9.6264,3.4447098,11.210269,-10.461147,-2.7231874,2.7203035,-1.9573908,-0.73090637,2.016997,8.541422,-4.6219506,1.4577165,-6.6262507,6.834331,-2.2303555,2.500387,-0.587906,-0.57119995,1.3253229,3.290412,-1.1395661,-4.2438364,0.16229904,0.47183666,1.1699908,4.213314,4.3407655,0.38696784,-3.7557178,0.40948018,-1.7824228,-0.5382857,-0.5515589,-2.4280057,-4.5153584,2.28314,1.8226159,1.096571,2.7259924,6.3759823,0.61468923,0.8843882,1.8873779,-1.7149796,-0.40703934,-3.0438929,-2.6479604,0.16925536,1.0248494,2.1020668,-2.29491,1.7438713,1.961346,-0.13016804,-2.861395,-0.06528934,3.3104146,-2.0541208,-1.8914638,-2.1017396,1.2720807,-1.0589162,0.58516777,-1.6144794,0.5974702,-1.2246165,0.38596874,0.24150914,0.36417195,1.6716871
